fetched_utc,route_id,direction,length_m,travel_s,freeflow_s,delay_s
2026-07-23T14:36:36Z,strovolou,ab,5400,621,504,0
2026-07-23T14:36:36Z,strovolou,ba,5074,783,557,0
2026-07-23T14:36:36Z,tseriou,ab,3240,367,284,0
2026-07-23T14:36:36Z,tseriou,ba,3739,538,372,0
2026-07-23T14:36:36Z,prodromou,ab,2418,302,254,0
2026-07-23T14:36:36Z,prodromou,ba,2414,363,299,0
2026-07-23T15:44:31Z,strovolou,ab,5400,598,504,0
2026-07-23T15:44:31Z,strovolou,ba,4712,569,404,0
2026-07-23T15:44:31Z,tseriou,ab,2555,360,225,0
2026-07-23T15:44:31Z,tseriou,ba,3739,499,372,0
2026-07-23T15:44:31Z,prodromou,ab,2418,293,254,0
2026-07-23T15:44:31Z,prodromou,ba,2414,349,299,0
2026-07-23T15:44:31Z,akropoleos,ab,7073,807,590,0
2026-07-23T15:44:31Z,akropoleos,ba,5145,803,479,162
2026-07-23T15:44:31Z,athalassas,ab,2793,438,282,0
2026-07-23T15:44:31Z,athalassas,ba,6037,763,534,0
2026-07-23T15:44:31Z,lemesou,ab,2014,409,213,116
2026-07-23T15:44:31Z,lemesou,ba,2007,265,196,0
2026-07-23T15:44:31Z,sp_kyprianou,ab,6489,771,585,0
2026-07-23T15:44:31Z,sp_kyprianou,ba,6573,753,627,0
2026-07-23T15:44:31Z,archangelou,ab,7265,646,523,0
2026-07-23T15:44:31Z,archangelou,ba,6911,671,591,0
2026-07-23T15:44:31Z,konstantinoup,ab,2628,309,291,0
2026-07-23T15:44:31Z,konstantinoup,ba,2629,335,313,0
2026-07-23T15:44:31Z,stavrou,ab,2187,275,208,0
2026-07-23T15:44:31Z,stavrou,ba,2245,243,206,0
2026-07-23T15:44:31Z,makedonitissas,ab,2904,466,408,0
2026-07-23T15:44:31Z,makedonitissas,ba,2705,322,290,0
2026-07-23T15:44:31Z,armenias,ab,1079,145,119,0
2026-07-23T15:44:31Z,armenias,ba,1264,251,186,0
2026-07-23T15:44:31Z,arch_kyprianou,ab,1701,296,215,0
2026-07-23T15:44:31Z,arch_kyprianou,ba,1726,292,202,0
2026-07-23T15:44:31Z,a1_motorway,ab,10597,924,349,569
2026-07-23T15:44:31Z,a1_motorway,ba,21830,1477,1387,15
2026-07-23T15:44:31Z,makariou_lakat,ab,5849,668,516,0
2026-07-23T15:44:31Z,makariou_lakat,ba,6901,710,583,0
2026-07-23T15:44:31Z,griva_digeni,ab,4212,563,441,0
2026-07-23T15:44:31Z,griva_digeni,ba,5350,819,681,0
2026-07-23T15:44:31Z,aglantzias,ab,1775,211,177,0
2026-07-23T15:44:31Z,aglantzias,ba,3098,465,372,0
2026-07-23T15:44:31Z,kranidioti,ab,1458,111,105,0
2026-07-23T15:44:31Z,kranidioti,ba,1652,129,117,0
2026-07-23T15:44:31Z,perimetrikos,ab,2510,249,229,0
2026-07-23T15:44:31Z,perimetrikos,ba,2094,189,164,0
2026-07-23T15:44:31Z,hatziiosif,ab,2049,452,195,190
2026-07-23T15:44:31Z,hatziiosif,ba,2045,281,202,0
2026-07-23T15:44:31Z,perikleous,ab,2238,371,232,0
2026-07-23T15:44:31Z,perikleous,ba,2649,349,273,0
2026-07-23T15:44:31Z,avraamidi,ab,1264,182,140,0
2026-07-23T15:44:31Z,avraamidi,ba,1266,196,150,0
2026-07-23T15:44:31Z,athinon,ab,1573,240,204,0
2026-07-23T15:44:31Z,athinon,ba,1040,250,134,0
2026-07-23T15:44:31Z,tasou_markou,ab,544,79,70,0
2026-07-23T15:44:31Z,tasou_markou,ba,492,54,55,0
2026-07-23T15:44:31Z,peiraios,ab,590,97,71,0
2026-07-23T15:44:31Z,peiraios,ba,590,91,64,0
2026-07-23T15:54:57Z,strovolou,ab,5400,592,504,0
2026-07-23T15:54:57Z,strovolou,ba,4712,551,404,0
2026-07-23T15:54:57Z,tseriou,ab,2555,343,225,0
2026-07-23T15:54:57Z,tseriou,ba,3739,489,372,0
2026-07-23T15:54:57Z,prodromou,ab,2418,290,254,0
2026-07-23T15:54:57Z,prodromou,ba,2414,344,299,0
2026-07-23T15:54:57Z,akropoleos,ab,7329,776,575,0
2026-07-23T15:54:57Z,akropoleos,ba,5145,733,479,118
2026-07-23T15:54:57Z,athalassas,ab,2793,423,282,0
2026-07-23T15:54:57Z,athalassas,ba,6037,744,534,0
2026-07-23T15:54:57Z,lemesou,ab,2014,314,213,0
2026-07-23T15:54:57Z,lemesou,ba,2007,258,196,0
2026-07-23T15:54:57Z,sp_kyprianou,ab,6489,748,585,0
2026-07-23T15:54:57Z,sp_kyprianou,ba,6573,742,627,0
2026-07-23T15:54:57Z,archangelou,ab,7265,628,523,0
2026-07-23T15:54:57Z,archangelou,ba,6911,663,591,0
2026-07-23T15:54:57Z,konstantinoup,ab,2628,306,291,0
2026-07-23T15:54:57Z,konstantinoup,ba,2629,332,313,0
2026-07-23T15:54:57Z,stavrou,ab,2187,269,208,0
2026-07-23T15:54:57Z,stavrou,ba,2245,241,206,0
2026-07-23T15:54:57Z,makedonitissas,ab,2904,456,408,0
2026-07-23T15:54:57Z,makedonitissas,ba,2705,316,290,0
2026-07-23T15:54:57Z,armenias,ab,1079,142,119,0
2026-07-23T15:54:57Z,armenias,ba,1079,195,132,0
2026-07-23T15:54:57Z,arch_kyprianou,ab,1701,287,215,0
2026-07-23T15:54:57Z,arch_kyprianou,ba,1726,283,202,0
2026-07-23T15:54:57Z,a1_motorway,ab,10597,820,349,465
2026-07-23T15:54:57Z,a1_motorway,ba,21830,1696,1387,250
2026-07-23T15:54:57Z,makariou_lakat,ab,5849,653,516,0
2026-07-23T15:54:57Z,makariou_lakat,ba,6901,701,583,0
2026-07-23T15:54:57Z,griva_digeni,ab,4212,550,441,0
2026-07-23T15:54:57Z,griva_digeni,ba,5350,809,681,0
2026-07-23T15:54:57Z,aglantzias,ab,1775,208,177,0
2026-07-23T15:54:57Z,aglantzias,ba,3098,457,372,0
2026-07-23T15:54:57Z,kranidioti,ab,1458,110,105,0
2026-07-23T15:54:57Z,kranidioti,ba,1652,126,117,0
2026-07-23T15:54:57Z,perimetrikos,ab,2510,248,229,0
2026-07-23T15:54:57Z,perimetrikos,ba,2094,187,164,0
2026-07-23T15:54:57Z,hatziiosif,ab,2049,447,195,190
2026-07-23T15:54:57Z,hatziiosif,ba,2045,273,202,0
2026-07-23T15:54:57Z,perikleous,ab,2238,357,232,0
2026-07-23T15:54:57Z,perikleous,ba,2649,344,273,0
2026-07-23T15:54:57Z,avraamidi,ab,1264,179,140,0
2026-07-23T15:54:57Z,avraamidi,ba,1266,192,150,0
2026-07-23T15:54:57Z,athinon,ab,1573,238,204,0
2026-07-23T15:54:57Z,athinon,ba,1040,247,134,0
2026-07-23T15:54:57Z,tasou_markou,ab,544,78,70,0
2026-07-23T15:54:57Z,tasou_markou,ba,492,54,55,0
2026-07-23T15:54:57Z,peiraios,ab,590,94,71,0
2026-07-23T15:54:57Z,peiraios,ba,590,87,64,0
2026-07-23T16:05:22Z,strovolou,ab,5400,592,504,0
2026-07-23T16:05:22Z,strovolou,ba,4712,548,404,0
2026-07-23T16:05:22Z,tseriou,ab,2555,340,225,0
2026-07-23T16:05:22Z,tseriou,ba,3739,490,372,0
2026-07-23T16:05:22Z,prodromou,ab,2418,291,254,0
2026-07-23T16:05:22Z,prodromou,ba,2414,345,299,0
2026-07-23T16:05:22Z,akropoleos,ab,7329,771,575,0
2026-07-23T16:05:22Z,akropoleos,ba,8177,723,595,0
2026-07-23T16:05:22Z,athalassas,ab,2793,425,282,0
2026-07-23T16:05:22Z,athalassas,ba,7142,702,587,0
2026-07-23T16:05:22Z,lemesou,ab,2014,309,213,0
2026-07-23T16:05:22Z,lemesou,ba,2007,256,196,0
2026-07-23T16:05:22Z,sp_kyprianou,ab,6489,743,585,0
2026-07-23T16:05:22Z,sp_kyprianou,ba,6573,747,627,0
2026-07-23T16:05:22Z,archangelou,ab,7265,624,523,0
2026-07-23T16:05:22Z,archangelou,ba,6911,666,591,0
2026-07-23T16:05:22Z,konstantinoup,ab,2628,308,291,0
2026-07-23T16:05:22Z,konstantinoup,ba,2629,333,313,0
2026-07-23T16:05:22Z,stavrou,ab,2187,267,208,0
2026-07-23T16:05:22Z,stavrou,ba,2245,242,206,0
2026-07-23T16:05:22Z,makedonitissas,ab,2904,455,408,0
2026-07-23T16:05:22Z,makedonitissas,ba,2705,314,290,0
2026-07-23T16:05:22Z,armenias,ab,1079,143,119,0
2026-07-23T16:05:22Z,armenias,ba,1079,194,132,0
2026-07-23T16:05:22Z,arch_kyprianou,ab,1701,286,215,0
2026-07-23T16:05:22Z,arch_kyprianou,ba,1726,284,202,0
2026-07-23T16:05:22Z,a1_motorway,ab,10597,818,349,464
2026-07-23T16:05:22Z,a1_motorway,ba,21830,1593,1387,145
2026-07-23T16:05:22Z,makariou_lakat,ab,5849,650,516,0
2026-07-23T16:05:22Z,makariou_lakat,ba,6901,699,583,0
2026-07-23T16:05:22Z,griva_digeni,ab,4212,551,441,0
2026-07-23T16:05:22Z,griva_digeni,ba,5350,807,681,0
2026-07-23T16:05:22Z,aglantzias,ab,1775,210,177,0
2026-07-23T16:05:22Z,aglantzias,ba,3098,456,372,0
2026-07-23T16:05:22Z,kranidioti,ab,1458,110,105,0
2026-07-23T16:05:22Z,kranidioti,ba,1652,126,117,0
2026-07-23T16:05:22Z,perimetrikos,ab,2510,248,229,0
2026-07-23T16:05:22Z,perimetrikos,ba,2094,187,164,0
2026-07-23T16:05:22Z,hatziiosif,ab,2049,448,195,190
2026-07-23T16:05:22Z,hatziiosif,ba,2045,274,202,0
2026-07-23T16:05:22Z,perikleous,ab,2238,355,232,0
2026-07-23T16:05:22Z,perikleous,ba,2649,343,273,0
2026-07-23T16:05:22Z,avraamidi,ab,1264,180,140,0
2026-07-23T16:05:22Z,avraamidi,ba,1266,192,150,0
2026-07-23T16:05:22Z,athinon,ab,1573,238,204,0
2026-07-23T16:05:22Z,athinon,ba,1040,248,134,0
2026-07-23T16:05:22Z,tasou_markou,ab,544,78,70,0
2026-07-23T16:05:22Z,tasou_markou,ba,492,54,55,0
2026-07-23T16:05:22Z,peiraios,ab,590,95,71,0
2026-07-23T16:05:22Z,peiraios,ba,590,87,64,0
2026-07-23T17:06:11Z,strovolou,ab,5400,569,504,0
2026-07-23T17:06:11Z,strovolou,ba,4712,499,404,0
2026-07-23T17:06:11Z,tseriou,ab,2555,305,225,0
2026-07-23T17:06:11Z,tseriou,ba,3739,459,372,0
2026-07-23T17:06:11Z,prodromou,ab,2418,281,254,0
2026-07-23T17:06:11Z,prodromou,ba,2414,329,299,0
2026-07-23T17:06:11Z,akropoleos,ab,5010,609,463,0
2026-07-23T17:06:11Z,akropoleos,ba,5145,603,479,0
2026-07-23T17:06:11Z,athalassas,ab,2793,387,282,0
2026-07-23T17:06:11Z,athalassas,ba,6037,673,534,0
2026-07-23T17:06:11Z,lemesou,ab,2014,269,213,0
2026-07-23T17:06:11Z,lemesou,ba,2007,240,196,0
2026-07-23T17:06:11Z,sp_kyprianou,ab,6489,684,585,0
2026-07-23T17:06:11Z,sp_kyprianou,ba,6573,718,627,0
2026-07-23T17:06:11Z,archangelou,ab,7265,586,523,0
2026-07-23T17:06:11Z,archangelou,ba,6911,655,591,0
2026-07-23T17:06:11Z,konstantinoup,ab,2628,307,291,0
2026-07-23T17:06:11Z,konstantinoup,ba,2629,330,313,0
2026-07-23T17:06:11Z,stavrou,ab,2187,248,208,0
2026-07-23T17:06:11Z,stavrou,ba,2245,232,206,0
2026-07-23T17:06:11Z,makedonitissas,ab,2797,430,391,0
2026-07-23T17:06:11Z,makedonitissas,ba,2705,303,290,0
2026-07-23T17:06:11Z,armenias,ab,1079,138,119,0
2026-07-23T17:06:11Z,armenias,ba,1079,178,132,0
2026-07-23T17:06:11Z,arch_kyprianou,ab,1701,256,215,0
2026-07-23T17:06:11Z,arch_kyprianou,ba,1726,260,202,0
2026-07-23T17:06:11Z,a1_motorway,ab,10597,552,349,186
2026-07-23T17:06:11Z,a1_motorway,ba,21688,1568,1465,0
2026-07-23T17:06:11Z,makariou_lakat,ab,5849,614,516,0
2026-07-23T17:06:11Z,makariou_lakat,ba,6901,666,583,0
2026-07-23T17:06:11Z,griva_digeni,ab,4212,515,441,0
2026-07-23T17:06:11Z,griva_digeni,ba,5350,772,681,0
2026-07-23T17:06:11Z,aglantzias,ab,1775,203,177,0
2026-07-23T17:06:11Z,aglantzias,ba,3098,434,372,0
2026-07-23T17:06:11Z,kranidioti,ab,1458,108,105,0
2026-07-23T17:06:11Z,kranidioti,ba,1652,122,117,0
2026-07-23T17:06:11Z,perimetrikos,ab,2510,250,229,0
2026-07-23T17:06:11Z,perimetrikos,ba,2094,177,164,0
2026-07-23T17:06:11Z,hatziiosif,ab,2049,284,195,0
2026-07-23T17:06:11Z,hatziiosif,ba,2045,251,202,0
2026-07-23T17:06:11Z,perikleous,ab,2238,313,232,0
2026-07-23T17:06:11Z,perikleous,ba,2649,325,273,0
2026-07-23T17:06:11Z,avraamidi,ab,1264,173,140,0
2026-07-23T17:06:11Z,avraamidi,ba,1266,179,150,0
2026-07-23T17:06:11Z,athinon,ab,1573,228,204,0
2026-07-23T17:06:11Z,athinon,ba,1040,222,134,0
2026-07-23T17:06:11Z,tasou_markou,ab,544,78,70,0
2026-07-23T17:06:11Z,tasou_markou,ba,492,54,55,0
2026-07-23T17:06:11Z,peiraios,ab,590,91,71,0
2026-07-23T17:06:11Z,peiraios,ba,590,76,64,0
2026-07-23T18:07:00Z,strovolou,ab,5400,557,504,0
2026-07-23T18:07:00Z,strovolou,ba,4712,465,404,0
2026-07-23T18:07:00Z,tseriou,ab,2555,275,225,0
2026-07-23T18:07:00Z,tseriou,ba,3739,435,372,0
2026-07-23T18:07:00Z,prodromou,ab,2418,277,254,0
2026-07-23T18:07:00Z,prodromou,ba,2414,322,299,0
2026-07-23T18:07:00Z,akropoleos,ab,5010,553,463,0
2026-07-23T18:07:00Z,akropoleos,ba,5145,554,479,0
2026-07-23T18:07:00Z,athalassas,ab,2793,346,282,0
2026-07-23T18:07:00Z,athalassas,ba,6037,621,534,0
2026-07-23T18:07:00Z,lemesou,ab,2014,246,213,0
2026-07-23T18:07:00Z,lemesou,ba,2007,223,196,0
2026-07-23T18:07:00Z,sp_kyprianou,ab,6489,648,585,0
2026-07-23T18:07:00Z,sp_kyprianou,ba,6573,692,627,0
2026-07-23T18:07:00Z,archangelou,ab,7265,572,523,0
2026-07-23T18:07:00Z,archangelou,ba,6911,653,591,0
2026-07-23T18:07:00Z,konstantinoup,ab,2628,311,291,0
2026-07-23T18:07:00Z,konstantinoup,ba,2629,329,313,0
2026-07-23T18:07:00Z,stavrou,ab,2187,235,208,0
2026-07-23T18:07:00Z,stavrou,ba,2245,227,206,0
2026-07-23T18:07:00Z,makedonitissas,ab,3632,433,395,0
2026-07-23T18:07:00Z,makedonitissas,ba,2705,303,290,0
2026-07-23T18:07:00Z,armenias,ab,1079,135,119,0
2026-07-23T18:07:00Z,armenias,ba,1079,158,132,0
2026-07-23T18:07:00Z,arch_kyprianou,ab,1701,240,215,0
2026-07-23T18:07:00Z,arch_kyprianou,ba,1726,233,202,0
2026-07-23T18:07:00Z,a1_motorway,ab,10597,364,349,0
2026-07-23T18:07:00Z,a1_motorway,ba,21688,1555,1465,0
2026-07-23T18:07:00Z,makariou_lakat,ab,5849,578,516,0
2026-07-23T18:07:00Z,makariou_lakat,ba,6901,643,583,0
2026-07-23T18:07:00Z,griva_digeni,ab,4212,490,441,0
2026-07-23T18:07:00Z,griva_digeni,ba,5350,744,681,0
2026-07-23T18:07:00Z,aglantzias,ab,1775,199,177,0
2026-07-23T18:07:00Z,aglantzias,ba,3098,410,372,0
2026-07-23T18:07:00Z,kranidioti,ab,1458,109,105,0
2026-07-23T18:07:00Z,kranidioti,ba,1652,125,117,0
2026-07-23T18:07:00Z,perimetrikos,ab,2510,251,229,0
2026-07-23T18:07:00Z,perimetrikos,ba,2094,174,164,0
2026-07-23T18:07:00Z,hatziiosif,ab,2049,251,195,0
2026-07-23T18:07:00Z,hatziiosif,ba,2045,231,202,0
2026-07-23T18:07:00Z,perikleous,ab,2238,277,232,0
2026-07-23T18:07:00Z,perikleous,ba,2649,307,273,0
2026-07-23T18:07:00Z,avraamidi,ab,1264,166,140,0
2026-07-23T18:07:00Z,avraamidi,ba,1266,170,150,0
2026-07-23T18:07:00Z,athinon,ab,1573,221,204,0
2026-07-23T18:07:00Z,athinon,ba,1040,190,134,0
2026-07-23T18:07:00Z,tasou_markou,ab,544,76,70,0
2026-07-23T18:07:00Z,tasou_markou,ba,492,56,55,0
2026-07-23T18:07:00Z,peiraios,ab,590,84,71,0
2026-07-23T18:07:00Z,peiraios,ba,590,71,64,0
2026-07-24T03:35:59Z,strovolou,ab,5693,762,553,0
2026-07-24T03:35:59Z,strovolou,ba,4712,425,404,0
2026-07-24T03:35:59Z,tseriou,ab,2555,259,225,0
2026-07-24T03:35:59Z,tseriou,ba,3739,447,372,0
2026-07-24T03:35:59Z,prodromou,ab,2418,282,254,0
2026-07-24T03:35:59Z,prodromou,ba,2414,349,299,0
2026-07-24T03:35:59Z,akropoleos,ab,5010,566,463,0
2026-07-24T03:35:59Z,akropoleos,ba,5145,689,479,0
2026-07-24T03:35:59Z,athalassas,ab,2793,357,282,0
2026-07-24T03:35:59Z,athalassas,ba,4485,728,538,0
2026-07-24T03:35:59Z,lemesou,ab,2014,255,213,0
2026-07-24T03:35:59Z,lemesou,ba,2007,278,196,0
2026-07-24T03:35:59Z,sp_kyprianou,ab,6489,632,585,0
2026-07-24T03:35:59Z,sp_kyprianou,ba,6573,874,627,0
2026-07-24T03:35:59Z,archangelou,ab,7265,562,523,0
2026-07-24T03:35:59Z,archangelou,ba,7441,842,669,0
2026-07-24T03:35:59Z,konstantinoup,ab,2628,291,291,0
2026-07-24T03:35:59Z,konstantinoup,ba,2629,340,313,0
2026-07-24T03:35:59Z,stavrou,ab,2187,214,208,0
2026-07-24T03:35:59Z,stavrou,ba,2245,227,206,0
2026-07-24T03:35:59Z,makedonitissas,ab,2904,444,408,0
2026-07-24T03:35:59Z,makedonitissas,ba,2705,316,290,0
2026-07-24T03:35:59Z,armenias,ab,1079,144,119,0
2026-07-24T03:35:59Z,armenias,ba,1079,171,132,0
2026-07-24T03:35:59Z,arch_kyprianou,ab,1701,226,215,0
2026-07-24T03:35:59Z,arch_kyprianou,ba,1726,339,202,0
2026-07-24T03:35:59Z,a1_motorway,ab,10597,355,349,0
2026-07-24T03:35:59Z,a1_motorway,ba,14560,856,750,0
2026-07-24T03:35:59Z,makariou_lakat,ab,5849,539,516,0
2026-07-24T03:35:59Z,makariou_lakat,ba,6316,658,613,0
2026-07-24T03:35:59Z,griva_digeni,ab,4212,437,441,0
2026-07-24T03:35:59Z,griva_digeni,ba,5350,819,681,0
2026-07-24T03:35:59Z,aglantzias,ab,1775,223,177,0
2026-07-24T03:35:59Z,aglantzias,ba,3098,441,372,0
2026-07-24T03:35:59Z,kranidioti,ab,1458,107,105,0
2026-07-24T03:35:59Z,kranidioti,ba,1652,125,117,0
2026-07-24T03:35:59Z,perimetrikos,ab,2510,263,229,0
2026-07-24T03:35:59Z,perimetrikos,ba,2094,164,164,0
2026-07-24T03:35:59Z,hatziiosif,ab,2049,239,195,0
2026-07-24T03:35:59Z,hatziiosif,ba,2045,288,202,0
2026-07-24T03:35:59Z,perikleous,ab,2238,307,232,0
2026-07-24T03:35:59Z,perikleous,ba,2649,315,273,0
2026-07-24T03:35:59Z,avraamidi,ab,1264,172,140,0
2026-07-24T03:35:59Z,avraamidi,ba,1266,155,150,0
2026-07-24T03:35:59Z,athinon,ab,1573,211,204,0
2026-07-24T03:35:59Z,athinon,ba,1040,202,134,0
2026-07-24T03:35:59Z,tasou_markou,ab,544,83,70,0
2026-07-24T03:35:59Z,tasou_markou,ba,492,53,55,0
2026-07-24T03:35:59Z,peiraios,ab,590,101,71,0
2026-07-24T03:35:59Z,peiraios,ba,590,74,64,0
2026-07-24T03:46:23Z,strovolou,ab,5693,822,553,0
2026-07-24T03:46:23Z,strovolou,ba,4712,435,404,0
2026-07-24T03:46:23Z,tseriou,ab,2555,270,225,0
2026-07-24T03:46:23Z,tseriou,ba,3739,458,372,0
2026-07-24T03:46:23Z,prodromou,ab,2418,292,254,0
2026-07-24T03:46:23Z,prodromou,ba,2414,365,299,0
2026-07-24T03:46:23Z,akropoleos,ab,5010,588,463,0
2026-07-24T03:46:23Z,akropoleos,ba,5145,741,479,0
2026-07-24T03:46:23Z,athalassas,ab,2793,377,282,0
2026-07-24T03:46:23Z,athalassas,ba,4485,773,538,0
2026-07-24T03:46:23Z,lemesou,ab,2014,266,213,0
2026-07-24T03:46:23Z,lemesou,ba,2007,299,196,0
2026-07-24T03:46:23Z,sp_kyprianou,ab,6489,654,585,0
2026-07-24T03:46:23Z,sp_kyprianou,ba,6573,953,627,0
2026-07-24T03:46:23Z,archangelou,ab,7265,572,523,0
2026-07-24T03:46:23Z,archangelou,ba,7441,898,669,0
2026-07-24T03:46:23Z,konstantinoup,ab,2628,295,291,0
2026-07-24T03:46:23Z,konstantinoup,ba,2629,350,313,0
2026-07-24T03:46:23Z,stavrou,ab,2187,219,208,0
2026-07-24T03:46:23Z,stavrou,ba,2245,236,206,0
2026-07-24T03:46:23Z,makedonitissas,ab,2904,456,408,0
2026-07-24T03:46:23Z,makedonitissas,ba,2705,326,290,0
2026-07-24T03:46:23Z,armenias,ab,1079,150,119,0
2026-07-24T03:46:23Z,armenias,ba,1079,177,132,0
2026-07-24T03:46:23Z,arch_kyprianou,ab,1701,232,215,0
2026-07-24T03:46:23Z,arch_kyprianou,ba,1726,380,202,0
2026-07-24T03:46:23Z,a1_motorway,ab,10597,351,349,0
2026-07-24T03:46:23Z,a1_motorway,ba,20426,831,812,0
2026-07-24T03:46:23Z,makariou_lakat,ab,5849,559,516,0
2026-07-24T03:46:23Z,makariou_lakat,ba,6316,674,613,0
2026-07-24T03:46:23Z,griva_digeni,ab,4212,445,441,0
2026-07-24T03:46:23Z,griva_digeni,ba,5350,864,681,0
2026-07-24T03:46:23Z,aglantzias,ab,1775,239,177,0
2026-07-24T03:46:23Z,aglantzias,ba,3098,457,372,0
2026-07-24T03:46:23Z,kranidioti,ab,1458,109,105,0
2026-07-24T03:46:23Z,kranidioti,ba,1652,128,117,0
2026-07-24T03:46:23Z,perimetrikos,ab,2510,272,229,0
2026-07-24T03:46:23Z,perimetrikos,ba,2094,166,164,0
2026-07-24T03:46:23Z,hatziiosif,ab,2049,249,195,0
2026-07-24T03:46:23Z,hatziiosif,ba,2045,307,202,0
2026-07-24T03:46:23Z,perikleous,ab,2238,330,232,0
2026-07-24T03:46:23Z,perikleous,ba,2649,327,273,0
2026-07-24T03:46:23Z,avraamidi,ab,1264,180,140,0
2026-07-24T03:46:23Z,avraamidi,ba,1266,159,150,0
2026-07-24T03:46:23Z,athinon,ab,1573,216,204,0
2026-07-24T03:46:23Z,athinon,ba,1040,210,134,0
2026-07-24T03:46:23Z,tasou_markou,ab,544,85,70,0
2026-07-24T03:46:23Z,tasou_markou,ba,492,53,55,0
2026-07-24T03:46:23Z,peiraios,ab,590,109,71,0
2026-07-24T03:46:23Z,peiraios,ba,590,77,64,0
2026-07-24T03:56:48Z,strovolou,ab,5693,882,553,0
2026-07-24T03:56:48Z,strovolou,ba,4712,448,404,0
2026-07-24T03:56:48Z,tseriou,ab,2555,281,225,0
2026-07-24T03:56:48Z,tseriou,ba,3739,471,372,0
2026-07-24T03:56:48Z,prodromou,ab,2418,305,254,0
2026-07-24T03:56:48Z,prodromou,ba,2414,384,299,0
2026-07-24T03:56:48Z,akropoleos,ab,5010,615,463,0
2026-07-24T03:56:48Z,akropoleos,ba,5145,799,479,0
2026-07-24T03:56:48Z,athalassas,ab,2793,399,282,0
2026-07-24T03:56:48Z,athalassas,ba,4485,826,538,0
2026-07-24T03:56:48Z,lemesou,ab,2014,278,213,0
2026-07-24T03:56:48Z,lemesou,ba,2007,321,196,0
2026-07-24T03:56:48Z,sp_kyprianou,ab,6489,678,585,0
2026-07-24T03:56:48Z,sp_kyprianou,ba,6573,1031,627,0
2026-07-24T03:56:48Z,archangelou,ab,7265,583,523,0
2026-07-24T03:56:48Z,archangelou,ba,7441,952,669,0
2026-07-24T03:56:48Z,konstantinoup,ab,2628,299,291,0
2026-07-24T03:56:48Z,konstantinoup,ba,2629,363,313,0
2026-07-24T03:56:48Z,stavrou,ab,2187,226,208,0
2026-07-24T03:56:48Z,stavrou,ba,2245,246,206,0
2026-07-24T03:56:48Z,makedonitissas,ab,2904,470,408,0
2026-07-24T03:56:48Z,makedonitissas,ba,2705,335,290,0
2026-07-24T03:56:48Z,armenias,ab,1079,160,119,0
2026-07-24T03:56:48Z,armenias,ba,1079,185,132,0
2026-07-24T03:56:48Z,arch_kyprianou,ab,1701,241,215,0
2026-07-24T03:56:48Z,arch_kyprianou,ba,1726,421,202,0
2026-07-24T03:56:48Z,a1_motorway,ab,10597,356,349,0
2026-07-24T03:56:48Z,a1_motorway,ba,14048,580,558,0
2026-07-24T03:56:48Z,makariou_lakat,ab,5849,578,516,0
2026-07-24T03:56:48Z,makariou_lakat,ba,6316,692,613,0
2026-07-24T03:56:48Z,griva_digeni,ab,4212,459,441,0
2026-07-24T03:56:48Z,griva_digeni,ba,5350,911,681,0
2026-07-24T03:56:48Z,aglantzias,ab,1775,258,177,0
2026-07-24T03:56:48Z,aglantzias,ba,3098,479,372,0
2026-07-24T03:56:48Z,kranidioti,ab,1458,111,105,0
2026-07-24T03:56:48Z,kranidioti,ba,1652,132,117,0
2026-07-24T03:56:48Z,perimetrikos,ab,2510,281,229,0
2026-07-24T03:56:48Z,perimetrikos,ba,2094,169,164,0
2026-07-24T03:56:48Z,hatziiosif,ab,2049,263,195,0
2026-07-24T03:56:48Z,hatziiosif,ba,2045,330,202,0
2026-07-24T03:56:48Z,perikleous,ab,2238,353,232,0
2026-07-24T03:56:48Z,perikleous,ba,2649,342,273,0
2026-07-24T03:56:48Z,avraamidi,ab,1264,188,140,0
2026-07-24T03:56:48Z,avraamidi,ba,1266,165,150,0
2026-07-24T03:56:48Z,athinon,ab,1573,221,204,0
2026-07-24T03:56:48Z,athinon,ba,1040,220,134,0
2026-07-24T03:56:48Z,tasou_markou,ab,544,87,70,0
2026-07-24T03:56:48Z,tasou_markou,ba,492,53,55,0
2026-07-24T03:56:48Z,peiraios,ab,590,116,71,0
2026-07-24T03:56:48Z,peiraios,ba,590,80,64,0
2026-07-24T04:07:14Z,strovolou,ab,5693,952,553,0
2026-07-24T04:07:14Z,strovolou,ba,4712,480,404,0
2026-07-24T04:07:14Z,tseriou,ab,2555,303,225,0
2026-07-24T04:07:14Z,tseriou,ba,3739,497,372,0
2026-07-24T04:07:14Z,prodromou,ab,2418,326,254,0
2026-07-24T04:07:14Z,prodromou,ba,2414,409,299,0
2026-07-24T04:07:14Z,akropoleos,ab,5010,661,463,0
2026-07-24T04:07:14Z,akropoleos,ba,5145,856,479,0
2026-07-24T04:07:14Z,athalassas,ab,2793,427,282,0
2026-07-24T04:07:14Z,athalassas,ba,4619,868,562,0
2026-07-24T04:07:14Z,lemesou,ab,2014,299,213,0
2026-07-24T04:07:14Z,lemesou,ba,2007,342,196,0
2026-07-24T04:07:14Z,sp_kyprianou,ab,6489,723,585,0
2026-07-24T04:07:14Z,sp_kyprianou,ba,6573,1122,627,0
2026-07-24T04:07:14Z,archangelou,ab,7265,617,523,0
2026-07-24T04:07:14Z,archangelou,ba,6846,1017,666,0
2026-07-24T04:07:14Z,konstantinoup,ab,2628,316,291,0
2026-07-24T04:07:14Z,konstantinoup,ba,2629,386,313,0
2026-07-24T04:07:14Z,stavrou,ab,2187,245,208,0
2026-07-24T04:07:14Z,stavrou,ba,2245,263,206,0
2026-07-24T04:07:14Z,makedonitissas,ab,2904,494,408,0
2026-07-24T04:07:14Z,makedonitissas,ba,2705,355,290,0
2026-07-24T04:07:14Z,armenias,ab,1079,167,119,0
2026-07-24T04:07:14Z,armenias,ba,1079,197,132,0
2026-07-24T04:07:14Z,arch_kyprianou,ab,1701,258,215,0
2026-07-24T04:07:14Z,arch_kyprianou,ba,1726,461,202,0
2026-07-24T04:07:14Z,a1_motorway,ab,10597,356,349,0
2026-07-24T04:07:14Z,a1_motorway,ba,14048,592,558,0
2026-07-24T04:07:14Z,makariou_lakat,ab,5849,622,516,0
2026-07-24T04:07:14Z,makariou_lakat,ba,6316,736,613,0
2026-07-24T04:07:14Z,griva_digeni,ab,4212,493,441,0
2026-07-24T04:07:14Z,griva_digeni,ba,5350,977,681,0
2026-07-24T04:07:14Z,aglantzias,ab,1775,282,177,0
2026-07-24T04:07:14Z,aglantzias,ba,3098,506,372,0
2026-07-24T04:07:14Z,kranidioti,ab,1458,116,105,0
2026-07-24T04:07:14Z,kranidioti,ba,1652,140,117,0
2026-07-24T04:07:14Z,perimetrikos,ab,2510,296,229,0
2026-07-24T04:07:14Z,perimetrikos,ba,2094,178,164,0
2026-07-24T04:07:14Z,hatziiosif,ab,2049,289,195,0
2026-07-24T04:07:14Z,hatziiosif,ba,2045,349,202,0
2026-07-24T04:07:14Z,perikleous,ab,2238,381,232,0
2026-07-24T04:07:14Z,perikleous,ba,2649,361,273,0
2026-07-24T04:07:14Z,avraamidi,ab,1264,201,140,0
2026-07-24T04:07:14Z,avraamidi,ba,1266,176,150,0
2026-07-24T04:07:14Z,athinon,ab,1573,234,204,0
2026-07-24T04:07:14Z,athinon,ba,1040,234,134,0
2026-07-24T04:07:14Z,tasou_markou,ab,544,92,70,0
2026-07-24T04:07:14Z,tasou_markou,ba,492,56,55,0
2026-07-24T04:07:14Z,peiraios,ab,590,125,71,0
2026-07-24T04:07:14Z,peiraios,ba,590,85,64,0
2026-07-24T04:17:38Z,strovolou,ab,5693,1003,553,0
2026-07-24T04:17:38Z,strovolou,ba,4712,494,404,0
2026-07-24T04:17:38Z,tseriou,ab,2555,317,225,0
2026-07-24T04:17:38Z,tseriou,ba,3739,510,372,0
2026-07-24T04:17:38Z,prodromou,ab,2418,337,254,0
2026-07-24T04:17:38Z,prodromou,ba,2414,424,299,0
2026-07-24T04:17:38Z,akropoleos,ab,5010,691,463,0
2026-07-24T04:17:38Z,akropoleos,ba,5145,904,479,0
2026-07-24T04:17:38Z,athalassas,ab,2793,451,282,0
2026-07-24T04:17:38Z,athalassas,ba,4619,908,562,0
2026-07-24T04:17:38Z,lemesou,ab,2014,313,213,0
2026-07-24T04:17:38Z,lemesou,ba,2007,360,196,0
2026-07-24T04:17:38Z,sp_kyprianou,ab,6489,746,585,0
2026-07-24T04:17:38Z,sp_kyprianou,ba,6573,1183,627,0
2026-07-24T04:17:38Z,archangelou,ab,7265,630,523,0
2026-07-24T04:17:38Z,archangelou,ba,6846,1064,666,0
2026-07-24T04:17:38Z,konstantinoup,ab,2628,321,291,0
2026-07-24T04:17:38Z,konstantinoup,ba,2629,395,313,0
2026-07-24T04:17:38Z,stavrou,ab,2187,254,208,0
2026-07-24T04:17:38Z,stavrou,ba,2245,272,206,0
2026-07-24T04:17:38Z,makedonitissas,ab,2904,508,408,0
2026-07-24T04:17:38Z,makedonitissas,ba,2705,362,290,0
2026-07-24T04:17:38Z,armenias,ab,1079,172,119,0
2026-07-24T04:17:38Z,armenias,ba,1079,205,132,0
2026-07-24T04:17:38Z,arch_kyprianou,ab,1701,269,215,0
2026-07-24T04:17:38Z,arch_kyprianou,ba,1726,501,202,0
2026-07-24T04:17:38Z,a1_motorway,ab,10597,356,349,0
2026-07-24T04:17:38Z,a1_motorway,ba,14048,597,558,0
2026-07-24T04:17:38Z,makariou_lakat,ab,5849,646,516,0
2026-07-24T04:17:38Z,makariou_lakat,ba,6316,754,613,0
2026-07-24T04:17:38Z,griva_digeni,ab,4212,506,441,0
2026-07-24T04:17:38Z,griva_digeni,ba,5350,1017,681,0
2026-07-24T04:17:38Z,aglantzias,ab,1775,299,177,0
2026-07-24T04:17:38Z,aglantzias,ba,3098,523,372,0
2026-07-24T04:17:38Z,kranidioti,ab,1458,118,105,0
2026-07-24T04:17:38Z,kranidioti,ba,1652,143,117,0
2026-07-24T04:17:38Z,perimetrikos,ab,2510,302,229,0
2026-07-24T04:17:38Z,perimetrikos,ba,2094,180,164,0
2026-07-24T04:17:38Z,hatziiosif,ab,2049,306,195,0
2026-07-24T04:17:38Z,hatziiosif,ba,2045,365,202,0
2026-07-24T04:17:38Z,perikleous,ab,2238,402,232,0
2026-07-24T04:17:38Z,perikleous,ba,2649,372,273,0
2026-07-24T04:17:38Z,avraamidi,ab,1264,209,140,0
2026-07-24T04:17:38Z,avraamidi,ba,1266,182,150,0
2026-07-24T04:17:38Z,athinon,ab,1573,240,204,0
2026-07-24T04:17:38Z,athinon,ba,1040,244,134,0
2026-07-24T04:17:38Z,tasou_markou,ab,544,95,70,0
2026-07-24T04:17:38Z,tasou_markou,ba,492,56,55,0
2026-07-24T04:17:38Z,peiraios,ab,590,132,71,0
2026-07-24T04:17:38Z,peiraios,ba,590,88,64,0
2026-07-24T04:28:02Z,strovolou,ab,5693,1039,553,0
2026-07-24T04:28:02Z,strovolou,ba,4712,510,404,0
2026-07-24T04:28:02Z,tseriou,ab,2555,331,225,0
2026-07-24T04:28:02Z,tseriou,ba,3739,524,372,0
2026-07-24T04:28:02Z,prodromou,ab,2418,348,254,0
2026-07-24T04:28:02Z,prodromou,ba,2414,436,299,0
2026-07-24T04:28:02Z,akropoleos,ab,5010,716,463,0
2026-07-24T04:28:02Z,akropoleos,ba,5145,944,479,0
2026-07-24T04:28:02Z,athalassas,ab,2793,475,282,0
2026-07-24T04:28:02Z,athalassas,ba,4619,945,562,0
2026-07-24T04:28:02Z,lemesou,ab,2014,327,213,0
2026-07-24T04:28:02Z,lemesou,ba,2007,378,196,0
2026-07-24T04:28:02Z,sp_kyprianou,ab,6489,771,585,0
2026-07-24T04:28:02Z,sp_kyprianou,ba,6573,1240,627,152
2026-07-24T04:28:02Z,archangelou,ab,7265,641,523,0
2026-07-24T04:28:02Z,archangelou,ba,6846,1095,666,0
2026-07-24T04:28:02Z,konstantinoup,ab,2628,327,291,0
2026-07-24T04:28:02Z,konstantinoup,ba,2629,401,313,0
2026-07-24T04:28:02Z,stavrou,ab,2187,264,208,0
2026-07-24T04:28:02Z,stavrou,ba,2245,280,206,0
2026-07-24T04:28:02Z,makedonitissas,ab,2904,517,408,0
2026-07-24T04:28:02Z,makedonitissas,ba,2705,369,290,0
2026-07-24T04:28:02Z,armenias,ab,1079,176,119,0
2026-07-24T04:28:02Z,armenias,ba,1079,214,132,0
2026-07-24T04:28:02Z,arch_kyprianou,ab,1701,278,215,0
2026-07-24T04:28:02Z,arch_kyprianou,ba,1726,531,202,0
2026-07-24T04:28:02Z,a1_motorway,ab,10597,353,349,0
2026-07-24T04:28:02Z,a1_motorway,ba,14048,597,558,0
2026-07-24T04:28:02Z,makariou_lakat,ab,5849,669,516,0
2026-07-24T04:28:02Z,makariou_lakat,ba,6316,769,613,0
2026-07-24T04:28:02Z,griva_digeni,ab,4212,523,441,0
2026-07-24T04:28:02Z,griva_digeni,ba,5350,1048,681,0
2026-07-24T04:28:02Z,aglantzias,ab,1775,311,177,0
2026-07-24T04:28:02Z,aglantzias,ba,3098,539,372,0
2026-07-24T04:28:02Z,kranidioti,ab,1458,120,105,0
2026-07-24T04:28:02Z,kranidioti,ba,1652,147,117,0
2026-07-24T04:28:02Z,perimetrikos,ab,2510,306,229,0
2026-07-24T04:28:02Z,perimetrikos,ba,2094,182,164,0
2026-07-24T04:28:02Z,hatziiosif,ab,2049,326,195,0
2026-07-24T04:28:02Z,hatziiosif,ba,2045,378,202,0
2026-07-24T04:28:02Z,perikleous,ab,2238,422,232,0
2026-07-24T04:28:02Z,perikleous,ba,2649,382,273,0
2026-07-24T04:28:02Z,avraamidi,ab,1264,216,140,0
2026-07-24T04:28:02Z,avraamidi,ba,1266,188,150,0
2026-07-24T04:28:02Z,athinon,ab,1573,246,204,0
2026-07-24T04:28:02Z,athinon,ba,1040,256,134,0
2026-07-24T04:28:02Z,tasou_markou,ab,544,98,70,0
2026-07-24T04:28:02Z,tasou_markou,ba,492,56,55,0
2026-07-24T04:28:02Z,peiraios,ab,590,137,71,0
2026-07-24T04:28:02Z,peiraios,ba,590,91,64,0
2026-07-24T04:38:28Z,strovolou,ab,5693,1099,553,167
2026-07-24T04:38:28Z,strovolou,ba,4712,522,404,0
2026-07-24T04:38:28Z,tseriou,ab,2555,342,225,0
2026-07-24T04:38:28Z,tseriou,ba,3739,538,372,0
2026-07-24T04:38:28Z,prodromou,ab,2418,356,254,0
2026-07-24T04:38:28Z,prodromou,ba,2414,447,299,0
2026-07-24T04:38:28Z,akropoleos,ab,5010,820,463,153
2026-07-24T04:38:28Z,akropoleos,ba,5145,964,479,0
2026-07-24T04:38:28Z,athalassas,ab,2793,496,282,0
2026-07-24T04:38:28Z,athalassas,ba,4619,974,562,0
2026-07-24T04:38:28Z,lemesou,ab,2014,337,213,0
2026-07-24T04:38:28Z,lemesou,ba,2007,389,196,0
2026-07-24T04:38:28Z,sp_kyprianou,ab,6489,792,585,0
2026-07-24T04:38:28Z,sp_kyprianou,ba,6573,1328,627,254
2026-07-24T04:38:28Z,archangelou,ab,7265,650,523,0
2026-07-24T04:38:28Z,archangelou,ba,6846,1109,666,0
2026-07-24T04:38:28Z,konstantinoup,ab,2628,330,291,0
2026-07-24T04:38:28Z,konstantinoup,ba,2629,404,313,0
2026-07-24T04:38:28Z,stavrou,ab,2187,274,208,0
2026-07-24T04:38:28Z,stavrou,ba,2245,286,206,0
2026-07-24T04:38:28Z,makedonitissas,ab,2904,525,408,0
2026-07-24T04:38:28Z,makedonitissas,ba,2705,374,290,0
2026-07-24T04:38:28Z,armenias,ab,1079,179,119,0
2026-07-24T04:38:28Z,armenias,ba,1079,221,132,0
2026-07-24T04:38:28Z,arch_kyprianou,ab,1701,286,215,0
2026-07-24T04:38:28Z,arch_kyprianou,ba,2260,586,310,0
2026-07-24T04:38:28Z,a1_motorway,ab,10597,352,349,0
2026-07-24T04:38:28Z,a1_motorway,ba,14048,600,558,0
2026-07-24T04:38:28Z,makariou_lakat,ab,5849,690,516,0
2026-07-24T04:38:28Z,makariou_lakat,ba,6316,782,613,0
2026-07-24T04:38:28Z,griva_digeni,ab,4212,535,441,0
2026-07-24T04:38:28Z,griva_digeni,ba,5350,1076,681,0
2026-07-24T04:38:28Z,aglantzias,ab,1775,318,177,0
2026-07-24T04:38:28Z,aglantzias,ba,3098,550,372,0
2026-07-24T04:38:28Z,kranidioti,ab,1458,121,105,0
2026-07-24T04:38:28Z,kranidioti,ba,1652,149,117,0
2026-07-24T04:38:28Z,perimetrikos,ab,2510,308,229,0
2026-07-24T04:38:28Z,perimetrikos,ba,2094,183,164,0
2026-07-24T04:38:28Z,hatziiosif,ab,2049,422,195,153
2026-07-24T04:38:28Z,hatziiosif,ba,2045,387,202,0
2026-07-24T04:38:28Z,perikleous,ab,2238,439,232,0
2026-07-24T04:38:28Z,perikleous,ba,2649,391,273,0
2026-07-24T04:38:28Z,avraamidi,ab,1264,219,140,0
2026-07-24T04:38:28Z,avraamidi,ba,1266,193,150,0
2026-07-24T04:38:28Z,athinon,ab,1573,253,204,17
2026-07-24T04:38:28Z,athinon,ba,1040,266,134,0
2026-07-24T04:38:28Z,tasou_markou,ab,544,100,70,0
2026-07-24T04:38:28Z,tasou_markou,ba,492,56,55,0
2026-07-24T04:38:28Z,peiraios,ab,590,142,71,0
2026-07-24T04:38:28Z,peiraios,ba,590,94,64,0
