fetched_utc,route_id,trip_id,last_stop_seq,delay_s
2026-09-01T09:03:58Z,410012,18592992,35,-382
2026-09-01T09:03:58Z,260011,18593034,1,-2
2026-09-01T09:03:58Z,150011,18593043,25,78
2026-09-01T09:03:58Z,170022,18593048,22,-283
2026-09-01T09:03:58Z,170021,18593049,5,43
2026-09-01T09:03:58Z,460012,18593053,34,-227
2026-09-01T09:03:58Z,310031,18593066,32,-529
2026-09-01T09:03:58Z,310031,18593067,3,73
2026-09-01T09:03:58Z,5030012,18593075,40,916
2026-09-01T09:03:58Z,410011,18593077,43,-313
2026-09-01T09:03:58Z,5020012,18593084,42,-482
2026-09-01T09:03:58Z,460012,18593101,35,-42
2026-09-01T09:03:58Z,460011,18593102,12,-349
2026-09-01T09:03:58Z,110012,18593121,38,-378
2026-09-01T09:03:58Z,410012,18593125,36,-365
2026-09-01T09:03:58Z,270011,18593130,8,27
2026-09-01T09:03:58Z,270012,18593131,14,11
2026-09-01T09:03:58Z,160011,18593140,6,-42
2026-09-01T09:03:58Z,5040011,18593150,11,-197
2026-09-01T09:03:58Z,440011,18593152,30,1002
2026-09-01T09:03:58Z,440012,18593153,24,-426
2026-09-01T09:03:58Z,150012,18593182,21,-229
2026-09-01T09:03:58Z,150011,18593183,3,39
2026-09-01T09:03:58Z,560011,18593194,21,1236
2026-09-01T09:03:58Z,5040012,18593211,15,-395
2026-09-01T09:03:58Z,730012,18593220,12,960
2026-09-01T09:03:58Z,730011,18593221,12,-159
2026-09-01T09:03:58Z,360022,18593229,22,140
2026-09-01T09:03:58Z,430011,18593241,23,683
2026-09-01T09:03:58Z,110011,18593250,37,-54
2026-09-01T09:03:58Z,4000021,18593256,40,-163
2026-09-01T09:03:58Z,410011,18593281,43,-96
2026-09-01T09:03:58Z,410012,18593282,16,80
2026-09-01T09:03:58Z,390012,18593291,15,814
2026-09-01T09:03:58Z,5010012,18593310,21,153
2026-09-01T09:03:58Z,260011,18593326,18,-202
2026-09-01T09:03:58Z,120011,18593344,35,-335
2026-09-01T09:03:58Z,5010011,18593346,21,-53
2026-09-01T09:03:58Z,460011,18593359,35,-15
2026-09-01T09:03:58Z,470011,18593368,19,78
2026-09-01T09:03:58Z,470012,18593369,1,118
2026-09-01T09:03:58Z,110011,18593373,37,-136
2026-09-01T09:03:58Z,290022,18593380,18,-229
2026-09-01T09:03:58Z,290021,18593381,16,54
2026-09-01T09:03:58Z,420022,18593390,49,-591
2026-09-01T09:03:58Z,1010012,18593397,25,-79
2026-09-01T09:03:58Z,460012,18593405,35,44
2026-09-01T09:03:58Z,190012,18593410,18,485
2026-09-01T09:03:58Z,190011,18593411,18,-155
2026-09-01T09:03:58Z,220021,18593418,33,-188
2026-09-01T09:03:58Z,330012,18593423,24,1347
2026-09-01T09:03:58Z,320011,18593426,16,-605
2026-09-01T09:03:58Z,130012,18593429,15,-99
2026-09-01T09:03:58Z,120012,18593430,34,397
2026-09-01T09:03:58Z,620011,18593432,22,-81
2026-09-01T09:03:58Z,380021,18593437,22,244
2026-09-01T09:03:58Z,380022,18593438,21,14
2026-09-01T09:03:58Z,470012,18593440,18,149
2026-09-01T09:03:58Z,170021,18593442,20,-115
2026-09-01T09:03:58Z,110012,18593443,38,208
2026-09-01T09:03:58Z,860011,18593448,4,460
2026-09-01T09:03:58Z,4000022,18593451,41,-630
2026-09-01T09:03:58Z,5020011,18593452,48,138
2026-09-01T09:03:58Z,5020012,18593453,1,98
2026-09-01T09:03:58Z,520022,18593454,10,-40
2026-09-01T09:03:58Z,520021,18593455,16,-270
2026-09-01T09:03:58Z,420021,18593456,52,-98
2026-09-01T09:03:58Z,330011,18593457,25,20
2026-09-01T09:03:58Z,330012,18593458,24,374
2026-09-01T09:03:58Z,440012,18593461,36,-186
2026-09-01T09:03:58Z,120012,18593463,34,-222
2026-09-01T09:03:58Z,120011,18593464,15,-258
2026-09-01T09:03:58Z,130012,18593465,15,158
2026-09-01T09:03:58Z,760011,18593468,13,544
2026-09-01T09:03:58Z,160012,18593475,7,-27
2026-09-01T09:03:58Z,240012,18593476,17,56
2026-09-01T09:03:58Z,240011,18593477,18,-127
2026-09-01T09:03:58Z,240012,18593478,1,101
2026-09-01T09:03:58Z,280012,18593483,18,-44
2026-09-01T09:03:58Z,280011,18593484,21,-320
2026-09-01T09:03:58Z,260011,18593485,18,-820
2026-09-01T09:03:58Z,510012,18593486,11,83
2026-09-01T09:03:58Z,510011,18593487,14,65
2026-09-01T09:03:58Z,410011,18593490,43,-418
2026-09-01T09:03:58Z,410012,18593491,0,-1258
2026-09-01T09:03:58Z,470011,18593492,19,-288
2026-09-01T09:03:58Z,470012,18593493,18,296
2026-09-01T09:03:58Z,5020011,18593494,48,-481
2026-09-01T09:03:58Z,5010012,18593498,21,-169
2026-09-01T09:03:58Z,420021,18593499,52,-416
2026-09-01T09:03:58Z,5040012,18593502,16,136
2026-09-01T09:03:58Z,500012,18593503,18,-123
2026-09-01T09:03:58Z,500011,18593504,23,223
2026-09-01T09:03:58Z,130011,18593505,15,-256
2026-09-01T09:03:58Z,120012,18593506,34,-680
2026-09-01T09:03:58Z,5010011,18593508,21,-348
2026-09-01T09:03:58Z,320012,18593510,15,-331
2026-09-01T09:03:58Z,320011,18593511,16,-1093
2026-09-01T09:03:58Z,4050042,18593512,37,-163
2026-09-01T09:03:58Z,460011,18593515,35,105
2026-09-01T09:03:58Z,160011,18593516,6,-102
2026-09-01T09:03:58Z,160012,18593517,7,-87
2026-09-01T09:03:58Z,540012,18593518,15,1273
2026-09-01T09:03:58Z,690022,18593520,3,-3
2026-09-01T09:03:58Z,690021,18593521,8,-19
2026-09-01T09:03:58Z,380021,18593522,21,282
2026-09-01T09:03:58Z,380022,18593523,20,74
2026-09-01T09:03:58Z,260012,18593524,21,-773
2026-09-01T09:03:58Z,260011,18593525,18,-618
2026-09-01T09:03:58Z,230031,18593527,40,-773
2026-09-01T09:03:58Z,560012,18593529,9,504
2026-09-01T09:03:58Z,110011,18593531,36,-159
2026-09-01T09:03:58Z,870012,18593532,5,853
2026-09-01T09:03:58Z,4000022,18593536,30,-221
2026-09-01T09:03:58Z,5020011,18593538,37,-519
2026-09-01T09:03:58Z,680022,18593547,18,795
2026-09-01T09:03:58Z,5010012,18593553,21,-229
2026-09-01T09:03:58Z,420021,18593554,29,-543
2026-09-01T09:03:58Z,410011,18593556,25,-316
2026-09-01T09:03:58Z,770011,18593558,12,48
2026-09-01T09:03:58Z,600012,18593568,14,166
2026-09-01T09:03:58Z,600011,18593569,2,182
2026-09-01T09:03:58Z,650012,18593572,13,-153
2026-09-01T09:03:58Z,330011,18593576,20,-221
2026-09-01T09:03:58Z,5030011,18593579,20,356
2026-09-01T09:03:58Z,5010011,18593581,20,-320
2026-09-01T09:03:58Z,120012,18593599,21,-260
2026-09-01T09:03:58Z,130012,18593601,14,-191
2026-09-01T09:03:58Z,4050041,18593602,19,-128
2026-09-01T09:03:58Z,690022,18593604,3,-3
2026-09-01T09:03:58Z,1010011,18593616,12,-154
2026-09-01T09:03:58Z,360022,18593618,17,-180
2026-09-01T09:03:58Z,420022,18593619,16,-482
2026-09-01T09:03:58Z,190012,18593620,7,-22
2026-09-01T09:03:58Z,780012,18593622,2,218
2026-09-01T09:03:58Z,750012,18593626,7,-26
2026-09-01T09:03:58Z,280012,18593630,2,-6
2026-09-01T09:03:58Z,5050011,18593632,3,142
2026-09-01T09:03:58Z,470011,18593634,2,56
2026-09-01T09:03:58Z,250011,18593638,0,-289
2026-09-01T09:03:58Z,110012,18593644,2,72
2026-09-01T09:03:58Z,5020011,18593647,4,-84
2026-09-01T09:03:58Z,740011,18592375,19,448
2026-09-01T09:03:58Z,770012,18592387,11,22
2026-09-01T09:03:58Z,840011,18592401,10,249
2026-09-01T09:03:58Z,840022,18592402,10,565
2026-09-01T09:03:58Z,5030011,18592467,40,-560
2026-09-01T09:03:58Z,5030012,18592468,2,54
2026-09-01T09:03:58Z,5020012,18592485,47,-965
2026-09-01T09:03:58Z,5030012,18592498,21,370
2026-09-01T09:03:58Z,4050041,18592532,54,82
2026-09-01T09:03:58Z,310031,18592541,32,117
2026-09-01T09:03:58Z,310031,18592542,32,-655
2026-09-01T09:03:58Z,5030011,18592552,27,564
2026-09-01T09:03:58Z,260012,18592583,21,-549
2026-09-01T09:03:58Z,5050012,18592593,16,278
2026-09-01T09:03:58Z,110012,18592599,38,-437
2026-09-01T09:03:58Z,110011,18592600,4,-137
2026-09-01T09:03:58Z,700012,18592676,5,529
2026-09-01T09:03:58Z,4050042,18592683,55,1984
2026-09-01T09:03:58Z,5030011,18592701,3,122
2026-09-01T09:03:58Z,460012,18592705,4,-113
2026-09-01T09:03:58Z,820011,18592708,5,1761
2026-09-01T09:03:58Z,260012,18592714,21,1538
2026-09-01T09:03:58Z,5030012,18592727,40,-258
2026-09-01T09:03:58Z,5050011,18592736,16,-139
2026-09-01T09:03:58Z,480011,18592746,15,486
2026-09-01T09:03:58Z,7010011,18592784,18,1003
2026-09-01T09:03:58Z,530012,18592795,17,112
2026-09-01T09:03:58Z,530011,18592796,20,388
2026-09-01T09:03:58Z,440011,18592805,30,478
2026-09-01T09:03:58Z,120011,18592822,35,-653
2026-09-01T09:03:58Z,4050041,18592830,49,-165
2026-09-01T09:03:58Z,850012,18592838,18,452
2026-09-01T09:03:58Z,5030012,18592843,40,122
2026-09-01T09:03:58Z,420021,18592849,52,219
2026-09-01T09:03:58Z,420022,18592850,48,-677
2026-09-01T09:03:58Z,410012,18592856,36,-576
2026-09-01T09:03:58Z,410011,18592857,5,-112
2026-09-01T09:03:58Z,5020012,18592866,47,-585
2026-09-01T09:03:58Z,230031,18592871,47,-1556
2026-09-01T09:03:58Z,810022,18592912,8,764
2026-09-01T09:03:58Z,420022,18592924,49,388
2026-09-01T09:03:58Z,5040012,18592943,16,-5
2026-09-01T09:03:58Z,5040011,18592944,12,-117
2026-09-01T09:03:58Z,4050041,18592955,54,189
2026-09-01T09:03:58Z,1010011,18592958,27,13
2026-09-01T09:03:58Z,1010012,18592959,19,266
2026-09-01T09:03:58Z,520022,18592965,10,-99
2026-09-01T09:03:58Z,260012,18592979,0,-500
2026-09-01T10:04:47Z,5030012,18592468,40,180
2026-09-01T10:04:47Z,5030012,18592498,40,740
2026-09-01T10:04:47Z,310031,18592542,32,-121
2026-09-01T10:04:47Z,5030011,18592552,40,-385
2026-09-01T10:04:47Z,5030012,18592553,22,279
2026-09-01T10:04:47Z,110011,18592600,37,-737
2026-09-01T10:04:47Z,440011,18592654,30,629
2026-09-01T10:04:47Z,130012,18592658,15,-302
2026-09-01T10:04:47Z,130011,18592659,15,-132
2026-09-01T10:04:47Z,5010011,18592662,21,-342
2026-09-01T10:04:47Z,700011,18592677,5,53
2026-09-01T10:04:47Z,5030011,18592701,40,56
2026-09-01T10:04:47Z,5030012,18592702,2,65
2026-09-01T10:04:47Z,5030011,18592728,6,43
2026-09-01T10:04:47Z,5050011,18592736,16,203
2026-09-01T10:04:47Z,5050012,18592737,16,191
2026-09-01T10:04:47Z,5050011,18592738,5,155
2026-09-01T10:04:47Z,480011,18592746,15,1708
2026-09-01T10:04:47Z,480012,18592747,23,-444
2026-09-01T10:04:47Z,480011,18592748,2,-11
2026-09-01T10:04:47Z,7010012,18592785,14,276
2026-09-01T10:04:47Z,440011,18592805,30,799
2026-09-01T10:04:47Z,4050041,18592830,54,231
2026-09-01T10:04:47Z,420022,18592850,49,-195
2026-09-01T10:04:47Z,410011,18592857,43,-171
2026-09-01T10:04:47Z,410012,18592858,0,-1191
2026-09-01T10:04:47Z,4000021,18592901,6,32
2026-09-01T10:04:47Z,810022,18592912,16,-3
2026-09-01T10:04:47Z,810021,18592913,8,495
2026-09-01T10:04:47Z,1010012,18592959,25,-169
2026-09-01T10:04:47Z,520022,18592965,10,260
2026-09-01T10:04:47Z,520021,18592966,16,-477
2026-09-01T10:04:47Z,260012,18592979,21,-359
2026-09-01T10:04:47Z,4050042,18593015,38,-331
2026-09-01T10:04:47Z,260011,18593034,18,-614
2026-09-01T10:04:47Z,170021,18593049,20,-144
2026-09-01T10:04:47Z,460012,18593053,35,343
2026-09-01T10:04:47Z,310031,18593067,32,-662
2026-09-01T10:04:47Z,310031,18593068,30,-563
2026-09-01T10:04:47Z,410011,18593077,43,64
2026-09-01T10:04:47Z,410012,18593078,34,-212
2026-09-01T10:04:47Z,5020012,18593084,47,-70
2026-09-01T10:04:47Z,5020011,18593085,40,-667
2026-09-01T10:04:47Z,460011,18593102,35,-178
2026-09-01T10:04:47Z,460012,18593103,5,-79
2026-09-01T10:04:47Z,110012,18593121,38,127
2026-09-01T10:04:47Z,160012,18593141,7,-107
2026-09-01T10:04:47Z,5040011,18593150,12,85
2026-09-01T10:04:47Z,440012,18593153,36,-470
2026-09-01T10:04:47Z,440011,18593154,8,402
2026-09-01T10:04:47Z,460012,18593170,34,-419
2026-09-01T10:04:47Z,150011,18593183,25,-29
2026-09-01T10:04:47Z,560012,18593195,11,454
2026-09-01T10:04:47Z,5040012,18593211,16,288
2026-09-01T10:04:47Z,430012,18593242,23,333
2026-09-01T10:04:47Z,5010011,18593262,21,-584
2026-09-01T10:04:47Z,160011,18593277,6,-72
2026-09-01T10:04:47Z,410012,18593282,36,-779
2026-09-01T10:04:47Z,410011,18593283,26,-193
2026-09-01T10:04:47Z,390011,18593292,15,1110
2026-09-01T10:04:47Z,110012,18593333,2,78
2026-09-01T10:04:47Z,130012,18593342,14,-166
2026-09-01T10:04:47Z,470012,18593369,18,39
2026-09-01T10:04:47Z,470011,18593370,19,216
2026-09-01T10:04:47Z,470012,18593371,2,34
2026-09-01T10:04:47Z,110012,18593374,38,-411
2026-09-01T10:04:47Z,290022,18593382,18,239
2026-09-01T10:04:47Z,290021,18593383,16,-91
2026-09-01T10:04:47Z,1010011,18593398,13,-197
2026-09-01T10:04:47Z,220021,18593419,33,-576
2026-09-01T10:04:47Z,620012,18593433,16,-189
2026-09-01T10:04:47Z,620011,18593434,12,-37
2026-09-01T10:04:47Z,110011,18593444,37,-608
2026-09-01T10:04:47Z,5020012,18593453,47,-1183
2026-09-01T10:04:47Z,330012,18593458,24,1609
2026-09-01T10:04:47Z,330011,18593459,21,-210
2026-09-01T10:04:47Z,120011,18593464,35,-766
2026-09-01T10:04:47Z,240012,18593478,17,-161
2026-09-01T10:04:47Z,240011,18593479,18,-189
2026-09-01T10:04:47Z,240012,18593480,1,99
2026-09-01T10:04:47Z,510011,18593487,14,311
2026-09-01T10:04:47Z,510012,18593488,11,-122
2026-09-01T10:04:47Z,510011,18593489,2,78
2026-09-01T10:04:47Z,410012,18593491,36,-1177
2026-09-01T10:04:47Z,5020012,18593495,42,-628
2026-09-01T10:04:47Z,420021,18593499,52,836
2026-09-01T10:04:47Z,120011,18593507,35,-380
2026-09-01T10:04:47Z,320011,18593511,16,-897
2026-09-01T10:04:47Z,4050042,18593512,55,1797
2026-09-01T10:04:47Z,460011,18593515,35,726
2026-09-01T10:04:47Z,540011,18593519,16,547
2026-09-01T10:04:47Z,380021,18593522,22,364
2026-09-01T10:04:47Z,260012,18593524,21,-3
2026-09-01T10:04:47Z,260011,18593525,18,-183
2026-09-01T10:04:47Z,230031,18593527,47,-456
2026-09-01T10:04:47Z,230031,18593528,42,-453
2026-09-01T10:04:47Z,110011,18593531,37,174
2026-09-01T10:04:47Z,870011,18593533,6,264
2026-09-01T10:04:47Z,4000022,18593536,41,-25
2026-09-01T10:04:47Z,4000021,18593537,39,-322
2026-09-01T10:04:47Z,5020011,18593538,48,-364
2026-09-01T10:04:47Z,220021,18593543,33,-200
2026-09-01T10:04:47Z,220021,18593544,29,-678
2026-09-01T10:04:47Z,680022,18593547,24,279
2026-09-01T10:04:47Z,5010012,18593553,21,329
2026-09-01T10:04:47Z,420021,18593554,52,-935
2026-09-01T10:04:47Z,420022,18593555,19,-571
2026-09-01T10:04:47Z,410011,18593556,43,-253
2026-09-01T10:04:47Z,410012,18593557,12,297
2026-09-01T10:04:47Z,600011,18593569,15,330
2026-09-01T10:04:47Z,640032,18593574,24,1113
2026-09-01T10:04:47Z,640031,18593575,5,1115
2026-09-01T10:04:47Z,330011,18593576,25,86
2026-09-01T10:04:47Z,330012,18593577,24,531
2026-09-01T10:04:47Z,5030011,18593579,40,14
2026-09-01T10:04:47Z,5030012,18593580,15,69
2026-09-01T10:04:47Z,5010011,18593581,21,-108
2026-09-01T10:04:47Z,130011,18593583,15,259
2026-09-01T10:04:47Z,9010021,18593585,20,68
2026-09-01T10:04:47Z,9010021,18593586,20,-180
2026-09-01T10:04:47Z,9010021,18593587,20,-180
2026-09-01T10:04:47Z,120012,18593599,34,-186
2026-09-01T10:04:47Z,120011,18593600,15,-86
2026-09-01T10:04:47Z,130012,18593601,15,792
2026-09-01T10:04:47Z,4050041,18593602,54,230
2026-09-01T10:04:47Z,690021,18593605,8,-19
2026-09-01T10:04:47Z,690022,18593606,1,33
2026-09-01T10:04:47Z,1010011,18593616,27,186
2026-09-01T10:04:47Z,1010012,18593617,20,235
2026-09-01T10:04:47Z,360022,18593618,22,-98
2026-09-01T10:04:47Z,420022,18593619,49,-858
2026-09-01T10:04:47Z,190012,18593620,18,370
2026-09-01T10:04:47Z,190011,18593621,18,-255
2026-09-01T10:04:47Z,780012,18593622,12,1196
2026-09-01T10:04:47Z,780011,18593623,2,988
2026-09-01T10:04:47Z,750012,18593626,16,1219
2026-09-01T10:04:47Z,750011,18593627,2,1336
2026-09-01T10:04:47Z,280012,18593630,18,-223
2026-09-01T10:04:47Z,280011,18593631,21,-230
2026-09-01T10:04:47Z,5050011,18593632,16,-207
2026-09-01T10:04:47Z,5050022,18593633,11,443
2026-09-01T10:04:47Z,470011,18593634,19,242
2026-09-01T10:04:47Z,470012,18593635,18,-138
2026-09-01T10:04:47Z,470011,18593636,2,82
2026-09-01T10:04:47Z,250011,18593638,13,-105
2026-09-01T10:04:47Z,250012,18593639,18,15
2026-09-01T10:04:47Z,110012,18593644,38,-484
2026-09-01T10:04:47Z,110011,18593645,6,-190
2026-09-01T10:04:47Z,4000021,18593646,40,54
2026-09-01T10:04:47Z,5020011,18593647,48,-697
2026-09-01T10:04:47Z,5020012,18593648,2,93
2026-09-01T10:04:47Z,5010012,18593651,21,-97
2026-09-01T10:04:47Z,420021,18593652,51,-281
2026-09-01T10:04:47Z,440012,18593653,36,-655
2026-09-01T10:04:47Z,5040011,18593654,12,-219
2026-09-01T10:04:47Z,5040012,18593657,16,233
2026-09-01T10:04:47Z,5040011,18593658,12,-159
2026-09-01T10:04:47Z,320012,18593659,15,-188
2026-09-01T10:04:47Z,320011,18593660,16,-668
2026-09-01T10:04:47Z,120012,18593661,34,-795
2026-09-01T10:04:47Z,130011,18593662,15,-192
2026-09-01T10:04:47Z,4050041,18593663,49,-110
2026-09-01T10:04:47Z,670012,18593671,12,-136
2026-09-01T10:04:47Z,670011,18593672,12,-152
2026-09-01T10:04:47Z,310031,18593673,32,-673
2026-09-01T10:04:47Z,310031,18593674,2,29
2026-09-01T10:04:47Z,460011,18593687,34,-439
2026-09-01T10:04:47Z,420022,18593692,49,-989
2026-09-01T10:04:47Z,160011,18593693,6,-72
2026-09-01T10:04:47Z,160012,18593694,7,-107
2026-09-01T10:04:47Z,380021,18593695,21,209
2026-09-01T10:04:47Z,380022,18593696,21,13
2026-09-01T10:04:47Z,260012,18593697,21,-199
2026-09-01T10:04:47Z,260011,18593698,18,-296
2026-09-01T10:04:47Z,5030011,18593699,27,771
2026-09-01T10:04:47Z,5050011,18593701,16,-285
2026-09-01T10:04:47Z,170022,18593709,22,-307
2026-09-01T10:04:47Z,170021,18593710,7,59
2026-09-01T10:04:47Z,170021,18593711,20,-112
2026-09-01T10:04:47Z,150012,18593712,21,-479
2026-09-01T10:04:47Z,840011,18593714,10,467
2026-09-01T10:04:47Z,4000022,18593724,31,-300
2026-09-01T10:04:47Z,540012,18593743,15,-102
2026-09-01T10:04:47Z,5010012,18593745,21,-97
2026-09-01T10:04:47Z,420021,18593746,30,-300
2026-09-01T10:04:47Z,1680011,18593748,23,90
2026-09-01T10:04:47Z,440012,18593753,14,204
2026-09-01T10:04:47Z,5040012,18593756,14,-261
2026-09-01T10:04:47Z,120012,18593757,21,-245
2026-09-01T10:04:47Z,4050041,18593758,19,-170
2026-09-01T10:04:47Z,850011,18593762,14,138
2026-09-01T10:04:47Z,4050042,18593772,11,80
2026-09-01T10:04:47Z,360022,18593773,19,-190
2026-09-01T10:04:47Z,740012,18593776,17,-74
2026-09-01T10:04:47Z,730012,18593790,11,-163
2026-09-01T10:04:47Z,190012,18593804,7,-75
2026-09-01T10:04:47Z,230031,18593805,2,97
2026-09-01T10:04:47Z,280012,18593814,2,5
2026-09-01T10:04:47Z,260012,18593816,0,-530
2026-09-01T10:04:47Z,5020011,18593821,4,-84
2026-09-01T10:14:52Z,5030012,18592468,40,433
2026-09-01T10:14:52Z,5030012,18592498,40,435
2026-09-01T10:14:52Z,310031,18592542,32,1678
2026-09-01T10:14:52Z,5030011,18592552,40,-261
2026-09-01T10:14:52Z,5030012,18592553,31,68
2026-09-01T10:14:52Z,110011,18592600,37,-588
2026-09-01T10:14:52Z,440011,18592654,30,852
2026-09-01T10:14:52Z,130012,18592658,15,-569
2026-09-01T10:14:52Z,130011,18592659,15,-123
2026-09-01T10:14:52Z,5010011,18592662,21,-346
2026-09-01T10:14:52Z,700011,18592677,5,-89
2026-09-01T10:14:52Z,5030011,18592701,40,-84
2026-09-01T10:14:52Z,5030012,18592702,11,164
2026-09-01T10:14:52Z,5030011,18592728,10,329
2026-09-01T10:14:52Z,5050012,18592737,16,212
2026-09-01T10:14:52Z,5050011,18592738,6,115
2026-09-01T10:14:52Z,480012,18592747,23,-418
2026-09-01T10:14:52Z,480011,18592748,6,26
2026-09-01T10:14:52Z,7010012,18592785,15,-123
2026-09-01T10:14:52Z,7010011,18592786,6,10
2026-09-01T10:14:52Z,440011,18592805,30,1453
2026-09-01T10:14:52Z,4050041,18592830,54,-20
2026-09-01T10:14:52Z,420022,18592850,49,-22
2026-09-01T10:14:52Z,410011,18592857,43,2
2026-09-01T10:14:52Z,410012,18592858,0,-1018
2026-09-01T10:14:52Z,4000021,18592901,20,65
2026-09-01T10:14:52Z,810021,18592913,10,298
2026-09-01T10:14:52Z,520022,18592965,10,596
2026-09-01T10:14:52Z,520021,18592966,16,-477
2026-09-01T10:14:52Z,520022,18592967,6,-61
2026-09-01T10:14:52Z,260012,18592979,21,-77
2026-09-01T10:14:52Z,4050042,18593015,43,-535
2026-09-01T10:14:52Z,260011,18593034,18,-651
2026-09-01T10:14:52Z,170021,18593049,20,26
2026-09-01T10:14:52Z,310031,18593067,32,-431
2026-09-01T10:14:52Z,310031,18593068,32,-511
2026-09-01T10:14:52Z,410012,18593078,36,-274
2026-09-01T10:14:52Z,5020012,18593084,47,91
2026-09-01T10:14:52Z,5020011,18593085,48,-688
2026-09-01T10:14:52Z,460011,18593102,35,231
2026-09-01T10:14:52Z,460012,18593103,13,-37
2026-09-01T10:14:52Z,160012,18593141,7,-13
2026-09-01T10:14:52Z,5010012,18593146,2,95
2026-09-01T10:14:52Z,440012,18593153,36,-317
2026-09-01T10:14:52Z,440011,18593154,25,251
2026-09-01T10:14:52Z,460012,18593170,35,-403
2026-09-01T10:14:52Z,150011,18593183,25,26
2026-09-01T10:14:52Z,560012,18593195,17,545
2026-09-01T10:14:52Z,560011,18593196,5,794
2026-09-01T10:14:52Z,5040012,18593211,16,166
2026-09-01T10:14:52Z,430012,18593242,25,508
2026-09-01T10:14:52Z,430011,18593243,0,508
2026-09-01T10:14:52Z,5010011,18593262,21,-586
2026-09-01T10:14:52Z,160011,18593277,6,-72
2026-09-01T10:14:52Z,160012,18593278,5,-175
2026-09-01T10:14:52Z,410012,18593282,36,-665
2026-09-01T10:14:52Z,410011,18593283,39,-454
2026-09-01T10:14:52Z,390011,18593292,15,1157
2026-09-01T10:14:52Z,130012,18593342,15,-209
2026-09-01T10:14:52Z,470012,18593369,18,-181
2026-09-01T10:14:52Z,470011,18593370,19,251
2026-09-01T10:14:52Z,470012,18593371,13,-178
2026-09-01T10:14:52Z,110012,18593374,38,-417
2026-09-01T10:14:52Z,290022,18593382,18,235
2026-09-01T10:14:52Z,290021,18593383,16,-89
2026-09-01T10:14:52Z,290022,18593384,8,-154
2026-09-01T10:14:52Z,1010011,18593398,25,-66
2026-09-01T10:14:52Z,220021,18593419,33,-486
2026-09-01T10:14:52Z,220021,18593420,9,10
2026-09-01T10:14:52Z,620012,18593433,16,459
2026-09-01T10:14:52Z,620011,18593434,18,371
2026-09-01T10:14:52Z,110011,18593444,37,-597
2026-09-01T10:14:52Z,5020012,18593453,47,-1030
2026-09-01T10:14:52Z,330012,18593458,24,2307
2026-09-01T10:14:52Z,330011,18593459,25,-170
2026-09-01T10:14:52Z,120011,18593464,35,-667
2026-09-01T10:14:52Z,240012,18593478,17,-40
2026-09-01T10:14:52Z,240011,18593479,18,-179
2026-09-01T10:14:52Z,240012,18593480,16,33
2026-09-01T10:14:52Z,510012,18593488,11,-122
2026-09-01T10:14:52Z,510011,18593489,11,48
2026-09-01T10:14:52Z,410012,18593491,36,-1208
2026-09-01T10:14:52Z,5020012,18593495,47,-989
2026-09-01T10:14:52Z,420021,18593499,52,875
2026-09-01T10:14:52Z,420021,18593500,6,-149
2026-09-01T10:14:52Z,120011,18593507,35,-382
2026-09-01T10:14:52Z,4050042,18593512,55,440
2026-09-01T10:14:52Z,380021,18593522,22,994
2026-09-01T10:14:52Z,230031,18593527,47,-322
2026-09-01T10:14:52Z,230031,18593528,47,-393
2026-09-01T10:14:52Z,4000022,18593536,41,-125
2026-09-01T10:14:52Z,4000021,18593537,40,-259
2026-09-01T10:14:52Z,5020011,18593538,48,-275
2026-09-01T10:14:52Z,220021,18593543,33,-100
2026-09-01T10:14:52Z,220021,18593544,33,-740
2026-09-01T10:14:52Z,680022,18593548,8,150
2026-09-01T10:14:52Z,420021,18593554,52,-641
2026-09-01T10:14:52Z,420022,18593555,31,-596
2026-09-01T10:14:52Z,410011,18593556,43,-86
2026-09-01T10:14:52Z,410012,18593557,20,367
2026-09-01T10:14:52Z,600011,18593569,15,196
2026-09-01T10:14:52Z,600012,18593570,0,-2924
2026-09-01T10:14:52Z,640032,18593574,24,1170
2026-09-01T10:14:52Z,640031,18593575,5,1172
2026-09-01T10:14:52Z,330011,18593576,25,171
2026-09-01T10:14:52Z,330012,18593577,24,757
2026-09-01T10:14:52Z,5030011,18593579,40,109
2026-09-01T10:14:52Z,5030012,18593580,16,471
2026-09-01T10:14:52Z,9010021,18593586,20,-180
2026-09-01T10:14:52Z,9010021,18593587,20,-180
2026-09-01T10:14:52Z,120012,18593599,34,-41
2026-09-01T10:14:52Z,120011,18593600,29,-309
2026-09-01T10:14:52Z,130012,18593601,15,611
2026-09-01T10:14:52Z,4050041,18593602,54,1
2026-09-01T10:14:52Z,690021,18593605,8,-69
2026-09-01T10:14:52Z,690022,18593606,3,-12
2026-09-01T10:14:52Z,1010011,18593616,27,231
2026-09-01T10:14:52Z,1010012,18593617,25,63
2026-09-01T10:14:52Z,420022,18593619,49,-690
2026-09-01T10:14:52Z,780012,18593622,12,890
2026-09-01T10:14:52Z,780011,18593623,2,682
2026-09-01T10:14:52Z,750012,18593626,16,1302
2026-09-01T10:14:52Z,750011,18593627,2,1419
2026-09-01T10:14:52Z,280012,18593630,18,-140
2026-09-01T10:14:52Z,280011,18593631,21,-236
2026-09-01T10:14:52Z,5050011,18593632,16,-189
2026-09-01T10:14:52Z,5050022,18593633,16,285
2026-09-01T10:14:52Z,470011,18593634,19,279
2026-09-01T10:14:52Z,470012,18593635,18,-422
2026-09-01T10:14:52Z,470011,18593636,12,-91
2026-09-01T10:14:52Z,250011,18593638,13,-45
2026-09-01T10:14:52Z,250012,18593639,18,-6
2026-09-01T10:14:52Z,110012,18593644,38,-276
2026-09-01T10:14:52Z,110011,18593645,19,-462
2026-09-01T10:14:52Z,4000021,18593646,40,-74
2026-09-01T10:14:52Z,5020011,18593647,48,-602
2026-09-01T10:14:52Z,5020012,18593648,16,-54
2026-09-01T10:14:52Z,5010012,18593651,21,-274
2026-09-01T10:14:52Z,420021,18593652,52,-181
2026-09-01T10:14:52Z,440012,18593653,36,-552
2026-09-01T10:14:52Z,5040011,18593654,12,-218
2026-09-01T10:14:52Z,5040012,18593657,16,291
2026-09-01T10:14:52Z,5040011,18593658,12,-158
2026-09-01T10:14:52Z,320012,18593659,15,-185
2026-09-01T10:14:52Z,320011,18593660,16,-670
2026-09-01T10:14:52Z,120012,18593661,34,-797
2026-09-01T10:14:52Z,130011,18593662,15,-183
2026-09-01T10:14:52Z,4050041,18593663,54,-270
2026-09-01T10:14:52Z,670012,18593671,12,-136
2026-09-01T10:14:52Z,670011,18593672,12,-152
2026-09-01T10:14:52Z,310031,18593673,32,-690
2026-09-01T10:14:52Z,310031,18593674,20,-344
2026-09-01T10:14:52Z,460011,18593687,35,499
2026-09-01T10:14:52Z,410011,18593688,43,-469
2026-09-01T10:14:52Z,420022,18593692,49,-992
2026-09-01T10:14:52Z,160011,18593693,6,-72
2026-09-01T10:14:52Z,160012,18593694,7,-110
2026-09-01T10:14:52Z,380021,18593695,21,216
2026-09-01T10:14:52Z,380022,18593696,21,9
2026-09-01T10:14:52Z,260012,18593697,21,-143
2026-09-01T10:14:52Z,260011,18593698,18,-310
2026-09-01T10:14:52Z,5030011,18593699,30,975
2026-09-01T10:14:52Z,5050011,18593701,16,-277
2026-09-01T10:14:52Z,170022,18593709,22,-304
2026-09-01T10:14:52Z,170021,18593710,16,37
2026-09-01T10:14:52Z,170021,18593711,20,-125
2026-09-01T10:14:52Z,150012,18593712,21,-479
2026-09-01T10:14:52Z,150011,18593713,18,-18
2026-09-01T10:14:52Z,840011,18593714,10,467
2026-09-01T10:14:52Z,4000022,18593724,41,-280
2026-09-01T10:14:52Z,540012,18593743,16,549
2026-09-01T10:14:52Z,540011,18593744,8,486
2026-09-01T10:14:52Z,5010012,18593745,21,-376
2026-09-01T10:14:52Z,420021,18593746,45,-838
2026-09-01T10:14:52Z,1680011,18593748,23,90
2026-09-01T10:14:52Z,440012,18593753,22,340
2026-09-01T10:14:52Z,5040012,18593756,16,111
2026-09-01T10:14:52Z,120012,18593757,32,-547
2026-09-01T10:14:52Z,4050041,18593758,28,-269
2026-09-01T10:14:52Z,850011,18593762,17,80
2026-09-01T10:14:52Z,4050042,18593772,22,-10
2026-09-01T10:14:52Z,360022,18593773,22,-259
2026-09-01T10:14:52Z,740012,18593776,19,-64
2026-09-01T10:14:52Z,730012,18593790,12,224
2026-09-01T10:14:52Z,190012,18593804,16,-20
2026-09-01T10:14:52Z,230031,18593805,17,-291
2026-09-01T10:14:52Z,280012,18593814,9,-66
2026-09-01T10:14:52Z,260012,18593816,10,-175
2026-09-01T10:14:52Z,5020011,18593821,15,-664
2026-09-01T10:14:52Z,500012,18593823,1,-17
2026-09-01T10:25:19Z,7000011,18592449,71,2207
2026-09-01T10:25:19Z,5030012,18592468,40,60
2026-09-01T10:25:19Z,5030012,18592498,40,420
2026-09-01T10:25:19Z,4050042,18592533,4,146
2026-09-01T10:25:19Z,5030012,18592553,40,-668
2026-09-01T10:25:19Z,110011,18592600,37,-658
2026-09-01T10:25:19Z,440011,18592654,30,373
2026-09-01T10:25:19Z,130012,18592658,15,-441
2026-09-01T10:25:19Z,130011,18592659,15,-112
2026-09-01T10:25:19Z,5010011,18592662,21,-187
2026-09-01T10:25:19Z,5030011,18592701,40,-367
2026-09-01T10:25:19Z,5030012,18592702,18,71
2026-09-01T10:25:19Z,820012,18592709,0,-3311
2026-09-01T10:25:19Z,5030011,18592728,22,585
2026-09-01T10:25:19Z,5050012,18592737,16,301
2026-09-01T10:25:19Z,5050011,18592738,13,-90
2026-09-01T10:25:19Z,480012,18592747,23,-398
2026-09-01T10:25:19Z,480011,18592748,13,-88
2026-09-01T10:25:19Z,7010012,18592785,15,-314
2026-09-01T10:25:19Z,7010011,18592786,8,68
2026-09-01T10:25:19Z,440011,18592805,30,2042
2026-09-01T10:25:19Z,410011,18592857,43,-33
2026-09-01T10:25:19Z,410012,18592858,10,549
2026-09-01T10:25:19Z,4000021,18592901,35,-55
2026-09-01T10:25:19Z,810021,18592913,17,318
2026-09-01T10:25:19Z,520021,18592966,16,-436
2026-09-01T10:25:19Z,520022,18592967,8,-154
2026-09-01T10:25:19Z,260012,18592979,21,-249
2026-09-01T10:25:19Z,4050042,18593015,43,-342
2026-09-01T10:25:19Z,260011,18593034,18,-452
2026-09-01T10:25:19Z,170021,18593049,20,89
2026-09-01T10:25:19Z,310031,18593067,32,-234
2026-09-01T10:25:19Z,310031,18593068,32,-559
2026-09-01T10:25:19Z,310031,18593069,5,21
2026-09-01T10:25:19Z,410012,18593078,36,-1302
2026-09-01T10:25:19Z,5020012,18593084,47,156
2026-09-01T10:25:19Z,5020011,18593085,48,-677
2026-09-01T10:25:19Z,460011,18593102,35,480
2026-09-01T10:25:19Z,460012,18593103,26,-64
2026-09-01T10:25:19Z,5010012,18593146,16,-240
2026-09-01T10:25:19Z,440012,18593153,36,-132
2026-09-01T10:25:19Z,440011,18593154,29,66
2026-09-01T10:25:19Z,120012,18593164,11,-94
2026-09-01T10:25:19Z,460012,18593170,35,-411
2026-09-01T10:25:19Z,560012,18593195,17,545
2026-09-01T10:25:19Z,560011,18593196,12,925
2026-09-01T10:25:19Z,430012,18593242,25,132
2026-09-01T10:25:19Z,430011,18593243,17,419
2026-09-01T10:25:19Z,5010011,18593262,21,-579
2026-09-01T10:25:19Z,160011,18593277,6,-89
2026-09-01T10:25:19Z,160012,18593278,7,-294
2026-09-01T10:25:19Z,410012,18593282,36,-512
2026-09-01T10:25:19Z,410011,18593283,43,-419
2026-09-01T10:25:19Z,390011,18593292,15,656
2026-09-01T10:25:19Z,110012,18593333,26,-150
2026-09-01T10:25:19Z,130012,18593342,15,-218
2026-09-01T10:25:19Z,320012,18593350,11,-80
2026-09-01T10:25:19Z,470011,18593370,19,-96
2026-09-01T10:25:19Z,470012,18593371,18,-289
2026-09-01T10:25:19Z,110012,18593374,38,-415
2026-09-01T10:25:19Z,290022,18593382,18,-179
2026-09-01T10:25:19Z,290021,18593383,16,-121
2026-09-01T10:25:19Z,290022,18593384,14,-118
2026-09-01T10:25:19Z,1010011,18593398,27,-46
2026-09-01T10:25:19Z,220021,18593419,33,-351
2026-09-01T10:25:19Z,220021,18593420,20,-85
2026-09-01T10:25:19Z,620012,18593433,16,1079
2026-09-01T10:25:19Z,620011,18593434,22,284
2026-09-01T10:25:19Z,110011,18593444,37,-611
2026-09-01T10:25:19Z,5020012,18593453,47,-890
2026-09-01T10:25:19Z,330011,18593459,25,-156
2026-09-01T10:25:19Z,440011,18593462,2,311
2026-09-01T10:25:19Z,130012,18593467,7,-34
2026-09-01T10:25:19Z,240011,18593479,18,-171
2026-09-01T10:25:19Z,240012,18593480,17,0
2026-09-01T10:25:19Z,510012,18593488,11,-122
2026-09-01T10:25:19Z,510011,18593489,14,10
2026-09-01T10:25:19Z,410012,18593491,36,-1064
2026-09-01T10:25:19Z,5020012,18593495,47,-1011
2026-09-01T10:25:19Z,420021,18593499,52,1474
2026-09-01T10:25:19Z,420021,18593500,18,-306
2026-09-01T10:25:19Z,120011,18593507,35,-564
2026-09-01T10:25:19Z,4050042,18593512,55,-125
2026-09-01T10:25:19Z,230031,18593528,47,-398
2026-09-01T10:25:19Z,560011,18593530,21,288
2026-09-01T10:25:19Z,4000021,18593537,40,-276
2026-09-01T10:25:19Z,220021,18593544,33,-735
2026-09-01T10:25:19Z,680022,18593548,9,322
2026-09-01T10:25:19Z,420021,18593554,52,-549
2026-09-01T10:25:19Z,420022,18593555,47,-874
2026-09-01T10:25:19Z,410012,18593557,34,-228
2026-09-01T10:25:19Z,600012,18593570,4,320
2026-09-01T10:25:19Z,650011,18593573,17,-50
2026-09-01T10:25:19Z,640032,18593574,24,668
2026-09-01T10:25:19Z,640031,18593575,6,1050
2026-09-01T10:25:19Z,330012,18593577,24,865
2026-09-01T10:25:19Z,5030011,18593579,40,-299
2026-09-01T10:25:19Z,5030012,18593580,32,-182
2026-09-01T10:25:19Z,9010021,18593586,20,26
2026-09-01T10:25:19Z,9010021,18593587,20,-196
2026-09-01T10:25:19Z,9010021,18593588,12,-154
2026-09-01T10:25:19Z,120012,18593599,34,-13
2026-09-01T10:25:19Z,120011,18593600,35,-461
2026-09-01T10:25:19Z,4050041,18593602,54,-3
2026-09-01T10:25:19Z,690022,18593606,3,-12
2026-09-01T10:25:19Z,690021,18593607,8,-31
2026-09-01T10:25:19Z,1010012,18593617,25,58
2026-09-01T10:25:19Z,420022,18593619,49,-519
2026-09-01T10:25:19Z,190011,18593621,18,-326
2026-09-01T10:25:19Z,780012,18593622,12,278
2026-09-01T10:25:19Z,780011,18593623,10,1441
2026-09-01T10:25:19Z,750012,18593626,16,1085
2026-09-01T10:25:19Z,750011,18593627,3,1953
2026-09-01T10:25:19Z,280012,18593630,18,15
2026-09-01T10:25:19Z,280011,18593631,21,-233
2026-09-01T10:25:19Z,5050011,18593632,16,10
2026-09-01T10:25:19Z,5050022,18593633,24,33
2026-09-01T10:25:19Z,470011,18593634,19,14
2026-09-01T10:25:19Z,470012,18593635,18,-469
2026-09-01T10:25:19Z,470011,18593636,19,144
2026-09-01T10:25:19Z,250012,18593639,18,-33
2026-09-01T10:25:19Z,110012,18593644,38,-100
2026-09-01T10:25:19Z,110011,18593645,33,-640
2026-09-01T10:25:19Z,4000021,18593646,40,-73
2026-09-01T10:25:19Z,5020011,18593647,48,-601
2026-09-01T10:25:19Z,5020012,18593648,31,-413
2026-09-01T10:25:19Z,5010012,18593651,21,-66
2026-09-01T10:25:19Z,420021,18593652,52,23
2026-09-01T10:25:19Z,440012,18593653,36,-116
2026-09-01T10:25:19Z,5040011,18593654,12,-221
2026-09-01T10:25:19Z,5040012,18593657,16,101
2026-09-01T10:25:19Z,5040011,18593658,12,-180
2026-09-01T10:25:19Z,320012,18593659,15,-126
2026-09-01T10:25:19Z,320011,18593660,16,-675
2026-09-01T10:25:19Z,120012,18593661,34,-609
2026-09-01T10:25:19Z,130011,18593662,15,30
2026-09-01T10:25:19Z,4050041,18593663,54,-159
2026-09-01T10:25:19Z,670012,18593671,12,9
2026-09-01T10:25:19Z,670011,18593672,12,-152
2026-09-01T10:25:19Z,310031,18593673,32,-680
2026-09-01T10:25:19Z,310031,18593674,31,-599
2026-09-01T10:25:19Z,360021,18593682,24,-224
2026-09-01T10:25:19Z,460011,18593687,35,469
2026-09-01T10:25:19Z,410011,18593688,43,-332
2026-09-01T10:25:19Z,410012,18593689,0,-1112
2026-09-01T10:25:19Z,420022,18593692,49,-972
2026-09-01T10:25:19Z,160011,18593693,6,-43
2026-09-01T10:25:19Z,160012,18593694,7,-114
2026-09-01T10:25:19Z,380021,18593695,22,1082
2026-09-01T10:25:19Z,380022,18593696,21,-51
2026-09-01T10:25:19Z,260011,18593698,18,-321
2026-09-01T10:25:19Z,5030011,18593699,40,-556
2026-09-01T10:25:19Z,5050011,18593701,16,-253
2026-09-01T10:25:19Z,5050012,18593702,8,393
2026-09-01T10:25:19Z,170022,18593709,22,-295
2026-09-01T10:25:19Z,170021,18593710,20,-195
2026-09-01T10:25:19Z,170021,18593711,20,-135
2026-09-01T10:25:19Z,150012,18593712,21,-469
2026-09-01T10:25:19Z,150011,18593713,25,32
2026-09-01T10:25:19Z,840011,18593714,10,467
2026-09-01T10:25:19Z,4000022,18593724,41,-271
2026-09-01T10:25:19Z,530012,18593727,17,-29
2026-09-01T10:25:19Z,530011,18593728,19,313
2026-09-01T10:25:19Z,520022,18593731,10,-11
2026-09-01T10:25:19Z,520021,18593732,2,-16
2026-09-01T10:25:19Z,540012,18593743,16,549
2026-09-01T10:25:19Z,540011,18593744,16,381
2026-09-01T10:25:19Z,5010012,18593745,21,-390
2026-09-01T10:25:19Z,420021,18593746,52,-879
2026-09-01T10:25:19Z,1680011,18593748,23,87
2026-09-01T10:25:19Z,440012,18593753,32,423
2026-09-01T10:25:19Z,5040012,18593756,16,-270
2026-09-01T10:25:19Z,120012,18593757,34,-657
2026-09-01T10:25:19Z,4050041,18593758,41,-331
2026-09-01T10:25:19Z,850011,18593762,17,80
2026-09-01T10:25:19Z,4050042,18593772,34,-17
2026-09-01T10:25:19Z,360022,18593773,22,-257
2026-09-01T10:25:19Z,740012,18593776,19,-64
2026-09-01T10:25:19Z,740011,18593777,12,-342
2026-09-01T10:25:19Z,730012,18593790,12,224
2026-09-01T10:25:19Z,190012,18593804,18,39
2026-09-01T10:25:19Z,230031,18593805,30,-456
2026-09-01T10:25:19Z,260011,18593812,16,-338
2026-09-01T10:25:19Z,280012,18593814,18,-261
2026-09-01T10:25:19Z,260012,18593816,18,-356
2026-09-01T10:25:19Z,5020011,18593821,29,-750
2026-09-01T10:25:19Z,500012,18593823,16,-58
2026-09-01T10:25:19Z,670012,18593827,12,-144
2026-09-01T10:25:19Z,670011,18593828,9,-98
2026-09-01T10:25:19Z,5040011,18593831,5,-254
2026-09-01T10:25:19Z,5040012,18593833,8,87
2026-09-01T10:25:19Z,330012,18593834,8,85
2026-09-01T10:25:19Z,630032,18593847,2,-77
2026-09-01T10:25:19Z,360021,18593851,6,-84
2026-09-01T10:25:19Z,420022,18593856,6,-160
2026-09-01T10:25:19Z,160011,18593864,4,54
2026-09-01T10:35:25Z,7000011,18592449,71,2835
2026-09-01T10:35:25Z,7000012,18592450,3,125
2026-09-01T10:35:25Z,5030012,18592468,40,112
2026-09-01T10:35:25Z,5030012,18592498,40,314
2026-09-01T10:35:25Z,4050042,18592533,11,90
2026-09-01T10:35:25Z,5030012,18592553,40,-601
2026-09-01T10:35:25Z,440011,18592654,30,803
2026-09-01T10:35:25Z,130012,18592658,15,-563
2026-09-01T10:35:25Z,130011,18592659,15,-115
2026-09-01T10:35:25Z,5010011,18592662,21,-60
2026-09-01T10:35:25Z,5030011,18592701,40,-274
2026-09-01T10:35:25Z,5030012,18592702,31,-135
2026-09-01T10:35:25Z,820012,18592709,1,238
2026-09-01T10:35:25Z,5030011,18592728,30,545
2026-09-01T10:35:25Z,5050012,18592737,16,386
2026-09-01T10:35:25Z,5050011,18592738,16,-157
2026-09-01T10:35:25Z,480012,18592747,23,-589
2026-09-01T10:35:25Z,480011,18592748,14,-150
2026-09-01T10:35:25Z,4000022,18592771,3,99
2026-09-01T10:35:25Z,7010012,18592785,15,-670
2026-09-01T10:35:25Z,7010011,18592786,12,455
2026-09-01T10:35:25Z,5030011,18592844,6,35
2026-09-01T10:35:25Z,410011,18592857,43,218
2026-09-01T10:35:25Z,410012,18592858,19,596
2026-09-01T10:35:25Z,4000021,18592901,39,-515
2026-09-01T10:35:25Z,810021,18592913,18,104
2026-09-01T10:35:25Z,520021,18592966,16,-250
2026-09-01T10:35:25Z,520022,18592967,9,-207
2026-09-01T10:35:25Z,260012,18592979,21,5
2026-09-01T10:35:25Z,4050042,18593015,43,-320
2026-09-01T10:35:25Z,310031,18593067,32,-59
2026-09-01T10:35:25Z,310031,18593068,32,-549
2026-09-01T10:35:25Z,310031,18593069,21,-312
2026-09-01T10:35:25Z,410012,18593078,36,-1156
2026-09-01T10:35:25Z,5020011,18593085,48,-553
2026-09-01T10:35:25Z,5020012,18593086,5,11
2026-09-01T10:35:25Z,460011,18593102,35,752
2026-09-01T10:35:25Z,460012,18593103,35,-170
2026-09-01T10:35:25Z,270012,18593132,2,-89
2026-09-01T10:35:25Z,5010012,18593146,21,-394
2026-09-01T10:35:25Z,440012,18593153,36,468
2026-09-01T10:35:25Z,440011,18593154,29,61
2026-09-01T10:35:25Z,120012,18593164,25,-412
2026-09-01T10:35:25Z,460012,18593170,35,-288
2026-09-01T10:35:25Z,260011,18593179,2,-149
2026-09-01T10:35:25Z,560012,18593195,17,861
2026-09-01T10:35:25Z,560011,18593196,12,1241
2026-09-01T10:35:25Z,430012,18593242,25,232
2026-09-01T10:35:25Z,430011,18593243,22,429
2026-09-01T10:35:25Z,5010011,18593262,21,-605
2026-09-01T10:35:25Z,160011,18593277,6,-95
2026-09-01T10:35:25Z,160012,18593278,7,-294
2026-09-01T10:35:25Z,410011,18593283,43,-315
2026-09-01T10:35:25Z,110012,18593333,38,-360
2026-09-01T10:35:25Z,130012,18593342,15,-254
2026-09-01T10:35:25Z,320012,18593350,15,-221
2026-09-01T10:35:25Z,470011,18593370,19,57
2026-09-01T10:35:25Z,470012,18593371,18,-254
2026-09-01T10:35:25Z,110012,18593374,38,-289
2026-09-01T10:35:25Z,290021,18593383,16,-69
2026-09-01T10:35:25Z,290022,18593384,18,-61
2026-09-01T10:35:25Z,1010011,18593398,27,-51
2026-09-01T10:35:25Z,220021,18593419,33,-244
2026-09-01T10:35:25Z,220021,18593420,30,-222
2026-09-01T10:35:25Z,620012,18593433,16,578
2026-09-01T10:35:25Z,620011,18593434,22,309
2026-09-01T10:35:25Z,110011,18593444,37,-481
2026-09-01T10:35:25Z,5020012,18593453,47,-713
2026-09-01T10:35:25Z,330011,18593459,25,-158
2026-09-01T10:35:25Z,440011,18593462,9,488
2026-09-01T10:35:25Z,130012,18593467,15,-314
2026-09-01T10:35:25Z,240011,18593479,18,-116
2026-09-01T10:35:25Z,240012,18593480,17,-11
2026-09-01T10:35:25Z,240011,18593481,8,-98
2026-09-01T10:35:25Z,510012,18593488,11,-109
2026-09-01T10:35:25Z,510011,18593489,14,10
2026-09-01T10:35:25Z,410012,18593491,36,-813
2026-09-01T10:35:25Z,5020012,18593495,47,-886
2026-09-01T10:35:25Z,420021,18593500,31,-240
2026-09-01T10:35:25Z,120011,18593507,35,-408
2026-09-01T10:35:25Z,260012,18593526,2,20
2026-09-01T10:35:25Z,230031,18593528,47,-347
2026-09-01T10:35:25Z,4000021,18593537,40,-266
2026-09-01T10:35:25Z,220021,18593544,33,-764
2026-09-01T10:35:25Z,680022,18593548,20,687
2026-09-01T10:35:25Z,420021,18593554,52,-543
2026-09-01T10:35:25Z,420022,18593555,49,-1073
2026-09-01T10:35:25Z,410012,18593557,36,-272
2026-09-01T10:35:25Z,770012,18593559,1,1359
2026-09-01T10:35:25Z,600012,18593570,14,377
2026-09-01T10:35:25Z,600011,18593571,7,428
2026-09-01T10:35:25Z,650011,18593573,17,-4
2026-09-01T10:35:25Z,640032,18593574,24,92
2026-09-01T10:35:25Z,640031,18593575,14,1470
2026-09-01T10:35:25Z,330012,18593577,24,1286
2026-09-01T10:35:25Z,5030011,18593579,40,-94
2026-09-01T10:35:25Z,5030012,18593580,39,-606
2026-09-01T10:35:25Z,9010021,18593586,20,128
2026-09-01T10:35:25Z,9010021,18593587,20,-195
2026-09-01T10:35:25Z,9010021,18593588,20,-195
2026-09-01T10:35:25Z,120011,18593600,35,-443
2026-09-01T10:35:25Z,4050041,18593602,54,133
2026-09-01T10:35:25Z,690022,18593606,3,-12
2026-09-01T10:35:25Z,690021,18593607,8,-31
2026-09-01T10:35:25Z,1010012,18593617,25,58
2026-09-01T10:35:25Z,420022,18593619,49,-424
2026-09-01T10:35:25Z,190011,18593621,18,-147
2026-09-01T10:35:25Z,780011,18593623,12,1628
2026-09-01T10:35:25Z,750012,18593626,16,1128
2026-09-01T10:35:25Z,750011,18593627,7,2176
2026-09-01T10:35:25Z,280011,18593631,21,-263
2026-09-01T10:35:25Z,5050011,18593632,16,104
2026-09-01T10:35:25Z,5050022,18593633,25,193
2026-09-01T10:35:25Z,470012,18593635,18,-309
2026-09-01T10:35:25Z,470011,18593636,19,138
2026-09-01T10:35:25Z,470012,18593637,3,-54
2026-09-01T10:35:25Z,250012,18593639,18,-155
2026-09-01T10:35:25Z,110012,18593644,38,71
2026-09-01T10:35:25Z,110011,18593645,37,-669
2026-09-01T10:35:25Z,4000021,18593646,40,121
2026-09-01T10:35:25Z,5020011,18593647,48,-401
2026-09-01T10:35:25Z,5020012,18593648,42,-781
2026-09-01T10:35:25Z,5010012,18593651,21,104
2026-09-01T10:35:25Z,420021,18593652,52,443
2026-09-01T10:35:25Z,440012,18593653,36,120
2026-09-01T10:35:25Z,5040011,18593654,12,25
2026-09-01T10:35:25Z,5040012,18593657,16,289
2026-09-01T10:35:25Z,5040011,18593658,12,-104
2026-09-01T10:35:25Z,320011,18593660,16,-676
2026-09-01T10:35:25Z,120012,18593661,34,-517
2026-09-01T10:35:25Z,4050041,18593663,54,-67
2026-09-01T10:35:25Z,670011,18593672,12,-110
2026-09-01T10:35:25Z,310031,18593673,32,-474
2026-09-01T10:35:25Z,310031,18593674,32,-549
2026-09-01T10:35:25Z,360021,18593682,24,-47
2026-09-01T10:35:25Z,460011,18593687,35,678
2026-09-01T10:35:25Z,410011,18593688,43,26
2026-09-01T10:35:25Z,410012,18593689,0,-754
2026-09-01T10:35:25Z,420022,18593692,49,-851
2026-09-01T10:35:25Z,160012,18593694,7,-114
2026-09-01T10:35:25Z,380021,18593695,22,1263
2026-09-01T10:35:25Z,380022,18593696,21,-11
2026-09-01T10:35:25Z,260012,18593697,21,-492
2026-09-01T10:35:25Z,260011,18593698,18,-184
2026-09-01T10:35:25Z,5030011,18593699,40,-373
2026-09-01T10:35:25Z,5030012,18593700,2,63
2026-09-01T10:35:25Z,5050011,18593701,16,-23
2026-09-01T10:35:25Z,5050012,18593702,11,427
2026-09-01T10:35:25Z,170022,18593709,22,-140
2026-09-01T10:35:25Z,170021,18593710,20,-202
2026-09-01T10:35:25Z,170021,18593711,20,-69
2026-09-01T10:35:25Z,150012,18593712,21,-304
2026-09-01T10:35:25Z,150011,18593713,25,35
2026-09-01T10:35:25Z,840011,18593714,10,121
2026-09-01T10:35:25Z,4000022,18593724,41,-134
2026-09-01T10:35:25Z,4000021,18593725,8,27
2026-09-01T10:35:25Z,530012,18593727,17,-29
2026-09-01T10:35:25Z,530011,18593728,20,292
2026-09-01T10:35:25Z,520022,18593731,10,-16
2026-09-01T10:35:25Z,520021,18593732,9,-148
2026-09-01T10:35:25Z,540012,18593743,16,549
2026-09-01T10:35:25Z,540011,18593744,16,381
2026-09-01T10:35:25Z,5010012,18593745,21,-392
2026-09-01T10:35:25Z,420021,18593746,52,-776
2026-09-01T10:35:25Z,1680011,18593748,23,87
2026-09-01T10:35:25Z,440012,18593753,34,816
2026-09-01T10:35:25Z,5040012,18593756,16,-294
2026-09-01T10:35:25Z,120012,18593757,34,-663
2026-09-01T10:35:25Z,4050041,18593758,49,-329
2026-09-01T10:35:25Z,850011,18593762,17,80
2026-09-01T10:35:25Z,850012,18593763,0,-1300
2026-09-01T10:35:25Z,4050042,18593772,38,-325
2026-09-01T10:35:25Z,360022,18593773,22,-256
2026-09-01T10:35:25Z,460011,18593774,34,-476
2026-09-01T10:35:25Z,740012,18593776,19,-64
2026-09-01T10:35:25Z,740011,18593777,19,-376
2026-09-01T10:35:25Z,730012,18593790,12,224
2026-09-01T10:35:25Z,730011,18593791,10,-86
2026-09-01T10:35:25Z,190012,18593804,18,21
2026-09-01T10:35:25Z,230031,18593805,44,-835
2026-09-01T10:35:25Z,260011,18593812,18,-365
2026-09-01T10:35:25Z,280012,18593814,18,-282
2026-09-01T10:35:25Z,280011,18593815,4,-96
2026-09-01T10:35:25Z,260012,18593816,21,-493
2026-09-01T10:35:25Z,270011,18593820,8,-61
2026-09-01T10:35:25Z,5020011,18593821,42,-838
2026-09-01T10:35:25Z,500012,18593823,18,-33
2026-09-01T10:35:25Z,670012,18593827,12,-145
2026-09-01T10:35:25Z,670011,18593828,12,-161
2026-09-01T10:35:25Z,5040011,18593831,12,-163
2026-09-01T10:35:25Z,5040012,18593833,15,-190
2026-09-01T10:35:25Z,330012,18593834,20,-20
2026-09-01T10:35:25Z,630032,18593847,9,-168
2026-09-01T10:35:25Z,360021,18593851,20,-187
2026-09-01T10:35:25Z,420022,18593856,21,-685
2026-09-01T10:35:25Z,160011,18593864,6,-95
2026-09-01T10:35:25Z,190011,18593872,9,-113
2026-09-01T10:35:25Z,380021,18593881,2,45
2026-09-01T10:35:25Z,230031,18593887,0,219
2026-09-01T10:35:25Z,5050011,18593888,6,110
2026-09-01T10:35:25Z,110012,18593898,4,68
2026-09-01T10:35:25Z,110011,18593902,7,-202
2026-09-01T10:35:25Z,150012,18593906,3,75
2026-09-01T10:35:25Z,460012,18593910,8,-291
2026-09-01T10:35:25Z,5020011,18593911,4,-87
2026-09-01T10:45:52Z,7000011,18592449,71,3423
2026-09-01T10:45:52Z,7000012,18592450,13,186
2026-09-01T10:45:52Z,5030012,18592468,40,137
2026-09-01T10:45:52Z,4050042,18592533,22,63
2026-09-01T10:45:52Z,5030012,18592553,40,-366
2026-09-01T10:45:52Z,440011,18592654,30,830
2026-09-01T10:45:52Z,130011,18592659,15,-100
2026-09-01T10:45:52Z,5030011,18592701,40,-142
2026-09-01T10:45:52Z,5030012,18592702,38,-558
2026-09-01T10:45:52Z,820012,18592709,1,238
2026-09-01T10:45:52Z,5030011,18592728,37,-414
2026-09-01T10:45:52Z,5050012,18592737,16,85
2026-09-01T10:45:52Z,5050011,18592738,16,-134
2026-09-01T10:45:52Z,5050022,18592739,0,-914
2026-09-01T10:45:52Z,480012,18592747,23,-452
2026-09-01T10:45:52Z,480011,18592748,14,-151
2026-09-01T10:45:52Z,4000022,18592771,5,100
2026-09-01T10:45:52Z,7010011,18592786,16,447
2026-09-01T10:45:52Z,5030011,18592844,11,323
2026-09-01T10:45:52Z,410011,18592857,43,58
2026-09-01T10:45:52Z,410012,18592858,34,192
2026-09-01T10:45:52Z,4000021,18592901,40,-582
2026-09-01T10:45:52Z,810021,18592913,18,-52
2026-09-01T10:45:52Z,520021,18592966,16,18
2026-09-01T10:45:52Z,520022,18592967,10,-12
2026-09-01T10:45:52Z,4050042,18593015,48,959
2026-09-01T10:45:52Z,380022,18593039,8,114
2026-09-01T10:45:52Z,310031,18593068,32,-508
2026-09-01T10:45:52Z,310031,18593069,32,-452
2026-09-01T10:45:52Z,410012,18593078,36,-960
2026-09-01T10:45:52Z,5020011,18593085,48,-440
2026-09-01T10:45:52Z,5020012,18593086,18,-275
2026-09-01T10:45:52Z,460011,18593102,35,539
2026-09-01T10:45:52Z,460012,18593103,35,-233
2026-09-01T10:45:52Z,270012,18593132,9,-349
2026-09-01T10:45:52Z,5010012,18593146,21,-436
2026-09-01T10:45:52Z,440011,18593154,30,828
2026-09-01T10:45:52Z,120012,18593164,34,-660
2026-09-01T10:45:52Z,460012,18593170,35,-400
2026-09-01T10:45:52Z,260011,18593179,9,-294
2026-09-01T10:45:52Z,560012,18593195,17,867
2026-09-01T10:45:52Z,560011,18593196,16,1579
2026-09-01T10:45:52Z,430012,18593242,25,58
2026-09-01T10:45:52Z,430011,18593243,22,244
2026-09-01T10:45:52Z,5010011,18593262,21,-594
2026-09-01T10:45:52Z,160011,18593277,6,-104
2026-09-01T10:45:52Z,160012,18593278,7,-296
2026-09-01T10:45:52Z,410011,18593283,43,-90
2026-09-01T10:45:52Z,410012,18593284,0,-1050
2026-09-01T10:45:52Z,110012,18593333,38,-362
2026-09-01T10:45:52Z,130012,18593342,15,-269
2026-09-01T10:45:52Z,320012,18593350,15,-238
2026-09-01T10:45:52Z,320011,18593351,0,-1018
2026-09-01T10:45:52Z,470011,18593370,19,136
2026-09-01T10:45:52Z,470012,18593371,18,-305
2026-09-01T10:45:52Z,110012,18593374,38,-99
2026-09-01T10:45:52Z,290021,18593383,16,-63
2026-09-01T10:45:52Z,290022,18593384,18,-72
2026-09-01T10:45:52Z,1010011,18593398,27,-16
2026-09-01T10:45:52Z,1010012,18593399,6,124
2026-09-01T10:45:52Z,220021,18593420,33,-219
2026-09-01T10:45:52Z,620012,18593433,16,498
2026-09-01T10:45:52Z,620011,18593434,22,229
2026-09-01T10:45:52Z,110011,18593444,37,-310
2026-09-01T10:45:52Z,5020012,18593453,47,-598
2026-09-01T10:45:52Z,330011,18593459,25,-180
2026-09-01T10:45:52Z,440011,18593462,28,302
2026-09-01T10:45:52Z,130012,18593467,15,-356
2026-09-01T10:45:52Z,760012,18593469,0,1448
2026-09-01T10:45:52Z,240011,18593479,18,-85
2026-09-01T10:45:52Z,240012,18593480,17,-11
2026-09-01T10:45:52Z,240011,18593481,18,-227
2026-09-01T10:45:52Z,510012,18593488,11,155
2026-09-01T10:45:52Z,510011,18593489,14,4
2026-09-01T10:45:52Z,5020012,18593495,47,-662
2026-09-01T10:45:52Z,420021,18593500,45,-634
2026-09-01T10:45:52Z,120011,18593507,35,-277
2026-09-01T10:45:52Z,5010012,18593509,5,-103
2026-09-01T10:45:52Z,260012,18593526,12,-469
2026-09-01T10:45:52Z,230031,18593528,47,-248
2026-09-01T10:45:52Z,4000021,18593537,40,-336
2026-09-01T10:45:52Z,220021,18593544,33,-734
2026-09-01T10:45:52Z,680022,18593548,22,795
2026-09-01T10:45:52Z,420021,18593554,52,74
2026-09-01T10:45:52Z,420022,18593555,49,-1062
2026-09-01T10:45:52Z,410012,18593557,36,-1340
2026-09-01T10:45:52Z,770012,18593559,11,464
2026-09-01T10:45:52Z,600012,18593570,14,377
2026-09-01T10:45:52Z,600011,18593571,12,479
2026-09-01T10:45:52Z,640031,18593575,25,1268
2026-09-01T10:45:52Z,330012,18593577,24,1149
2026-09-01T10:45:52Z,5030012,18593580,40,-386
2026-09-01T10:45:52Z,9010021,18593586,20,620
2026-09-01T10:45:52Z,9010021,18593587,20,-176
2026-09-01T10:45:52Z,9010021,18593588,20,-196
2026-09-01T10:45:52Z,120011,18593600,35,-423
2026-09-01T10:45:52Z,4050041,18593602,54,54
2026-09-01T10:45:52Z,690022,18593606,3,-12
2026-09-01T10:45:52Z,690021,18593607,8,-31
2026-09-01T10:45:52Z,1010012,18593617,25,217
2026-09-01T10:45:52Z,420022,18593619,49,-197
2026-09-01T10:45:52Z,190011,18593621,18,83
2026-09-01T10:45:52Z,780011,18593623,12,777
2026-09-01T10:45:52Z,750012,18593626,16,669
2026-09-01T10:45:52Z,750011,18593627,16,1928
2026-09-01T10:45:52Z,280011,18593631,21,-100
2026-09-01T10:45:52Z,5050022,18593633,25,231
2026-09-01T10:45:52Z,470012,18593635,18,-208
2026-09-01T10:45:52Z,470011,18593636,19,206
2026-09-01T10:45:52Z,470012,18593637,14,-209
2026-09-01T10:45:52Z,250012,18593639,18,-317
2026-09-01T10:45:52Z,110011,18593645,37,-667
2026-09-01T10:45:52Z,4000021,18593646,40,117
2026-09-01T10:45:52Z,5020011,18593647,48,-188
2026-09-01T10:45:52Z,5020012,18593648,47,-1193
2026-09-01T10:45:52Z,420021,18593652,52,502
2026-09-01T10:45:52Z,440012,18593653,36,169
2026-09-01T10:45:52Z,5040011,18593658,12,-97
2026-09-01T10:45:52Z,320011,18593660,16,-683
2026-09-01T10:45:52Z,120012,18593661,34,-445
2026-09-01T10:45:52Z,4050041,18593663,54,-93
2026-09-01T10:45:52Z,310031,18593673,32,-323
2026-09-01T10:45:52Z,310031,18593674,32,-570
2026-09-01T10:45:52Z,310031,18593675,6,-72
2026-09-01T10:45:52Z,460011,18593687,35,778
2026-09-01T10:45:52Z,410011,18593688,43,87
2026-09-01T10:45:52Z,410012,18593689,10,542
2026-09-01T10:45:52Z,420022,18593692,49,-711
2026-09-01T10:45:52Z,160012,18593694,7,-46
2026-09-01T10:45:52Z,380021,18593695,22,979
2026-09-01T10:45:52Z,380022,18593696,21,12
2026-09-01T10:45:52Z,260012,18593697,21,-402
2026-09-01T10:45:52Z,260011,18593698,18,-92
2026-09-01T10:45:52Z,5030011,18593699,40,-506
2026-09-01T10:45:52Z,5030012,18593700,12,-109
2026-09-01T10:45:52Z,5050011,18593701,16,80
2026-09-01T10:45:52Z,5050012,18593702,11,443
2026-09-01T10:45:52Z,170022,18593709,22,-98
2026-09-01T10:45:52Z,170021,18593710,20,-219
2026-09-01T10:45:52Z,170021,18593711,20,2
2026-09-01T10:45:52Z,150012,18593712,21,-247
2026-09-01T10:45:52Z,150011,18593713,25,35
2026-09-01T10:45:52Z,840011,18593714,10,235
2026-09-01T10:45:52Z,4000022,18593724,41,-162
2026-09-01T10:45:52Z,4000021,18593725,22,51
2026-09-01T10:45:52Z,530012,18593727,17,72
2026-09-01T10:45:52Z,530011,18593728,20,286
2026-09-01T10:45:52Z,520022,18593731,10,613
2026-09-01T10:45:52Z,520021,18593732,16,-271
2026-09-01T10:45:52Z,540012,18593743,16,546
2026-09-01T10:45:52Z,540011,18593744,16,378
2026-09-01T10:45:52Z,5010012,18593745,21,-317
2026-09-01T10:45:52Z,420021,18593746,52,-636
2026-09-01T10:45:52Z,1680011,18593748,23,206
2026-09-01T10:45:52Z,440012,18593753,36,724
2026-09-01T10:45:52Z,5040012,18593756,16,-291
2026-09-01T10:45:52Z,120012,18593757,34,-632
2026-09-01T10:45:52Z,4050041,18593758,54,-757
2026-09-01T10:45:52Z,850011,18593762,17,97
2026-09-01T10:45:52Z,850012,18593763,3,-74
2026-09-01T10:45:52Z,4050042,18593772,43,-263
2026-09-01T10:45:52Z,360022,18593773,22,-258
2026-09-01T10:45:52Z,740012,18593776,19,-64
2026-09-01T10:45:52Z,740011,18593777,19,-376
2026-09-01T10:45:52Z,740012,18593778,13,-168
2026-09-01T10:45:52Z,730012,18593790,12,224
2026-09-01T10:45:52Z,730011,18593791,12,-158
2026-09-01T10:45:52Z,190012,18593804,18,19
2026-09-01T10:45:52Z,230031,18593805,47,-851
2026-09-01T10:45:52Z,260011,18593812,18,-409
2026-09-01T10:45:52Z,280012,18593814,18,-274
2026-09-01T10:45:52Z,280011,18593815,16,-360
2026-09-01T10:45:52Z,260012,18593816,21,-510
2026-09-01T10:45:52Z,170022,18593817,22,-200
2026-09-01T10:45:52Z,270011,18593820,8,-62
2026-09-01T10:45:52Z,5020011,18593821,48,-886
2026-09-01T10:45:52Z,500012,18593823,18,-24
2026-09-01T10:45:52Z,500011,18593824,13,129
2026-09-01T10:45:52Z,5040011,18593831,12,-149
2026-09-01T10:45:52Z,5040012,18593832,0,-689
2026-09-01T10:45:52Z,5040012,18593833,16,-238
2026-09-01T10:45:52Z,330012,18593834,23,-112
2026-09-01T10:45:52Z,630032,18593847,14,-222
2026-09-01T10:45:52Z,360021,18593851,24,-279
2026-09-01T10:45:52Z,420022,18593856,31,-727
2026-09-01T10:45:52Z,160011,18593864,6,-104
2026-09-01T10:45:52Z,160012,18593865,6,-100
2026-09-01T10:45:52Z,540012,18593866,15,9
2026-09-01T10:45:52Z,530012,18593870,15,-196
2026-09-01T10:45:52Z,190011,18593872,18,-344
2026-09-01T10:45:52Z,380021,18593881,8,2
2026-09-01T10:45:52Z,230031,18593887,12,16
2026-09-01T10:45:52Z,5050011,18593888,6,112
2026-09-01T10:45:52Z,110012,18593898,18,-246
2026-09-01T10:45:52Z,110011,18593902,20,-433
2026-09-01T10:45:52Z,150012,18593906,16,-39
2026-09-01T10:45:52Z,460012,18593910,15,-423
2026-09-01T10:45:52Z,5020011,18593911,16,-466
2026-09-01T10:45:52Z,290021,18593917,9,-60
2026-09-01T10:45:52Z,330011,18593942,0,-1661
2026-09-01T10:45:52Z,5040011,18593943,0,-339
2026-09-01T10:55:55Z,7000012,18592450,14,285
2026-09-01T10:55:55Z,5030012,18592468,40,44
2026-09-01T10:55:55Z,4050042,18592533,34,37
2026-09-01T10:55:55Z,5030012,18592553,40,-396
2026-09-01T10:55:55Z,130011,18592659,15,-82
2026-09-01T10:55:55Z,5030012,18592702,40,-489
2026-09-01T10:55:55Z,820012,18592709,1,238
2026-09-01T10:55:55Z,5030011,18592728,40,-485
2026-09-01T10:55:55Z,5050011,18592738,16,-141
2026-09-01T10:55:55Z,5050022,18592739,9,401
2026-09-01T10:55:55Z,480012,18592747,23,-147
2026-09-01T10:55:55Z,480011,18592748,15,645
2026-09-01T10:55:55Z,4000022,18592771,15,-239
2026-09-01T10:55:55Z,7010011,18592786,18,563
2026-09-01T10:55:55Z,5030011,18592844,24,431
2026-09-01T10:55:55Z,410012,18592858,36,-133
2026-09-01T10:55:55Z,4000021,18592901,40,-583
2026-09-01T10:55:55Z,810021,18592913,18,143
2026-09-01T10:55:55Z,810022,18592914,0,-1417
2026-09-01T10:55:55Z,520022,18592967,10,-12
2026-09-01T10:55:55Z,520021,18592968,2,-16
2026-09-01T10:55:55Z,4050042,18593015,48,1015
2026-09-01T10:55:55Z,380022,18593039,19,-202
2026-09-01T10:55:55Z,310031,18593068,32,-336
2026-09-01T10:55:55Z,310031,18593069,32,-453
2026-09-01T10:55:55Z,410012,18593078,36,-695
2026-09-01T10:55:55Z,5020011,18593085,48,-392
2026-09-01T10:55:55Z,5020012,18593086,33,-794
2026-09-01T10:55:55Z,460011,18593102,35,1128
2026-09-01T10:55:55Z,460012,18593103,35,-220
2026-09-01T10:55:55Z,270012,18593132,14,-291
2026-09-01T10:55:55Z,5010012,18593146,21,-449
2026-09-01T10:55:55Z,440011,18593154,30,405
2026-09-01T10:55:55Z,120012,18593164,34,-686
2026-09-01T10:55:55Z,460012,18593170,35,-288
2026-09-01T10:55:55Z,260011,18593179,16,-476
2026-09-01T10:55:55Z,560012,18593195,17,445
2026-09-01T10:55:55Z,560011,18593196,21,1448
2026-09-01T10:55:55Z,430012,18593242,25,23
2026-09-01T10:55:55Z,430011,18593243,23,925
2026-09-01T10:55:55Z,5010011,18593262,21,-472
2026-09-01T10:55:55Z,160011,18593277,6,18
2026-09-01T10:55:55Z,160012,18593278,7,-292
2026-09-01T10:55:55Z,410011,18593283,43,42
2026-09-01T10:55:55Z,410012,18593284,0,-918
2026-09-01T10:55:55Z,390012,18593293,2,884
2026-09-01T10:55:55Z,360022,18593318,8,-168
2026-09-01T10:55:55Z,110012,18593333,38,-386
2026-09-01T10:55:55Z,130012,18593342,15,-150
2026-09-01T10:55:55Z,320012,18593350,15,-229
2026-09-01T10:55:55Z,320011,18593351,10,-547
2026-09-01T10:55:55Z,470011,18593370,19,5
2026-09-01T10:55:55Z,470012,18593371,18,-309
2026-09-01T10:55:55Z,110012,18593374,38,118
2026-09-01T10:55:55Z,290022,18593384,18,-130
2026-09-01T10:55:55Z,1010011,18593398,27,122
2026-09-01T10:55:55Z,1010012,18593399,15,253
2026-09-01T10:55:55Z,220021,18593420,33,-228
2026-09-01T10:55:55Z,620011,18593434,22,322
2026-09-01T10:55:55Z,110011,18593444,37,-199
2026-09-01T10:55:55Z,330011,18593459,25,-5
2026-09-01T10:55:55Z,440011,18593462,29,185
2026-09-01T10:55:55Z,130012,18593467,15,-378
2026-09-01T10:55:55Z,760012,18593469,9,1181
2026-09-01T10:55:55Z,240012,18593480,17,-11
2026-09-01T10:55:55Z,240011,18593481,18,-227
2026-09-01T10:55:55Z,510012,18593488,11,162
2026-09-01T10:55:55Z,510011,18593489,14,4
2026-09-01T10:55:55Z,5020012,18593495,47,-506
2026-09-01T10:55:55Z,420021,18593500,52,-607
2026-09-01T10:55:55Z,5010012,18593509,17,-629
2026-09-01T10:55:55Z,260012,18593526,20,-736
2026-09-01T10:55:55Z,230031,18593528,47,-64
2026-09-01T10:55:55Z,4000021,18593537,40,-273
2026-09-01T10:55:55Z,220021,18593544,33,-570
2026-09-01T10:55:55Z,680022,18593548,24,1104
2026-09-01T10:55:55Z,420022,18593555,49,-968
2026-09-01T10:55:55Z,410012,18593557,36,-1247
2026-09-01T10:55:55Z,770012,18593559,11,-13
2026-09-01T10:55:55Z,770011,18593560,7,-4
2026-09-01T10:55:55Z,600012,18593570,14,377
2026-09-01T10:55:55Z,600011,18593571,15,552
2026-09-01T10:55:55Z,640031,18593575,30,551
2026-09-01T10:55:55Z,5030012,18593580,40,-324
2026-09-01T10:55:55Z,9010021,18593587,20,91
2026-09-01T10:55:55Z,9010021,18593588,20,-159
2026-09-01T10:55:55Z,9010021,18593589,13,-197
2026-09-01T10:55:55Z,120011,18593600,35,-512
2026-09-01T10:55:55Z,690022,18593606,3,-12
2026-09-01T10:55:55Z,690021,18593607,8,-35
2026-09-01T10:55:55Z,690022,18593608,2,7
2026-09-01T10:55:55Z,1010012,18593617,25,52
2026-09-01T10:55:55Z,780011,18593623,12,143
2026-09-01T10:55:55Z,750011,18593627,16,1746
2026-09-01T10:55:55Z,280011,18593631,21,52
2026-09-01T10:55:55Z,5050022,18593633,25,349
2026-09-01T10:55:55Z,470012,18593635,18,-52
2026-09-01T10:55:55Z,470011,18593636,19,151
2026-09-01T10:55:55Z,470012,18593637,18,-309
2026-09-01T10:55:55Z,110011,18593645,37,-665
2026-09-01T10:55:55Z,5020011,18593647,48,107
2026-09-01T10:55:55Z,5020012,18593648,47,-1208
2026-09-01T10:55:55Z,420021,18593652,52,685
2026-09-01T10:55:55Z,440012,18593653,36,440
2026-09-01T10:55:55Z,5040011,18593658,12,-70
2026-09-01T10:55:55Z,320011,18593660,16,-560
2026-09-01T10:55:55Z,4050041,18593663,54,17
2026-09-01T10:55:55Z,310031,18593674,32,-573
2026-09-01T10:55:55Z,310031,18593675,21,-566
2026-09-01T10:55:55Z,460011,18593687,35,916
2026-09-01T10:55:55Z,410011,18593688,43,225
2026-09-01T10:55:55Z,410012,18593689,21,353
2026-09-01T10:55:55Z,420022,18593692,49,-519
2026-09-01T10:55:55Z,380021,18593695,22,832
2026-09-01T10:55:55Z,380022,18593696,21,-215
2026-09-01T10:55:55Z,260012,18593697,21,-206
2026-09-01T10:55:55Z,260011,18593698,18,167
2026-09-01T10:55:55Z,5030011,18593699,40,-321
2026-09-01T10:55:55Z,5030012,18593700,20,-288
2026-09-01T10:55:55Z,5050011,18593701,16,70
2026-09-01T10:55:55Z,5050012,18593702,16,143
2026-09-01T10:55:55Z,170022,18593709,22,91
2026-09-01T10:55:55Z,170021,18593710,20,-217
2026-09-01T10:55:55Z,150011,18593713,25,37
2026-09-01T10:55:55Z,840012,18593715,1,221
2026-09-01T10:55:55Z,4000022,18593724,41,-65
2026-09-01T10:55:55Z,4000021,18593725,35,-64
2026-09-01T10:55:55Z,530012,18593727,17,136
2026-09-01T10:55:55Z,530011,18593728,20,285
2026-09-01T10:55:55Z,520022,18593731,10,1183
2026-09-01T10:55:55Z,520021,18593732,16,70
2026-09-01T10:55:55Z,540012,18593743,16,649
2026-09-01T10:55:55Z,540011,18593744,16,481
2026-09-01T10:55:55Z,5010012,18593745,21,-168
2026-09-01T10:55:55Z,420021,18593746,52,-457
2026-09-01T10:55:55Z,420022,18593747,6,-155
2026-09-01T10:55:55Z,1680011,18593748,23,203
2026-09-01T10:55:55Z,440012,18593753,36,-246
2026-09-01T10:55:55Z,5040012,18593756,16,-297
2026-09-01T10:55:55Z,120012,18593757,34,-593
2026-09-01T10:55:55Z,4050041,18593758,54,-255
2026-09-01T10:55:55Z,850011,18593762,17,195
2026-09-01T10:55:55Z,850012,18593763,8,-44
2026-09-01T10:55:55Z,4050042,18593772,43,-165
2026-09-01T10:55:55Z,360022,18593773,22,-152
2026-09-01T10:55:55Z,460011,18593774,35,339
2026-09-01T10:55:55Z,740012,18593776,19,50
2026-09-01T10:55:55Z,740011,18593777,19,-376
2026-09-01T10:55:55Z,740012,18593778,19,-240
2026-09-01T10:55:55Z,730012,18593790,12,376
2026-09-01T10:55:55Z,730011,18593791,12,-158
2026-09-01T10:55:55Z,730012,18593792,8,-104
2026-09-01T10:55:55Z,190012,18593804,18,7
2026-09-01T10:55:55Z,230031,18593805,47,-587
2026-09-01T10:55:55Z,260011,18593812,18,-410
2026-09-01T10:55:55Z,280012,18593814,18,-299
2026-09-01T10:55:55Z,280011,18593815,21,-353
2026-09-01T10:55:55Z,260012,18593816,21,-547
2026-09-01T10:55:55Z,170022,18593817,22,-218
2026-09-01T10:55:55Z,410011,18593818,43,-335
2026-09-01T10:55:55Z,270011,18593820,8,-162
2026-09-01T10:55:55Z,5020011,18593821,48,-878
2026-09-01T10:55:55Z,500012,18593823,18,-23
2026-09-01T10:55:55Z,500011,18593824,23,9
2026-09-01T10:55:55Z,670012,18593827,12,-145
2026-09-01T10:55:55Z,670011,18593828,12,-164
2026-09-01T10:55:55Z,5040011,18593831,12,-161
2026-09-01T10:55:55Z,5040012,18593832,10,-221
2026-09-01T10:55:55Z,5040012,18593833,16,-305
2026-09-01T10:55:55Z,330012,18593834,24,698
2026-09-01T10:55:55Z,630032,18593847,18,-82
2026-09-01T10:55:55Z,360021,18593851,24,-287
2026-09-01T10:55:55Z,420022,18593856,47,-1052
2026-09-01T10:55:55Z,160011,18593864,6,-99
2026-09-01T10:55:55Z,160012,18593865,7,-172
2026-09-01T10:55:55Z,540012,18593866,16,664
2026-09-01T10:55:55Z,530012,18593870,17,-85
2026-09-01T10:55:55Z,190011,18593872,18,-344
2026-09-01T10:55:55Z,380021,18593881,17,47
2026-09-01T10:55:55Z,230031,18593887,27,-863
2026-09-01T10:55:55Z,5050011,18593888,12,-54
2026-09-01T10:55:55Z,110012,18593898,28,-432
2026-09-01T10:55:55Z,110011,18593902,33,-564
2026-09-01T10:55:55Z,150012,18593906,21,-183
2026-09-01T10:55:55Z,170022,18593908,22,-103
2026-09-01T10:55:55Z,460012,18593910,27,-669
2026-09-01T10:55:55Z,5020011,18593911,30,-718
2026-09-01T10:55:55Z,290021,18593917,16,-276
2026-09-01T10:55:55Z,650012,18593940,12,166
2026-09-01T10:55:55Z,330011,18593942,14,-297
2026-09-01T10:55:55Z,5040011,18593943,5,-325
2026-09-01T10:55:55Z,440012,18593946,0,578
2026-09-01T10:55:55Z,120011,18593948,6,85
2026-09-01T10:55:55Z,4050042,18593957,4,222
2026-09-01T10:55:55Z,1010011,18593958,9,-155
2026-09-01T10:55:55Z,360011,18593960,6,-26
2026-09-01T10:55:55Z,160011,18593964,4,-1
2026-09-01T11:06:23Z,4050042,18592533,38,-276
2026-09-01T11:06:23Z,5030012,18592553,40,-288
2026-09-01T11:06:23Z,5030012,18592702,40,-539
2026-09-01T11:06:23Z,820012,18592709,4,1118
2026-09-01T11:06:23Z,5030011,18592728,40,-365
2026-09-01T11:06:23Z,5030012,18592729,4,114
2026-09-01T11:06:23Z,5050011,18592738,16,-65
2026-09-01T11:06:23Z,5050022,18592739,11,413
2026-09-01T11:06:23Z,480011,18592748,15,614
2026-09-01T11:06:23Z,4000022,18592771,32,-387
2026-09-01T11:06:23Z,7010011,18592786,19,790
2026-09-01T11:06:23Z,5030011,18592844,30,321
2026-09-01T11:06:23Z,410012,18592858,36,-1002
2026-09-01T11:06:23Z,4000021,18592901,40,-497
2026-09-01T11:06:23Z,810021,18592913,18,70
2026-09-01T11:06:23Z,810022,18592914,4,249
2026-09-01T11:06:23Z,520022,18592967,10,25
2026-09-01T11:06:23Z,520021,18592968,9,-251
2026-09-01T11:06:23Z,4050042,18593015,55,1620
2026-09-01T11:06:23Z,4050041,18593016,8,1013
2026-09-01T11:06:23Z,380022,18593039,21,-248
2026-09-01T11:06:23Z,310031,18593068,32,-123
2026-09-01T11:06:23Z,310031,18593069,32,-450
2026-09-01T11:06:23Z,310031,18593070,6,-23
2026-09-01T11:06:23Z,410012,18593078,36,-574
2026-09-01T11:06:23Z,5020011,18593085,48,-312
2026-09-01T11:06:23Z,5020012,18593086,44,-1619
2026-09-01T11:06:23Z,460012,18593103,35,-77
2026-09-01T11:06:23Z,270012,18593132,14,-348
2026-09-01T11:06:23Z,5010012,18593146,21,-445
2026-09-01T11:06:23Z,440011,18593154,30,344
2026-09-01T11:06:23Z,120012,18593164,34,-704
2026-09-01T11:06:23Z,460012,18593170,35,-124
2026-09-01T11:06:23Z,260011,18593179,18,-501
2026-09-01T11:06:23Z,560012,18593195,17,266
2026-09-01T11:06:23Z,560011,18593196,21,1222
2026-09-01T11:06:23Z,430011,18593243,23,824
2026-09-01T11:06:23Z,5010011,18593262,21,-156
2026-09-01T11:06:23Z,160012,18593278,7,-274
2026-09-01T11:06:23Z,410011,18593283,43,38
2026-09-01T11:06:23Z,410012,18593284,15,89
2026-09-01T11:06:23Z,390012,18593293,15,856
2026-09-01T11:06:23Z,360022,18593318,22,-494
2026-09-01T11:06:23Z,110012,18593333,38,-263
2026-09-01T11:06:23Z,130012,18593342,15,-81
2026-09-01T11:06:23Z,320012,18593350,15,-242
2026-09-01T11:06:23Z,320011,18593351,16,-842
2026-09-01T11:06:23Z,470012,18593371,18,-283
2026-09-01T11:06:23Z,110012,18593374,38,218
2026-09-01T11:06:23Z,110011,18593375,10,-243
2026-09-01T11:06:23Z,290022,18593384,18,-251
2026-09-01T11:06:23Z,1010011,18593398,27,86
2026-09-01T11:06:23Z,1010012,18593399,20,254
2026-09-01T11:06:23Z,220021,18593420,33,-183
2026-09-01T11:06:23Z,620011,18593434,22,419
2026-09-01T11:06:23Z,110011,18593444,37,94
2026-09-01T11:06:23Z,330011,18593459,25,16
2026-09-01T11:06:23Z,440011,18593462,30,882
2026-09-01T11:06:23Z,130012,18593467,15,-391
2026-09-01T11:06:23Z,760012,18593469,13,626
2026-09-01T11:06:23Z,760011,18593470,9,240
2026-09-01T11:06:23Z,240012,18593480,17,-39
2026-09-01T11:06:23Z,240011,18593481,18,-220
2026-09-01T11:06:23Z,240012,18593482,4,70
2026-09-01T11:06:23Z,510011,18593489,14,95
2026-09-01T11:06:23Z,5020012,18593495,47,-318
2026-09-01T11:06:23Z,5020011,18593496,4,-93
2026-09-01T11:06:23Z,420021,18593500,52,-627
2026-09-01T11:06:23Z,5010012,18593509,21,-865
2026-09-01T11:06:23Z,260012,18593526,21,-942
2026-09-01T11:06:23Z,230031,18593528,47,104
2026-09-01T11:06:23Z,870012,18593534,0,-3527
2026-09-01T11:06:23Z,4000021,18593537,40,-278
2026-09-01T11:06:23Z,220021,18593544,33,-586
2026-09-01T11:06:23Z,680022,18593548,24,1135
2026-09-01T11:06:23Z,420022,18593555,49,-798
2026-09-01T11:06:23Z,410012,18593557,36,-1021
2026-09-01T11:06:23Z,600012,18593570,14,377
2026-09-01T11:06:23Z,600011,18593571,15,552
2026-09-01T11:06:23Z,640031,18593575,30,107
2026-09-01T11:06:23Z,5030012,18593580,40,-408
2026-09-01T11:06:23Z,9010021,18593587,20,21
2026-09-01T11:06:23Z,9010021,18593588,20,-169
2026-09-01T11:06:23Z,9010021,18593589,20,-169
2026-09-01T11:06:23Z,120011,18593600,35,-280
2026-09-01T11:06:23Z,690022,18593606,3,43
2026-09-01T11:06:23Z,690021,18593607,8,-35
2026-09-01T11:06:23Z,690022,18593608,3,-18
2026-09-01T11:06:23Z,1010012,18593617,25,11
2026-09-01T11:06:23Z,750011,18593627,16,1204
2026-09-01T11:06:23Z,5050022,18593633,25,149
2026-09-01T11:06:23Z,470011,18593636,19,66
2026-09-01T11:06:23Z,470012,18593637,18,-320
2026-09-01T11:06:23Z,250011,18593640,3,39
2026-09-01T11:06:23Z,5020012,18593648,47,-938
2026-09-01T11:06:23Z,420021,18593652,52,913
2026-09-01T11:06:23Z,440012,18593653,36,530
2026-09-01T11:06:23Z,5040011,18593658,12,131
2026-09-01T11:06:23Z,4050041,18593663,54,148
2026-09-01T11:06:23Z,310031,18593674,32,-539
2026-09-01T11:06:23Z,310031,18593675,32,-810
2026-09-01T11:06:23Z,460011,18593687,35,551
2026-09-01T11:06:23Z,410011,18593688,43,454
2026-09-01T11:06:23Z,410012,18593689,36,-333
2026-09-01T11:06:23Z,420022,18593692,49,-302
2026-09-01T11:06:23Z,380021,18593695,22,499
2026-09-01T11:06:23Z,260011,18593698,18,384
2026-09-01T11:06:23Z,5030011,18593699,40,-150
2026-09-01T11:06:23Z,5030012,18593700,32,-813
2026-09-01T11:06:23Z,5050011,18593701,16,137
2026-09-01T11:06:23Z,5050012,18593702,16,112
2026-09-01T11:06:23Z,170021,18593710,20,-132
2026-09-01T11:06:23Z,150011,18593713,25,95
2026-09-01T11:06:23Z,840012,18593715,8,113
2026-09-01T11:06:23Z,4000022,18593724,41,-12
2026-09-01T11:06:23Z,4000021,18593725,40,-372
2026-09-01T11:06:23Z,530011,18593728,20,174
2026-09-01T11:06:23Z,520022,18593731,10,1841
2026-09-01T11:06:23Z,520021,18593732,16,730
2026-09-01T11:06:23Z,710011,18593736,9,-171
2026-09-01T11:06:23Z,540011,18593744,16,3
2026-09-01T11:06:23Z,5010012,18593745,21,3
2026-09-01T11:06:23Z,420021,18593746,52,-500
2026-09-01T11:06:23Z,420022,18593747,22,-736
2026-09-01T11:06:23Z,1680011,18593748,23,230
2026-09-01T11:06:23Z,1680011,18593749,8,-8
2026-09-01T11:06:23Z,440012,18593753,36,-275
2026-09-01T11:06:23Z,5040012,18593756,16,-389
2026-09-01T11:06:23Z,120012,18593757,34,-444
2026-09-01T11:06:23Z,4050041,18593758,54,-317
2026-09-01T11:06:23Z,850011,18593762,17,196
2026-09-01T11:06:23Z,850012,18593763,18,95
2026-09-01T11:06:23Z,4050042,18593772,43,-104
2026-09-01T11:06:23Z,360022,18593773,22,-93
2026-09-01T11:06:23Z,460011,18593774,35,225
2026-09-01T11:06:23Z,460012,18593775,8,-281
2026-09-01T11:06:23Z,740012,18593776,19,14
2026-09-01T11:06:23Z,740011,18593777,19,-376
2026-09-01T11:06:23Z,740012,18593778,19,-255
2026-09-01T11:06:23Z,730011,18593791,12,-151
2026-09-01T11:06:23Z,730012,18593792,11,-95
2026-09-01T11:06:23Z,190012,18593804,18,47
2026-09-01T11:06:23Z,230031,18593805,47,-485
2026-09-01T11:06:23Z,230031,18593806,8,-53
2026-09-01T11:06:23Z,390011,18593809,15,897
2026-09-01T11:06:23Z,260011,18593812,18,-447
2026-09-01T11:06:23Z,260012,18593813,4,-22
2026-09-01T11:06:23Z,280012,18593814,18,-287
2026-09-01T11:06:23Z,280011,18593815,21,-381
2026-09-01T11:06:23Z,260012,18593816,21,-583
2026-09-01T11:06:23Z,170022,18593817,22,-266
2026-09-01T11:06:23Z,410011,18593818,43,-252
2026-09-01T11:06:23Z,410012,18593819,0,-1212
2026-09-01T11:06:23Z,270011,18593820,8,-191
2026-09-01T11:06:23Z,5020011,18593821,48,-832
2026-09-01T11:06:23Z,5020012,18593822,5,16
2026-09-01T11:06:23Z,500012,18593823,18,-23
2026-09-01T11:06:23Z,500011,18593824,23,3
2026-09-01T11:06:23Z,500012,18593825,0,-657
2026-09-01T11:06:23Z,670012,18593827,12,-145
2026-09-01T11:06:23Z,670011,18593828,12,-164
2026-09-01T11:06:23Z,5040011,18593831,12,-181
2026-09-01T11:06:23Z,5040012,18593832,16,-879
2026-09-01T11:06:23Z,5040012,18593833,16,-390
2026-09-01T11:06:23Z,330012,18593834,24,565
2026-09-01T11:06:23Z,130011,18593835,15,-103
2026-09-01T11:06:23Z,130012,18593836,15,-692
2026-09-01T11:06:23Z,120011,18593840,35,-444
2026-09-01T11:06:23Z,4050041,18593843,50,-326
2026-09-01T11:06:23Z,630032,18593847,20,-2
2026-09-01T11:06:23Z,630031,18593848,1,58
2026-09-01T11:06:23Z,360021,18593851,24,-273
2026-09-01T11:06:23Z,420022,18593856,49,-1286
2026-09-01T11:06:23Z,410011,18593861,43,-350
2026-09-01T11:06:23Z,160011,18593864,6,-96
2026-09-01T11:06:23Z,160012,18593865,7,-172
2026-09-01T11:06:23Z,540012,18593866,16,641
2026-09-01T11:06:23Z,540011,18593867,15,715
2026-09-01T11:06:23Z,530012,18593870,17,-104
2026-09-01T11:06:23Z,530011,18593871,15,360
2026-09-01T11:06:23Z,190011,18593872,18,-341
2026-09-01T11:06:23Z,190012,18593873,10,-66
2026-09-01T11:06:23Z,430012,18593877,25,-519
2026-09-01T11:06:23Z,380021,18593881,21,60
2026-09-01T11:06:23Z,230031,18593887,45,-1608
2026-09-01T11:06:23Z,5050011,18593888,16,-187
2026-09-01T11:06:23Z,110012,18593898,38,-691
2026-09-01T11:06:23Z,110011,18593902,37,-574
2026-09-01T11:06:23Z,150012,18593906,21,-187
2026-09-01T11:06:23Z,150011,18593907,7,-51
2026-09-01T11:06:23Z,170022,18593908,22,-106
2026-09-01T11:06:23Z,170021,18593909,9,31
2026-09-01T11:06:23Z,460012,18593910,35,-1068
2026-09-01T11:06:23Z,5020011,18593911,44,-901
2026-09-01T11:06:23Z,290021,18593917,16,-266
2026-09-01T11:06:23Z,290022,18593918,0,-866
2026-09-01T11:06:23Z,700012,18593925,5,319
2026-09-01T11:06:23Z,650012,18593940,16,-207
2026-09-01T11:06:23Z,330011,18593942,23,-429
2026-09-01T11:06:23Z,5040011,18593943,12,-361
2026-09-01T11:06:23Z,440012,18593946,21,-537
2026-09-01T11:06:23Z,120011,18593948,18,-111
2026-09-01T11:06:23Z,4050042,18593957,11,162
2026-09-01T11:06:23Z,1010011,18593958,17,-163
2026-09-01T11:06:23Z,360011,18593960,17,-154
2026-09-01T11:06:23Z,160011,18593964,6,-156
2026-09-01T11:06:23Z,160012,18593965,0,-336
2026-09-01T11:06:23Z,720012,18593966,4,121
2026-09-01T11:06:23Z,280012,18593970,5,-49
2026-09-01T11:06:23Z,260011,18593974,2,-198
2026-09-01T11:06:23Z,5030011,18593976,8,73
2026-09-01T11:06:23Z,110012,18593980,4,9
2026-09-01T11:06:23Z,470012,18593988,4,-134
2026-09-01T11:06:23Z,4000022,18593990,2,242
2026-09-01T11:06:23Z,560012,18593992,0,-3527
2026-09-01T11:06:23Z,540012,18593994,0,-998
2026-09-01T11:06:23Z,530012,18593998,0,-290
