fetched_utc,route_id,trip_id,last_stop_seq,delay_s
2026-07-23T14:59:37Z,130012,18319884,15,-637
2026-07-23T14:59:37Z,360022,18319885,22,93
2026-07-23T14:59:37Z,360021,18319886,24,-280
2026-07-23T14:59:37Z,190012,18319887,18,-175
2026-07-23T14:59:37Z,190011,18319888,18,-162
2026-07-23T14:59:37Z,280012,18319889,18,-427
2026-07-23T14:59:37Z,280011,18319890,21,-194
2026-07-23T14:59:37Z,410011,18319893,43,-216
2026-07-23T14:59:37Z,410012,18319894,3,685
2026-07-23T14:59:37Z,110012,18319895,38,-715
2026-07-23T14:59:37Z,470011,18319897,19,-311
2026-07-23T14:59:37Z,470012,18319898,18,-147
2026-07-23T14:59:37Z,5010012,18319901,21,-203
2026-07-23T14:59:37Z,420021,18319902,52,-1114
2026-07-23T14:59:37Z,330012,18319905,24,468
2026-07-23T14:59:37Z,330011,18319906,15,-149
2026-07-23T14:59:37Z,440012,18319908,36,251
2026-07-23T14:59:37Z,120012,18319910,34,-339
2026-07-23T14:59:37Z,5010011,18319911,21,-288
2026-07-23T14:59:37Z,130012,18319912,15,-727
2026-07-23T14:59:37Z,130011,18319913,15,-542
2026-07-23T14:59:37Z,5020011,18319915,47,-677
2026-07-23T14:59:37Z,160011,18319917,6,-299
2026-07-23T14:59:37Z,160012,18319918,7,-127
2026-07-23T14:59:37Z,420022,18319919,49,-1148
2026-07-23T14:59:37Z,680012,18319920,23,76
2026-07-23T14:59:37Z,230031,18319922,36,-557
2026-07-23T14:59:37Z,470011,18319926,19,-311
2026-07-23T14:59:37Z,110012,18319928,35,-510
2026-07-23T14:59:37Z,150012,18319929,21,-401
2026-07-23T14:59:37Z,170022,18319931,22,-578
2026-07-23T14:59:37Z,510012,18319933,11,-32
2026-07-23T14:59:37Z,510011,18319934,2,-3
2026-07-23T14:59:37Z,540012,18319935,15,-161
2026-07-23T14:59:37Z,540011,18319936,5,85
2026-07-23T14:59:37Z,500012,18319939,18,175
2026-07-23T14:59:37Z,530012,18319941,17,-160
2026-07-23T14:59:37Z,620012,18319943,5,175
2026-07-23T14:59:37Z,130012,18319945,11,-436
2026-07-23T14:59:37Z,130011,18319946,14,-421
2026-07-23T14:59:37Z,5010011,18319951,17,-341
2026-07-23T14:59:37Z,4050042,18319954,5,-78
2026-07-23T14:59:37Z,160011,18319955,5,-45
2026-07-23T14:59:37Z,460011,18319963,10,-110
2026-07-23T14:59:37Z,190012,18319964,3,-11
2026-07-23T14:59:37Z,160011,18318857,6,-289
2026-07-23T14:59:37Z,160012,18318858,7,-247
2026-07-23T14:59:37Z,270011,18318961,8,-139
2026-07-23T14:59:37Z,270012,18318962,14,179
2026-07-23T14:59:37Z,260012,18318993,21,-398
2026-07-23T14:59:37Z,560012,18318998,7,83
2026-07-23T14:59:37Z,770012,18319037,11,0
2026-07-23T14:59:37Z,770011,18319038,12,-127
2026-07-23T14:59:37Z,9010021,18319065,20,-264
2026-07-23T14:59:37Z,4050042,18319073,55,218
2026-07-23T14:59:37Z,4050041,18319074,49,353
2026-07-23T14:59:37Z,420022,18319119,49,-621
2026-07-23T14:59:37Z,440011,18319121,13,102
2026-07-23T14:59:37Z,5040011,18319125,12,-298
2026-07-23T14:59:37Z,5040012,18319126,11,190
2026-07-23T14:59:37Z,5050012,18319160,16,3025
2026-07-23T14:59:37Z,5050021,18319161,25,2644
2026-07-23T14:59:37Z,5050012,18319162,2,2153
2026-07-23T14:59:37Z,840011,18319181,10,110
2026-07-23T14:59:37Z,840012,18319182,9,178
2026-07-23T14:59:37Z,840011,18319183,6,133
2026-07-23T14:59:37Z,420021,18319213,52,-432
2026-07-23T14:59:37Z,420022,18319214,9,-216
2026-07-23T14:59:37Z,850012,18319229,20,-71
2026-07-23T14:59:37Z,850011,18319230,9,409
2026-07-23T14:59:37Z,740011,18319256,19,-197
2026-07-23T14:59:37Z,740012,18319257,9,107
2026-07-23T14:59:37Z,480011,18319292,15,778
2026-07-23T14:59:37Z,5010012,18319325,19,-152
2026-07-23T14:59:37Z,4050042,18319335,48,-235
2026-07-23T14:59:37Z,360012,18319339,15,-142
2026-07-23T14:59:37Z,360011,18319340,11,-155
2026-07-23T14:59:37Z,540011,18319351,16,419
2026-07-23T14:59:37Z,230031,18319361,47,-115
2026-07-23T14:59:37Z,380022,18319371,21,484
2026-07-23T14:59:37Z,380021,18319372,21,-140
2026-07-23T14:59:37Z,5020011,18319380,26,-708
2026-07-23T14:59:37Z,5030012,18319387,40,825
2026-07-23T14:59:37Z,700012,18319410,5,99
2026-07-23T14:59:37Z,700011,18319411,5,-46
2026-07-23T14:59:37Z,410012,18319423,36,43
2026-07-23T14:59:37Z,5040012,18319426,16,93
2026-07-23T14:59:37Z,460012,18319443,35,-364
2026-07-23T14:59:37Z,260012,18319454,21,-364
2026-07-23T14:59:37Z,5030011,18319459,40,1205
2026-07-23T14:59:37Z,5030012,18319460,32,1175
2026-07-23T14:59:37Z,410012,18319473,36,339
2026-07-23T14:59:37Z,4000022,18319476,23,-433
2026-07-23T14:59:37Z,520022,18319497,9,-33
2026-07-23T14:59:37Z,5020011,18319519,48,-256
2026-07-23T14:59:37Z,5020012,18319520,42,-371
2026-07-23T14:59:37Z,5030011,18319525,40,-249
2026-07-23T14:59:37Z,5030012,18319526,25,109
2026-07-23T14:59:37Z,410011,18319532,43,-216
2026-07-23T14:59:37Z,240012,18319537,17,-154
2026-07-23T14:59:37Z,240011,18319538,18,37
2026-07-23T14:59:37Z,380021,18319542,22,1255
2026-07-23T14:59:37Z,310031,18319564,32,-87
2026-07-23T14:59:37Z,310031,18319565,32,-506
2026-07-23T14:59:37Z,5020011,18319572,48,-331
2026-07-23T14:59:37Z,5020012,18319573,18,109
2026-07-23T14:59:37Z,5030012,18319577,40,1709
2026-07-23T14:59:37Z,5030011,18319578,24,-110
2026-07-23T14:59:37Z,440012,18319586,36,455
2026-07-23T14:59:37Z,1010011,18319602,27,-3
2026-07-23T14:59:37Z,1010012,18319603,20,-55
2026-07-23T14:59:37Z,120012,18319609,19,-91
2026-07-23T14:59:37Z,5020012,18319624,47,-25
2026-07-23T14:59:37Z,5020011,18319625,48,-689
2026-07-23T14:59:37Z,5030012,18319630,40,1301
2026-07-23T14:59:37Z,5030011,18319631,32,625
2026-07-23T14:59:37Z,460011,18319634,35,267
2026-07-23T14:59:37Z,220021,18319648,33,-868
2026-07-23T14:59:37Z,510011,18319664,14,-72
2026-07-23T14:59:37Z,5020012,18319683,47,-197
2026-07-23T14:59:37Z,410012,18319687,36,-598
2026-07-23T14:59:37Z,410011,18319688,21,-61
2026-07-23T14:59:37Z,5050012,18319701,16,1338
2026-07-23T14:59:37Z,5050021,18319702,25,1017
2026-07-23T14:59:37Z,5050012,18319703,0,717
2026-07-23T14:59:37Z,110011,18319709,37,-58
2026-07-23T14:59:37Z,4000021,18319713,40,-307
2026-07-23T14:59:37Z,5020012,18319718,47,-719
2026-07-23T14:59:37Z,420022,18319723,49,-1307
2026-07-23T14:59:37Z,440012,18319726,36,1076
2026-07-23T14:59:37Z,440011,18319727,9,206
2026-07-23T14:59:37Z,440011,18319729,29,2232
2026-07-23T14:59:37Z,1010012,18319733,25,16
2026-07-23T14:59:37Z,120011,18319735,35,-313
2026-07-23T14:59:37Z,4050042,18319742,48,-36
2026-07-23T14:59:37Z,460012,18319747,35,-214
2026-07-23T14:59:37Z,460011,18319748,34,-21
2026-07-23T14:59:37Z,650011,18319757,17,106
2026-07-23T14:59:37Z,260011,18319760,18,-214
2026-07-23T14:59:37Z,230031,18319768,47,623
2026-07-23T14:59:37Z,5020011,18319771,48,531
2026-07-23T14:59:37Z,5020012,18319772,47,-599
2026-07-23T14:59:37Z,5050012,18319776,16,471
2026-07-23T14:59:37Z,110011,18319778,37,-583
2026-07-23T14:59:37Z,470012,18319781,18,240
2026-07-23T14:59:37Z,560011,18319789,21,340
2026-07-23T14:59:37Z,520021,18319793,16,-226
2026-07-23T14:59:37Z,330011,18319795,25,-258
2026-07-23T14:59:37Z,650012,18319803,17,601
2026-07-23T14:59:37Z,650011,18319804,17,-16
2026-07-23T14:59:37Z,650012,18319805,12,-85
2026-07-23T14:59:37Z,630031,18319808,25,-157
2026-07-23T14:59:37Z,610012,18319809,22,650
2026-07-23T14:59:37Z,610011,18319810,22,222
2026-07-23T14:59:37Z,600012,18319813,4,91
2026-07-23T14:59:37Z,530011,18319818,20,-135
2026-07-23T14:59:37Z,120011,18319822,35,-334
2026-07-23T14:59:37Z,320011,18319824,16,192
2026-07-23T14:59:37Z,320012,18319825,15,10
2026-07-23T14:59:37Z,320011,18319826,14,-73
2026-07-23T14:59:37Z,7000011,18319833,71,-417
2026-07-23T14:59:37Z,4050041,18319835,54,125
2026-07-23T14:59:37Z,4050042,18319836,35,-462
2026-07-23T14:59:37Z,310031,18319840,32,-566
2026-07-23T14:59:37Z,360011,18319843,17,-28
2026-07-23T14:59:37Z,360022,18319844,13,-83
2026-07-23T14:59:37Z,410011,18319848,43,244
2026-07-23T14:59:37Z,410012,18319849,28,580
2026-07-23T14:59:37Z,460011,18319850,35,113
2026-07-23T14:59:37Z,1680011,18319852,23,-256
2026-07-23T14:59:37Z,260011,18319854,18,90
2026-07-23T14:59:37Z,150011,18319858,25,-97
2026-07-23T14:59:37Z,110012,18319859,38,-372
2026-07-23T14:59:37Z,110011,18319860,37,-643
2026-07-23T14:59:37Z,810022,18319861,16,66
2026-07-23T14:59:37Z,810021,18319862,8,464
2026-07-23T14:59:37Z,4000022,18319863,41,-217
2026-07-23T14:59:37Z,290022,18319868,18,-41
2026-07-23T14:59:37Z,290021,18319869,16,-39
2026-07-23T14:59:37Z,690021,18319872,8,-154
2026-07-23T14:59:37Z,5010012,18319873,21,-2
2026-07-23T14:59:37Z,420021,18319875,52,-1060
2026-07-23T14:59:37Z,5040011,18319876,12,-86
2026-07-23T14:59:37Z,5040012,18319877,16,-88
2026-07-23T14:59:37Z,5040011,18319878,8,-236
2026-07-23T14:59:37Z,5010011,18319880,21,-62
2026-07-23T14:59:37Z,130011,18319881,15,-417
2026-07-23T14:59:37Z,120012,18319882,34,-10
2026-07-23T14:59:37Z,120011,18319883,7,289
2026-07-23T15:44:52Z,460012,18318930,35,181
2026-07-23T15:44:52Z,270012,18318962,14,285
2026-07-23T15:44:52Z,560012,18318998,17,699
2026-07-23T15:44:52Z,560011,18318999,18,693
2026-07-23T15:44:52Z,770011,18319038,12,-101
2026-07-23T15:44:52Z,770012,18319039,11,61
2026-07-23T15:44:52Z,9010021,18319066,20,49
2026-07-23T15:44:52Z,4050041,18319074,54,-255
2026-07-23T15:44:52Z,4050042,18319075,20,-249
2026-07-23T15:44:52Z,5020011,18319096,19,-514
2026-07-23T15:44:52Z,410011,18319104,26,1
2026-07-23T15:44:52Z,250011,18319112,13,339
2026-07-23T15:44:52Z,250012,18319113,11,2
2026-07-23T15:44:52Z,440011,18319121,30,151
2026-07-23T15:44:52Z,440012,18319122,36,246
2026-07-23T15:44:52Z,5040012,18319126,16,16
2026-07-23T15:44:52Z,5010011,18319135,21,-194
2026-07-23T15:44:52Z,310031,18319147,32,-559
2026-07-23T15:44:52Z,840011,18319183,10,10
2026-07-23T15:44:52Z,840012,18319184,9,116
2026-07-23T15:44:52Z,710012,18319207,9,-173
2026-07-23T15:44:52Z,420022,18319214,49,-631
2026-07-23T15:44:52Z,850012,18319229,20,204
2026-07-23T15:44:52Z,850011,18319230,17,178
2026-07-23T15:44:52Z,850012,18319231,11,-48
2026-07-23T15:44:52Z,740012,18319257,19,-64
2026-07-23T15:44:52Z,730012,18319271,12,-104
2026-07-23T15:44:52Z,730011,18319272,12,-198
2026-07-23T15:44:52Z,480011,18319292,15,625
2026-07-23T15:44:52Z,480012,18319293,16,-95
2026-07-23T15:44:52Z,5040011,18319314,12,-124
2026-07-23T15:44:52Z,5010012,18319325,21,15
2026-07-23T15:44:52Z,5010012,18319326,2,91
2026-07-23T15:44:52Z,4050041,18319336,32,273
2026-07-23T15:44:52Z,360011,18319340,17,-247
2026-07-23T15:44:52Z,360012,18319341,15,-114
2026-07-23T15:44:52Z,380021,18319372,22,463
2026-07-23T15:44:52Z,380022,18319373,12,49
2026-07-23T15:44:52Z,5020011,18319380,48,-596
2026-07-23T15:44:52Z,5020012,18319381,2,91
2026-07-23T15:44:52Z,5030012,18319387,40,2251
2026-07-23T15:44:52Z,5030011,18319388,10,-56
2026-07-23T15:44:52Z,700011,18319411,5,-41
2026-07-23T15:44:52Z,420021,18319418,52,-853
2026-07-23T15:44:52Z,410012,18319423,36,-19
2026-07-23T15:44:52Z,5030012,18319460,40,1613
2026-07-23T15:44:52Z,4000022,18319476,41,-145
2026-07-23T15:44:52Z,520022,18319497,10,867
2026-07-23T15:44:52Z,520021,18319498,16,565
2026-07-23T15:44:52Z,420021,18319501,46,-526
2026-07-23T15:44:52Z,5020012,18319520,47,-556
2026-07-23T15:44:52Z,5030012,18319526,40,795
2026-07-23T15:44:52Z,410011,18319532,43,15
2026-07-23T15:44:52Z,410012,18319533,36,173
2026-07-23T15:44:52Z,240011,18319538,18,370
2026-07-23T15:44:52Z,310031,18319565,32,-213
2026-07-23T15:44:52Z,5020012,18319573,47,-564
2026-07-23T15:44:52Z,5030011,18319578,40,482
2026-07-23T15:44:52Z,5030012,18319579,10,369
2026-07-23T15:44:52Z,440011,18319595,13,242
2026-07-23T15:44:52Z,1010012,18319603,25,-39
2026-07-23T15:44:52Z,5010012,18319606,21,-145
2026-07-23T15:44:52Z,120012,18319609,34,-303
2026-07-23T15:44:52Z,120011,18319610,29,-67
2026-07-23T15:44:52Z,5020011,18319625,48,-164
2026-07-23T15:44:52Z,5020012,18319626,47,-651
2026-07-23T15:44:52Z,5030011,18319631,40,2385
2026-07-23T15:44:52Z,5030012,18319632,7,2346
2026-07-23T15:44:52Z,460011,18319634,35,850
2026-07-23T15:44:52Z,110012,18319638,18,-220
2026-07-23T15:44:52Z,220021,18319648,33,142
2026-07-23T15:44:52Z,220021,18319649,33,-273
2026-07-23T15:44:52Z,5020011,18319684,48,-521
2026-07-23T15:44:52Z,410011,18319688,43,-6
2026-07-23T15:44:52Z,410012,18319689,19,304
2026-07-23T15:44:52Z,260011,18319696,9,12
2026-07-23T15:44:52Z,4000021,18319713,40,155
2026-07-23T15:44:52Z,4000022,18319714,5,-215
2026-07-23T15:44:52Z,420022,18319723,49,-380
2026-07-23T15:44:52Z,440011,18319727,29,1811
2026-07-23T15:44:52Z,120012,18319739,34,-243
2026-07-23T15:44:52Z,4050042,18319742,55,2792
2026-07-23T15:44:52Z,460011,18319748,35,549
2026-07-23T15:44:52Z,460012,18319749,35,-9
2026-07-23T15:44:52Z,260011,18319760,18,18
2026-07-23T15:44:52Z,260012,18319761,21,-239
2026-07-23T15:44:52Z,5020012,18319772,47,340
2026-07-23T15:44:52Z,5050012,18319776,16,2172
2026-07-23T15:44:52Z,560012,18319790,2,346
2026-07-23T15:44:52Z,650012,18319805,17,-102
2026-07-23T15:44:52Z,650011,18319806,8,1
2026-07-23T15:44:52Z,610011,18319810,22,663
2026-07-23T15:44:52Z,600012,18319813,14,61
2026-07-23T15:44:52Z,600011,18319814,15,162
2026-07-23T15:44:52Z,120011,18319822,35,-178
2026-07-23T15:44:52Z,320011,18319826,16,-11
2026-07-23T15:44:52Z,320012,18319827,15,-182
2026-07-23T15:44:52Z,7000012,18319834,9,428
2026-07-23T15:44:52Z,4050042,18319836,48,-184
2026-07-23T15:44:52Z,310031,18319841,20,-374
2026-07-23T15:44:52Z,360022,18319844,22,-197
2026-07-23T15:44:52Z,360021,18319845,24,-163
2026-07-23T15:44:52Z,410012,18319849,36,-295
2026-07-23T15:44:52Z,170021,18319856,20,1015
2026-07-23T15:44:52Z,110011,18319860,37,-458
2026-07-23T15:44:52Z,810021,18319862,18,108
2026-07-23T15:44:52Z,4000021,18319864,40,-346
2026-07-23T15:44:52Z,290021,18319869,16,36
2026-07-23T15:44:52Z,290022,18319870,18,32
2026-07-23T15:44:52Z,5040012,18319877,16,449
2026-07-23T15:44:52Z,5040011,18319878,12,-124
2026-07-23T15:44:52Z,5040012,18319879,16,136
2026-07-23T15:44:52Z,120011,18319883,35,-245
2026-07-23T15:44:52Z,360021,18319886,24,201
2026-07-23T15:44:52Z,190011,18319888,18,-93
2026-07-23T15:44:52Z,280011,18319890,21,-18
2026-07-23T15:44:52Z,280012,18319891,18,-330
2026-07-23T15:44:52Z,280011,18319892,15,-144
2026-07-23T15:44:52Z,410011,18319893,43,624
2026-07-23T15:44:52Z,410012,18319894,36,722
2026-07-23T15:44:52Z,110011,18319896,37,-638
2026-07-23T15:44:52Z,470012,18319898,18,195
2026-07-23T15:44:52Z,470011,18319899,12,-73
2026-07-23T15:44:52Z,420021,18319902,52,-843
2026-07-23T15:44:52Z,330012,18319905,24,518
2026-07-23T15:44:52Z,330011,18319906,25,-1
2026-07-23T15:44:52Z,330012,18319907,23,-32
2026-07-23T15:44:52Z,440012,18319908,36,472
2026-07-23T15:44:52Z,120012,18319910,34,92
2026-07-23T15:44:52Z,5010011,18319911,21,374
2026-07-23T15:44:52Z,5020011,18319915,48,-108
2026-07-23T15:44:52Z,5020012,18319916,26,191
2026-07-23T15:44:52Z,160012,18319918,7,-40
2026-07-23T15:44:52Z,420022,18319919,49,-907
2026-07-23T15:44:52Z,680012,18319920,24,1295
2026-07-23T15:44:52Z,680011,18319921,24,1100
2026-07-23T15:44:52Z,230031,18319922,47,-58
2026-07-23T15:44:52Z,230031,18319923,18,-253
2026-07-23T15:44:52Z,380022,18319924,21,156
2026-07-23T15:44:52Z,380021,18319925,12,-33
2026-07-23T15:44:52Z,470011,18319926,19,-113
2026-07-23T15:44:52Z,470012,18319927,18,156
2026-07-23T15:44:52Z,110012,18319928,38,-270
2026-07-23T15:44:52Z,150012,18319929,21,5
2026-07-23T15:44:52Z,150011,18319930,25,-267
2026-07-23T15:44:52Z,170022,18319931,22,-296
2026-07-23T15:44:52Z,170021,18319932,20,-421
2026-07-23T15:44:52Z,510012,18319933,11,451
2026-07-23T15:44:52Z,510011,18319934,14,177
2026-07-23T15:44:52Z,540012,18319935,16,966
2026-07-23T15:44:52Z,540011,18319936,16,1145
2026-07-23T15:44:52Z,500012,18319939,18,660
2026-07-23T15:44:52Z,500011,18319940,23,182
2026-07-23T15:44:52Z,530012,18319941,17,2
2026-07-23T15:44:52Z,530011,18319942,20,223
2026-07-23T15:44:52Z,620012,18319943,16,291
2026-07-23T15:44:52Z,620011,18319944,16,88
2026-07-23T15:44:52Z,130012,18319945,15,-544
2026-07-23T15:44:52Z,130011,18319946,15,-481
2026-07-23T15:44:52Z,130012,18319947,15,-304
2026-07-23T15:44:52Z,5010011,18319951,21,-314
2026-07-23T15:44:52Z,4050042,18319954,48,-488
2026-07-23T15:44:52Z,160011,18319955,6,-151
2026-07-23T15:44:52Z,160012,18319956,7,-129
2026-07-23T15:44:52Z,460011,18319963,35,242
2026-07-23T15:44:52Z,190012,18319964,18,227
2026-07-23T15:44:52Z,190011,18319965,18,-83
2026-07-23T15:44:52Z,240012,18319966,17,-70
2026-07-23T15:44:52Z,240011,18319967,17,-245
2026-07-23T15:44:52Z,5030011,18319968,32,-109
2026-07-23T15:44:52Z,410011,18319970,43,-158
2026-07-23T15:44:52Z,410012,18319971,0,-158
2026-07-23T15:44:52Z,470011,18319972,19,-110
2026-07-23T15:44:52Z,470012,18319973,8,267
2026-07-23T15:44:52Z,110012,18319974,38,-796
2026-07-23T15:44:52Z,130011,18319977,15,-361
2026-07-23T15:44:52Z,420022,18319978,31,-450
2026-07-23T15:44:52Z,160011,18319980,6,-91
2026-07-23T15:44:52Z,160012,18319981,6,-51
2026-07-23T15:44:52Z,150012,18319982,9,217
2026-07-23T15:44:52Z,170022,18319984,10,-62
2026-07-23T15:44:52Z,460012,18319987,17,-201
2026-07-23T15:44:52Z,290021,18319988,7,159
2026-07-23T15:44:52Z,410011,18319992,6,-88
2026-07-23T15:44:52Z,420021,18319996,6,-150
2026-07-23T15:55:17Z,760012,18318927,13,1806
2026-07-23T15:55:17Z,460012,18318930,35,276
2026-07-23T15:55:17Z,560012,18318998,17,748
2026-07-23T15:55:17Z,560011,18318999,21,785
2026-07-23T15:55:17Z,770011,18319038,12,-5
2026-07-23T15:55:17Z,770012,18319039,11,61
2026-07-23T15:55:17Z,9010021,18319066,20,50
2026-07-23T15:55:17Z,4050041,18319074,54,-243
2026-07-23T15:55:17Z,4050042,18319075,34,-378
2026-07-23T15:55:17Z,5020011,18319096,33,-624
2026-07-23T15:55:17Z,410011,18319104,40,-133
2026-07-23T15:55:17Z,250011,18319112,13,332
2026-07-23T15:55:17Z,250012,18319113,17,46
2026-07-23T15:55:17Z,440012,18319122,36,235
2026-07-23T15:55:17Z,5040012,18319126,16,82
2026-07-23T15:55:17Z,5010011,18319135,21,-196
2026-07-23T15:55:17Z,310031,18319147,32,-553
2026-07-23T15:55:17Z,840012,18319184,9,87
2026-07-23T15:55:17Z,710012,18319207,9,-173
2026-07-23T15:55:17Z,710011,18319208,7,-36
2026-07-23T15:55:17Z,420022,18319214,49,-568
2026-07-23T15:55:17Z,850011,18319230,17,234
2026-07-23T15:55:17Z,850012,18319231,20,141
2026-07-23T15:55:17Z,850011,18319232,0,141
2026-07-23T15:55:17Z,740012,18319257,19,26
2026-07-23T15:55:17Z,730012,18319271,12,-104
2026-07-23T15:55:17Z,730011,18319272,12,-198
2026-07-23T15:55:17Z,480011,18319292,15,1240
2026-07-23T15:55:17Z,480012,18319293,23,-144
2026-07-23T15:55:17Z,5040011,18319314,12,-127
2026-07-23T15:55:17Z,5040012,18319315,8,188
2026-07-23T15:55:17Z,5010012,18319325,21,173
2026-07-23T15:55:17Z,5010012,18319326,13,48
2026-07-23T15:55:17Z,4050041,18319336,46,335
2026-07-23T15:55:17Z,360011,18319340,17,-171
2026-07-23T15:55:17Z,360012,18319341,15,-104
2026-07-23T15:55:17Z,360011,18319342,6,-62
2026-07-23T15:55:17Z,380021,18319372,22,427
2026-07-23T15:55:17Z,380022,18319373,20,-24
2026-07-23T15:55:17Z,5020011,18319380,48,-523
2026-07-23T15:55:17Z,5020012,18319381,14,111
2026-07-23T15:55:17Z,5030012,18319387,40,2763
2026-07-23T15:55:17Z,5030011,18319388,19,-69
2026-07-23T15:55:17Z,700011,18319411,5,-48
2026-07-23T15:55:17Z,420021,18319418,52,-708
2026-07-23T15:55:17Z,420022,18319419,6,-77
2026-07-23T15:55:17Z,5030012,18319460,40,1857
2026-07-23T15:55:17Z,4000022,18319476,41,-209
2026-07-23T15:55:17Z,520022,18319497,10,1039
2026-07-23T15:55:17Z,520021,18319498,16,737
2026-07-23T15:55:17Z,420021,18319501,52,-578
2026-07-23T15:55:17Z,5020012,18319520,47,-487
2026-07-23T15:55:17Z,5030012,18319526,40,857
2026-07-23T15:55:17Z,410011,18319532,43,178
2026-07-23T15:55:17Z,410012,18319533,36,201
2026-07-23T15:55:17Z,310031,18319565,32,22
2026-07-23T15:55:17Z,5020012,18319573,47,-426
2026-07-23T15:55:17Z,5030011,18319578,40,408
2026-07-23T15:55:17Z,5030012,18319579,20,209
2026-07-23T15:55:17Z,5040011,18319590,3,-79
2026-07-23T15:55:17Z,440011,18319595,13,217
2026-07-23T15:55:17Z,1010012,18319603,25,49
2026-07-23T15:55:17Z,5010012,18319606,21,-171
2026-07-23T15:55:17Z,120012,18319609,34,-213
2026-07-23T15:55:17Z,120011,18319610,35,-67
2026-07-23T15:55:17Z,5020012,18319626,47,-679
2026-07-23T15:55:17Z,5030011,18319631,40,2337
2026-07-23T15:55:17Z,5030012,18319632,16,2223
2026-07-23T15:55:17Z,460011,18319634,35,1456
2026-07-23T15:55:17Z,110012,18319638,29,-391
2026-07-23T15:55:17Z,220021,18319649,33,-278
2026-07-23T15:55:17Z,5020011,18319684,48,-527
2026-07-23T15:55:17Z,410011,18319688,43,54
2026-07-23T15:55:17Z,410012,18319689,31,223
2026-07-23T15:55:17Z,460011,18319692,1,163
2026-07-23T15:55:17Z,260011,18319696,18,-66
2026-07-23T15:55:17Z,4000022,18319714,15,-222
2026-07-23T15:55:17Z,440011,18319727,30,1914
2026-07-23T15:55:17Z,120012,18319739,34,-247
2026-07-23T15:55:17Z,4050042,18319742,55,2848
2026-07-23T15:55:17Z,460011,18319748,35,471
2026-07-23T15:55:17Z,460012,18319749,35,-100
2026-07-23T15:55:17Z,260011,18319760,18,127
2026-07-23T15:55:17Z,260012,18319761,21,-252
2026-07-23T15:55:17Z,5050012,18319776,16,2712
2026-07-23T15:55:17Z,560012,18319790,7,618
2026-07-23T15:55:17Z,650012,18319805,17,87
2026-07-23T15:55:17Z,650011,18319806,17,-33
2026-07-23T15:55:17Z,610011,18319810,22,632
2026-07-23T15:55:17Z,600012,18319813,14,62
2026-07-23T15:55:17Z,600011,18319814,15,133
2026-07-23T15:55:17Z,120011,18319822,35,-89
2026-07-23T15:55:17Z,320011,18319826,16,233
2026-07-23T15:55:17Z,320012,18319827,15,-175
2026-07-23T15:55:17Z,320011,18319828,11,0
2026-07-23T15:55:17Z,5010011,18319830,11,-107
2026-07-23T15:55:17Z,7000012,18319834,14,568
2026-07-23T15:55:17Z,4050042,18319836,48,-64
2026-07-23T15:55:17Z,310031,18319841,30,-504
2026-07-23T15:55:17Z,360022,18319844,22,-106
2026-07-23T15:55:17Z,360021,18319845,24,-175
2026-07-23T15:55:17Z,360022,18319846,5,-34
2026-07-23T15:55:17Z,410012,18319849,36,-62
2026-07-23T15:55:17Z,1680012,18319853,8,75
2026-07-23T15:55:17Z,110011,18319860,37,-358
2026-07-23T15:55:17Z,810021,18319862,18,228
2026-07-23T15:55:17Z,4000021,18319864,40,-354
2026-07-23T15:55:17Z,290021,18319869,16,176
2026-07-23T15:55:17Z,290022,18319870,18,17
2026-07-23T15:55:17Z,5040011,18319878,12,-82
2026-07-23T15:55:17Z,5040012,18319879,16,66
2026-07-23T15:55:17Z,120011,18319883,35,-353
2026-07-23T15:55:17Z,280011,18319890,21,166
2026-07-23T15:55:17Z,280012,18319891,18,-372
2026-07-23T15:55:17Z,280011,18319892,21,-62
2026-07-23T15:55:17Z,410012,18319894,36,91
2026-07-23T15:55:17Z,110011,18319896,37,-656
2026-07-23T15:55:17Z,470012,18319898,18,428
2026-07-23T15:55:17Z,470011,18319899,19,-61
2026-07-23T15:55:17Z,420021,18319902,52,-846
2026-07-23T15:55:17Z,330011,18319906,25,27
2026-07-23T15:55:17Z,330012,18319907,24,132
2026-07-23T15:55:17Z,120012,18319910,34,458
2026-07-23T15:55:17Z,5020011,18319915,48,-33
2026-07-23T15:55:17Z,5020012,18319916,41,-149
2026-07-23T15:55:17Z,420022,18319919,49,-717
2026-07-23T15:55:17Z,680012,18319920,24,1211
2026-07-23T15:55:17Z,680011,18319921,29,1002
2026-07-23T15:55:17Z,230031,18319922,47,103
2026-07-23T15:55:17Z,230031,18319923,31,-275
2026-07-23T15:55:17Z,380022,18319924,21,547
2026-07-23T15:55:17Z,380021,18319925,21,-122
2026-07-23T15:55:17Z,470011,18319926,19,-27
2026-07-23T15:55:17Z,470012,18319927,18,185
2026-07-23T15:55:17Z,110012,18319928,38,-63
2026-07-23T15:55:17Z,150012,18319929,21,73
2026-07-23T15:55:17Z,150011,18319930,25,-265
2026-07-23T15:55:17Z,170022,18319931,22,-256
2026-07-23T15:55:17Z,170021,18319932,20,-421
2026-07-23T15:55:17Z,510012,18319933,11,515
2026-07-23T15:55:17Z,510011,18319934,14,241
2026-07-23T15:55:17Z,540012,18319935,16,1163
2026-07-23T15:55:17Z,540011,18319936,16,1342
2026-07-23T15:55:17Z,500012,18319939,18,831
2026-07-23T15:55:17Z,500011,18319940,23,233
2026-07-23T15:55:17Z,530012,18319941,17,130
2026-07-23T15:55:17Z,530011,18319942,20,223
2026-07-23T15:55:17Z,620012,18319943,16,68
2026-07-23T15:55:17Z,620011,18319944,22,-191
2026-07-23T15:55:17Z,130012,18319945,15,-318
2026-07-23T15:55:17Z,130011,18319946,15,-311
2026-07-23T15:55:17Z,130012,18319947,15,-304
2026-07-23T15:55:17Z,130011,18319948,9,-195
2026-07-23T15:55:17Z,5010011,18319951,21,-185
2026-07-23T15:55:17Z,4050042,18319954,48,-451
2026-07-23T15:55:17Z,160011,18319955,6,-78
2026-07-23T15:55:17Z,160012,18319956,7,-130
2026-07-23T15:55:17Z,460011,18319963,35,133
2026-07-23T15:55:17Z,190012,18319964,18,225
2026-07-23T15:55:17Z,190011,18319965,18,-92
2026-07-23T15:55:17Z,240012,18319966,17,-70
2026-07-23T15:55:17Z,240011,18319967,18,137
2026-07-23T15:55:17Z,5030011,18319968,40,-148
2026-07-23T15:55:17Z,410011,18319970,43,-156
2026-07-23T15:55:17Z,410012,18319971,8,260
2026-07-23T15:55:17Z,470011,18319972,19,-121
2026-07-23T15:55:17Z,470012,18319973,18,244
2026-07-23T15:55:17Z,110012,18319974,38,-796
2026-07-23T15:55:17Z,130011,18319977,15,-358
2026-07-23T15:55:17Z,420022,18319978,47,-538
2026-07-23T15:55:17Z,160011,18319980,6,-100
2026-07-23T15:55:17Z,160012,18319981,7,-130
2026-07-23T15:55:17Z,150012,18319982,21,-95
2026-07-23T15:55:17Z,170022,18319984,22,-151
2026-07-23T15:55:17Z,460012,18319987,29,-200
2026-07-23T15:55:17Z,290021,18319988,16,64
2026-07-23T15:55:17Z,410011,18319992,16,-20
2026-07-23T15:55:17Z,420021,18319996,18,-180
2026-07-23T15:55:17Z,330011,18319998,13,-193
2026-07-23T15:55:17Z,120012,18320001,13,-56
2026-07-23T15:55:17Z,130012,18320002,7,-38
2026-07-23T15:55:17Z,160011,18320003,4,-8
2026-07-23T16:05:42Z,460012,18318930,35,366
2026-07-23T16:05:42Z,270011,18318963,1,167
2026-07-23T16:05:42Z,560012,18318998,17,552
2026-07-23T16:05:42Z,560011,18318999,21,583
2026-07-23T16:05:42Z,770012,18319039,11,-249
2026-07-23T16:05:42Z,9010021,18319066,20,50
2026-07-23T16:05:42Z,4050041,18319074,54,-234
2026-07-23T16:05:42Z,4050042,18319075,38,-827
2026-07-23T16:05:42Z,5020011,18319096,44,-653
2026-07-23T16:05:42Z,410011,18319104,43,-162
2026-07-23T16:05:42Z,410012,18319105,0,-162
2026-07-23T16:05:42Z,250011,18319112,13,105
2026-07-23T16:05:42Z,250012,18319113,18,410
2026-07-23T16:05:42Z,440012,18319122,36,289
2026-07-23T16:05:42Z,5040012,18319126,16,164
2026-07-23T16:05:42Z,5010011,18319135,21,-216
2026-07-23T16:05:42Z,310031,18319147,32,-539
2026-07-23T16:05:42Z,310031,18319148,5,37
2026-07-23T16:05:42Z,5050011,18319163,16,-498
2026-07-23T16:05:42Z,5050012,18319164,11,-1162
2026-07-23T16:05:42Z,840012,18319184,9,-142
2026-07-23T16:05:42Z,510012,18319199,5,-30
2026-07-23T16:05:42Z,710012,18319207,9,-177
2026-07-23T16:05:42Z,710011,18319208,9,-112
2026-07-23T16:05:42Z,420022,18319214,49,-434
2026-07-23T16:05:42Z,850011,18319230,17,314
2026-07-23T16:05:42Z,850012,18319231,20,141
2026-07-23T16:05:42Z,850011,18319232,8,425
2026-07-23T16:05:42Z,740012,18319257,19,88
2026-07-23T16:05:42Z,740011,18319258,4,-51
2026-07-23T16:05:42Z,730012,18319271,12,-164
2026-07-23T16:05:42Z,730011,18319272,12,-199
2026-07-23T16:05:42Z,480011,18319292,15,1858
2026-07-23T16:05:42Z,480012,18319293,23,-154
2026-07-23T16:05:42Z,480011,18319294,2,32
2026-07-23T16:05:42Z,5040011,18319314,12,-103
2026-07-23T16:05:42Z,5040012,18319315,16,0
2026-07-23T16:05:42Z,5010012,18319325,21,252
2026-07-23T16:05:42Z,5010012,18319326,21,-73
2026-07-23T16:05:42Z,4050041,18319336,54,-847
2026-07-23T16:05:42Z,360011,18319340,17,31
2026-07-23T16:05:42Z,360012,18319341,15,-103
2026-07-23T16:05:42Z,360011,18319342,17,-154
2026-07-23T16:05:42Z,190012,18319355,10,-135
2026-07-23T16:05:42Z,380021,18319372,22,402
2026-07-23T16:05:42Z,380022,18319373,21,-7
2026-07-23T16:05:42Z,5020011,18319380,48,-348
2026-07-23T16:05:42Z,5020012,18319381,29,-6
2026-07-23T16:05:42Z,5030012,18319387,40,2923
2026-07-23T16:05:42Z,5030011,18319388,28,-59
2026-07-23T16:05:42Z,420021,18319418,52,-618
2026-07-23T16:05:42Z,420022,18319419,21,-501
2026-07-23T16:05:42Z,5030012,18319460,40,2210
2026-07-23T16:05:42Z,4000022,18319476,41,-146
2026-07-23T16:05:42Z,4000021,18319477,7,105
2026-07-23T16:05:42Z,520021,18319498,16,87
2026-07-23T16:05:42Z,420021,18319501,52,-592
2026-07-23T16:05:42Z,5020012,18319520,47,-484
2026-07-23T16:05:42Z,5030012,18319526,40,1099
2026-07-23T16:05:42Z,5030011,18319527,6,-48
2026-07-23T16:05:42Z,410012,18319533,36,50
2026-07-23T16:05:42Z,310031,18319565,32,14
2026-07-23T16:05:42Z,5020012,18319573,47,-273
2026-07-23T16:05:42Z,5030011,18319578,40,370
2026-07-23T16:05:42Z,5030012,18319579,31,169
2026-07-23T16:05:42Z,5040011,18319590,12,-103
2026-07-23T16:05:42Z,440011,18319595,26,1662
2026-07-23T16:05:42Z,1010012,18319603,25,59
2026-07-23T16:05:42Z,5010012,18319606,21,-195
2026-07-23T16:05:42Z,120012,18319609,34,60
2026-07-23T16:05:42Z,120011,18319610,35,-9
2026-07-23T16:05:42Z,5020012,18319626,47,-646
2026-07-23T16:05:42Z,5030011,18319631,40,2407
2026-07-23T16:05:42Z,5030012,18319632,25,2256
2026-07-23T16:05:42Z,460011,18319634,35,2058
2026-07-23T16:05:42Z,110012,18319638,38,-611
2026-07-23T16:05:42Z,220021,18319649,33,-297
2026-07-23T16:05:42Z,5020011,18319684,48,-505
2026-07-23T16:05:42Z,5020012,18319685,4,95
2026-07-23T16:05:42Z,410011,18319688,43,107
2026-07-23T16:05:42Z,410012,18319689,36,79
2026-07-23T16:05:42Z,460011,18319692,12,257
2026-07-23T16:05:42Z,260011,18319696,18,-62
2026-07-23T16:05:42Z,4000022,18319714,31,-259
2026-07-23T16:05:42Z,440011,18319727,30,274
2026-07-23T16:05:42Z,120012,18319739,34,-252
2026-07-23T16:05:42Z,4050042,18319742,55,957
2026-07-23T16:05:42Z,460012,18319749,35,-106
2026-07-23T16:05:42Z,260012,18319761,21,-48
2026-07-23T16:05:42Z,5020012,18319772,47,637
2026-07-23T16:05:42Z,5020011,18319773,4,-38
2026-07-23T16:05:42Z,5050012,18319776,16,3724
2026-07-23T16:05:42Z,560012,18319790,17,282
2026-07-23T16:05:42Z,650012,18319805,17,51
2026-07-23T16:05:42Z,650011,18319806,17,-33
2026-07-23T16:05:42Z,600012,18319813,14,71
2026-07-23T16:05:42Z,600011,18319814,15,142
2026-07-23T16:05:42Z,600012,18319815,0,-2378
2026-07-23T16:05:42Z,530012,18319819,4,-63
2026-07-23T16:05:42Z,320011,18319826,16,252
2026-07-23T16:05:42Z,320012,18319827,15,-176
2026-07-23T16:05:42Z,320011,18319828,16,179
2026-07-23T16:05:42Z,5010011,18319830,21,-156
2026-07-23T16:05:42Z,7000012,18319834,15,896
2026-07-23T16:05:42Z,4050042,18319836,48,69
2026-07-23T16:05:42Z,310031,18319841,32,-439
2026-07-23T16:05:42Z,360022,18319844,22,131
2026-07-23T16:05:42Z,360021,18319845,24,-195
2026-07-23T16:05:42Z,360022,18319846,18,-96
2026-07-23T16:05:42Z,1680012,18319853,18,-110
2026-07-23T16:05:42Z,110011,18319860,37,-177
2026-07-23T16:05:42Z,810021,18319862,18,83
2026-07-23T16:05:42Z,4000021,18319864,40,-323
2026-07-23T16:05:42Z,290022,18319870,18,17
2026-07-23T16:05:42Z,5040011,18319878,12,140
2026-07-23T16:05:42Z,5040012,18319879,16,46
2026-07-23T16:05:42Z,120011,18319883,35,-187
2026-07-23T16:05:42Z,280012,18319891,18,-189
2026-07-23T16:05:42Z,280011,18319892,21,-48
2026-07-23T16:05:42Z,410012,18319894,36,309
2026-07-23T16:05:42Z,110011,18319896,37,-494
2026-07-23T16:05:42Z,470011,18319899,19,-74
2026-07-23T16:05:42Z,470012,18319900,2,169
2026-07-23T16:05:42Z,330011,18319906,25,219
2026-07-23T16:05:42Z,330012,18319907,24,247
2026-07-23T16:05:42Z,5020011,18319915,48,139
2026-07-23T16:05:42Z,5020012,18319916,47,-548
2026-07-23T16:05:42Z,420022,18319919,49,-634
2026-07-23T16:05:42Z,680011,18319921,29,63
2026-07-23T16:05:42Z,230031,18319922,47,127
2026-07-23T16:05:42Z,230031,18319923,46,-535
2026-07-23T16:05:42Z,380022,18319924,21,798
2026-07-23T16:05:42Z,380021,18319925,22,178
2026-07-23T16:05:42Z,470012,18319927,18,184
2026-07-23T16:05:42Z,110012,18319928,38,101
2026-07-23T16:05:42Z,150011,18319930,25,-90
2026-07-23T16:05:42Z,170021,18319932,20,-341
2026-07-23T16:05:42Z,510011,18319934,14,424
2026-07-23T16:05:42Z,540011,18319936,16,813
2026-07-23T16:05:42Z,540012,18319937,9,-70
2026-07-23T16:05:42Z,500012,18319939,18,895
2026-07-23T16:05:42Z,500011,18319940,23,304
2026-07-23T16:05:42Z,530011,18319942,20,-202
2026-07-23T16:05:42Z,620012,18319943,16,95
2026-07-23T16:05:42Z,620011,18319944,22,-191
2026-07-23T16:05:42Z,130012,18319945,15,-315
2026-07-23T16:05:42Z,130012,18319947,15,-315
2026-07-23T16:05:42Z,130011,18319948,15,-298
2026-07-23T16:05:42Z,5010011,18319951,21,22
2026-07-23T16:05:42Z,4050042,18319954,48,-399
2026-07-23T16:05:42Z,160012,18319956,7,-120
2026-07-23T16:05:42Z,460011,18319963,35,316
2026-07-23T16:05:42Z,190012,18319964,18,229
2026-07-23T16:05:42Z,190011,18319965,18,-100
2026-07-23T16:05:42Z,240012,18319966,17,-100
2026-07-23T16:05:42Z,240011,18319967,18,118
2026-07-23T16:05:42Z,410011,18319970,43,-69
2026-07-23T16:05:42Z,410012,18319971,20,278
2026-07-23T16:05:42Z,470011,18319972,19,-242
2026-07-23T16:05:42Z,470012,18319973,18,251
2026-07-23T16:05:42Z,110012,18319974,38,-783
2026-07-23T16:05:42Z,110011,18319975,7,-194
2026-07-23T16:05:42Z,130011,18319977,15,-358
2026-07-23T16:05:42Z,420022,18319978,49,-685
2026-07-23T16:05:42Z,160011,18319980,6,-92
2026-07-23T16:05:42Z,160012,18319981,7,-128
2026-07-23T16:05:42Z,150012,18319982,21,-97
2026-07-23T16:05:42Z,150011,18319983,5,-23
2026-07-23T16:05:42Z,170022,18319984,22,-159
2026-07-23T16:05:42Z,170021,18319985,8,-34
2026-07-23T16:05:42Z,460012,18319987,35,-216
2026-07-23T16:05:42Z,290021,18319988,16,71
2026-07-23T16:05:42Z,410011,18319992,27,46
2026-07-23T16:05:42Z,420021,18319996,33,-263
2026-07-23T16:05:42Z,330011,18319998,23,-284
2026-07-23T16:05:42Z,120012,18320001,27,-220
2026-07-23T16:05:42Z,130012,18320002,15,-255
2026-07-23T16:05:42Z,160011,18320003,6,-152
2026-07-23T16:05:42Z,240012,18320005,4,91
2026-07-23T16:05:42Z,280012,18320007,2,0
2026-07-23T16:05:42Z,520022,18320010,2,57
2026-07-23T16:05:42Z,470011,18320012,1,56
2026-07-23T17:06:31Z,270011,18318963,8,146
2026-07-23T17:06:31Z,270012,18318964,14,278
2026-07-23T17:06:31Z,9010021,18319067,20,38
2026-07-23T17:06:31Z,4050042,18319075,55,719
2026-07-23T17:06:31Z,5020011,18319096,48,-147
2026-07-23T17:06:31Z,5020012,18319097,42,-287
2026-07-23T17:06:31Z,410012,18319105,36,-202
2026-07-23T17:06:31Z,410011,18319106,27,61
2026-07-23T17:06:31Z,250011,18319114,0,-322
2026-07-23T17:06:31Z,310031,18319148,32,-298
2026-07-23T17:06:31Z,310031,18319149,6,90
2026-07-23T17:06:31Z,510012,18319199,11,385
2026-07-23T17:06:31Z,510011,18319200,14,305
2026-07-23T17:06:31Z,850011,18319232,17,621
2026-07-23T17:06:31Z,850012,18319233,20,454
2026-07-23T17:06:31Z,740011,18319258,19,-197
2026-07-23T17:06:31Z,740012,18319259,19,5
2026-07-23T17:06:31Z,740011,18319260,6,1
2026-07-23T17:06:31Z,390012,18319278,15,137
2026-07-23T17:06:31Z,390011,18319279,7,112
2026-07-23T17:06:31Z,480011,18319294,15,1065
2026-07-23T17:06:31Z,5040012,18319315,16,204
2026-07-23T17:06:31Z,5040011,18319316,12,-155
2026-07-23T17:06:31Z,5010012,18319326,21,381
2026-07-23T17:06:31Z,4050041,18319336,54,782
2026-07-23T17:06:31Z,4050042,18319337,36,-1
2026-07-23T17:06:31Z,360011,18319342,17,-38
2026-07-23T17:06:31Z,360012,18319343,15,-29
2026-07-23T17:06:31Z,190012,18319355,18,475
2026-07-23T17:06:31Z,190011,18319356,18,-78
2026-07-23T17:06:31Z,190012,18319357,11,78
2026-07-23T17:06:31Z,380022,18319373,21,827
2026-07-23T17:06:31Z,380021,18319374,21,-69
2026-07-23T17:06:31Z,5020012,18319381,47,-252
2026-07-23T17:06:31Z,5030012,18319389,6,1968
2026-07-23T17:06:31Z,420022,18319419,49,-716
2026-07-23T17:06:31Z,5030011,18319461,28,151
2026-07-23T17:06:31Z,4000021,18319477,40,-371
2026-07-23T17:06:31Z,4000021,18319482,9,140
2026-07-23T17:06:31Z,5020011,18319521,47,-595
2026-07-23T17:06:31Z,5030011,18319527,40,603
2026-07-23T17:06:31Z,5030012,18319528,6,170
2026-07-23T17:06:31Z,150012,18319551,21,40
2026-07-23T17:06:31Z,150011,18319552,9,-15
2026-07-23T17:06:31Z,310031,18319566,32,-361
2026-07-23T17:06:31Z,5030012,18319579,40,1400
2026-07-23T17:06:31Z,5040011,18319590,12,5
2026-07-23T17:06:31Z,5040012,18319591,16,2
2026-07-23T17:06:31Z,5040011,18319592,12,25
2026-07-23T17:06:31Z,440012,18319596,36,613
2026-07-23T17:06:31Z,5020011,18319627,4,-28
2026-07-23T17:06:31Z,5030012,18319632,40,3311
2026-07-23T17:06:31Z,110012,18319638,38,160
2026-07-23T17:06:31Z,110011,18319639,10,-183
2026-07-23T17:06:31Z,220021,18319650,33,-194
2026-07-23T17:06:31Z,220021,18319651,0,-1514
2026-07-23T17:06:31Z,360022,18319674,18,23
2026-07-23T17:06:31Z,670012,18319680,12,-76
2026-07-23T17:06:31Z,670011,18319681,12,-141
2026-07-23T17:06:31Z,5020012,18319685,47,-575
2026-07-23T17:06:31Z,410012,18319689,36,728
2026-07-23T17:06:31Z,460011,18319692,35,1384
2026-07-23T17:06:31Z,260012,18319697,21,324
2026-07-23T17:06:31Z,260011,18319698,18,-88
2026-07-23T17:06:31Z,260012,18319699,5,107
2026-07-23T17:06:31Z,5050011,18319704,16,70
2026-07-23T17:06:31Z,5050012,18319705,11,-1252
2026-07-23T17:06:31Z,4000022,18319714,41,-37
2026-07-23T17:06:31Z,440012,18319730,30,-175
2026-07-23T17:06:31Z,5010012,18319737,21,-181
2026-07-23T17:06:31Z,120011,18319740,35,-767
2026-07-23T17:06:31Z,230031,18319769,46,-565
2026-07-23T17:06:31Z,5020011,18319773,48,-417
2026-07-23T17:06:31Z,5020012,18319774,5,138
2026-07-23T17:06:31Z,110012,18319779,38,-663
2026-07-23T17:06:31Z,470011,18319782,19,98
2026-07-23T17:06:31Z,470012,18319783,3,162
2026-07-23T17:06:31Z,560011,18319791,21,309
2026-07-23T17:06:31Z,5040012,18319798,16,-59
2026-07-23T17:06:31Z,600012,18319815,14,30
2026-07-23T17:06:31Z,600011,18319816,15,96
2026-07-23T17:06:31Z,530012,18319819,17,394
2026-07-23T17:06:31Z,530011,18319820,20,553
2026-07-23T17:06:31Z,320011,18319828,16,420
2026-07-23T17:06:31Z,5010011,18319830,21,43
2026-07-23T17:06:31Z,5010012,18319831,21,-121
2026-07-23T17:06:31Z,7000012,18319834,60,1023
2026-07-23T17:06:31Z,310031,18319841,32,73
2026-07-23T17:06:31Z,360022,18319846,22,285
2026-07-23T17:06:31Z,360021,18319847,24,-111
2026-07-23T17:06:31Z,1680012,18319853,18,75
2026-07-23T17:06:31Z,4000022,18319865,32,-246
2026-07-23T17:06:31Z,470012,18319900,18,242
2026-07-23T17:06:31Z,420021,18319903,52,-673
2026-07-23T17:06:31Z,330012,18319907,24,1636
2026-07-23T17:06:31Z,440011,18319909,28,1725
2026-07-23T17:06:31Z,5020012,18319916,47,49
2026-07-23T17:06:31Z,230031,18319923,47,267
2026-07-23T17:06:31Z,380021,18319925,22,531
2026-07-23T17:06:31Z,540012,18319937,16,1102
2026-07-23T17:06:31Z,540011,18319938,16,1522
2026-07-23T17:06:31Z,130012,18319949,15,-277
2026-07-23T17:06:31Z,130011,18319950,15,-200
2026-07-23T17:06:31Z,160011,18319957,6,-96
2026-07-23T17:06:31Z,160012,18319958,7,-175
2026-07-23T17:06:31Z,410012,18319971,36,272
2026-07-23T17:06:31Z,110011,18319975,37,-606
2026-07-23T17:06:31Z,420022,18319978,49,36
2026-07-23T17:06:31Z,150011,18319983,25,-91
2026-07-23T17:06:31Z,170021,18319985,20,-244
2026-07-23T17:06:31Z,290022,18319989,18,186
2026-07-23T17:06:31Z,290021,18319990,16,90
2026-07-23T17:06:31Z,290022,18319991,0,-810
2026-07-23T17:06:31Z,410011,18319992,43,263
2026-07-23T17:06:31Z,410012,18319993,15,726
2026-07-23T17:06:31Z,420021,18319996,52,-575
2026-07-23T17:06:31Z,420022,18319997,24,-300
2026-07-23T17:06:31Z,330011,18319998,25,242
2026-07-23T17:06:31Z,330012,18319999,24,600
2026-07-23T17:06:31Z,330011,18320000,20,-49
2026-07-23T17:06:31Z,120012,18320001,34,263
2026-07-23T17:06:31Z,130012,18320002,15,-99
2026-07-23T17:06:31Z,160012,18320004,7,-99
2026-07-23T17:06:31Z,240012,18320005,17,-38
2026-07-23T17:06:31Z,240011,18320006,18,-47
2026-07-23T17:06:31Z,280012,18320007,18,-419
2026-07-23T17:06:31Z,280011,18320008,21,-12
2026-07-23T17:06:31Z,280012,18320009,5,-31
2026-07-23T17:06:31Z,470011,18320012,19,766
2026-07-23T17:06:31Z,470012,18320013,18,443
2026-07-23T17:06:31Z,410011,18320014,43,-126
2026-07-23T17:06:31Z,410012,18320015,0,-1326
2026-07-23T17:06:31Z,130011,18320016,15,-260
2026-07-23T17:06:31Z,130012,18320017,15,-217
2026-07-23T17:06:31Z,5010011,18320018,21,-186
2026-07-23T17:06:31Z,320012,18320019,15,65
2026-07-23T17:06:31Z,320011,18320020,16,188
2026-07-23T17:06:31Z,620012,18320021,16,339
2026-07-23T17:06:31Z,620011,18320022,6,285
2026-07-23T17:06:31Z,410011,18320023,43,-13
2026-07-23T17:06:31Z,410012,18320024,35,614
2026-07-23T17:06:31Z,420022,18320027,49,-348
2026-07-23T17:06:31Z,380022,18320028,21,99
2026-07-23T17:06:31Z,170022,18320030,22,-93
2026-07-23T17:06:31Z,170021,18320031,10,-9
2026-07-23T17:06:31Z,460012,18320032,35,29
2026-07-23T17:06:31Z,420021,18320033,38,-250
2026-07-23T17:06:31Z,5010011,18320034,21,-129
2026-07-23T17:06:31Z,120012,18320035,27,-127
2026-07-23T17:06:31Z,160011,18320038,6,-36
2026-07-23T17:06:31Z,160012,18320039,0,-336
2026-07-23T17:06:31Z,240012,18320040,8,7
2026-07-23T17:06:31Z,410011,18320041,9,-139
2026-07-23T17:06:31Z,470011,18320043,2,209
2026-07-23T17:06:31Z,5030011,,7,-112
2026-07-23T18:07:20Z,9010021,18319068,20,34
2026-07-23T18:07:20Z,5020012,18319097,47,41
2026-07-23T18:07:20Z,410011,18319106,43,981
2026-07-23T18:07:20Z,410012,18319107,19,1806
2026-07-23T18:07:20Z,250011,18319114,13,98
2026-07-23T18:07:20Z,250012,18319115,18,84
2026-07-23T18:07:20Z,310031,18319149,32,-196
2026-07-23T18:07:20Z,740011,18319260,19,-33
2026-07-23T18:07:20Z,730011,18319274,12,-111
2026-07-23T18:07:20Z,390011,18319279,15,999
2026-07-23T18:07:20Z,480012,18319295,23,240
2026-07-23T18:07:20Z,5040012,18319317,16,-36
2026-07-23T18:07:20Z,4050042,18319337,55,1859
2026-07-23T18:07:20Z,190012,18319357,18,623
2026-07-23T18:07:20Z,430012,18319365,25,600
2026-07-23T18:07:20Z,430011,18319366,2,345
2026-07-23T18:07:20Z,380021,18319374,22,577
2026-07-23T18:07:20Z,380022,18319375,21,262
2026-07-23T18:07:20Z,5030011,18319390,28,445
2026-07-23T18:07:20Z,5030011,18319461,40,354
2026-07-23T18:07:20Z,5030012,18319462,30,530
2026-07-23T18:07:20Z,4000022,18319478,37,-281
2026-07-23T18:07:20Z,4000021,18319482,40,-197
2026-07-23T18:07:20Z,420021,18319502,52,-466
2026-07-23T18:07:20Z,5010012,18319509,21,-252
2026-07-23T18:07:20Z,5020011,18319521,48,-307
2026-07-23T18:07:20Z,5020012,18319522,42,-150
2026-07-23T18:07:20Z,150011,18319552,25,20
2026-07-23T18:07:20Z,310031,18319567,32,-106
2026-07-23T18:07:20Z,5030012,18319579,40,3055
2026-07-23T18:07:20Z,5040011,18319592,12,191
2026-07-23T18:07:20Z,5020011,18319627,48,-292
2026-07-23T18:07:20Z,5020012,18319628,7,111
2026-07-23T18:07:20Z,110011,18319639,37,-303
2026-07-23T18:07:20Z,220021,18319651,33,-188
2026-07-23T18:07:20Z,5040011,18319658,12,48
2026-07-23T18:07:20Z,360022,18319674,22,-45
2026-07-23T18:07:20Z,360021,18319675,24,-144
2026-07-23T18:07:20Z,360022,18319676,18,87
2026-07-23T18:07:20Z,460011,18319692,35,2870
2026-07-23T18:07:20Z,260011,18319698,18,779
2026-07-23T18:07:20Z,260012,18319699,21,457
2026-07-23T18:07:20Z,5050012,18319705,16,668
2026-07-23T18:07:20Z,5020011,18319719,47,-311
2026-07-23T18:07:20Z,440012,18319730,36,363
2026-07-23T18:07:20Z,440011,18319731,26,1953
2026-07-23T18:07:20Z,4050041,18319743,54,205
2026-07-23T18:07:20Z,4050042,18319744,43,-645
2026-07-23T18:07:20Z,160011,18319754,6,-82
2026-07-23T18:07:20Z,160012,18319755,7,-107
2026-07-23T18:07:20Z,260011,18319762,18,156
2026-07-23T18:07:20Z,260012,18319763,5,175
2026-07-23T18:07:20Z,230031,18319769,47,27
2026-07-23T18:07:20Z,230031,18319770,46,-455
2026-07-23T18:07:20Z,5020012,18319774,47,-407
2026-07-23T18:07:20Z,110012,18319779,38,-102
2026-07-23T18:07:20Z,470012,18319783,18,180
2026-07-23T18:07:20Z,470011,18319784,19,72
2026-07-23T18:07:20Z,470012,18319785,4,174
2026-07-23T18:07:20Z,5040012,18319798,16,322
2026-07-23T18:07:20Z,5040011,18319799,12,48
2026-07-23T18:07:20Z,5040012,18319800,16,23
2026-07-23T18:07:20Z,5010011,18319832,21,-177
2026-07-23T18:07:20Z,4050041,18319837,53,-22
2026-07-23T18:07:20Z,4000022,18319865,41,54
2026-07-23T18:07:20Z,4000021,18319866,10,115
2026-07-23T18:07:20Z,420022,18319904,49,-100
2026-07-23T18:07:20Z,130012,18319914,15,-281
2026-07-23T18:07:20Z,160011,18319959,6,-119
2026-07-23T18:07:20Z,110012,18319976,38,-484
2026-07-23T18:07:20Z,170022,18319986,22,-154
2026-07-23T18:07:20Z,290022,18319991,18,91
2026-07-23T18:07:20Z,410012,18319993,36,187
2026-07-23T18:07:20Z,410011,18319994,43,207
2026-07-23T18:07:20Z,410012,18319995,0,-153
2026-07-23T18:07:20Z,420022,18319997,49,-132
2026-07-23T18:07:20Z,330011,18320000,25,303
2026-07-23T18:07:20Z,280012,18320009,18,-228
2026-07-23T18:07:20Z,520021,18320011,16,244
2026-07-23T18:07:20Z,410012,18320015,36,-218
2026-07-23T18:07:20Z,620011,18320022,22,205
2026-07-23T18:07:20Z,410011,18320025,27,270
2026-07-23T18:07:20Z,420022,18320027,49,470
2026-07-23T18:07:20Z,380021,18320029,21,-27
2026-07-23T18:07:20Z,170021,18320031,20,-239
2026-07-23T18:07:20Z,420021,18320033,52,-255
2026-07-23T18:07:20Z,5010011,18320034,21,42
2026-07-23T18:07:20Z,120012,18320035,34,210
2026-07-23T18:07:20Z,120011,18320036,35,259
2026-07-23T18:07:20Z,460011,18320037,35,1536
2026-07-23T18:07:20Z,160012,18320039,7,-38
2026-07-23T18:07:20Z,240012,18320040,17,-20
2026-07-23T18:07:20Z,410011,18320041,43,197
2026-07-23T18:07:20Z,410012,18320042,11,942
2026-07-23T18:07:20Z,470011,18320043,19,-84
2026-07-23T18:07:20Z,470012,18320044,18,263
2026-07-23T18:07:20Z,5010012,18320045,21,-254
2026-07-23T18:07:20Z,330012,18320046,24,705
2026-07-23T18:07:20Z,320012,18320047,15,96
2026-07-23T18:07:20Z,320011,18320048,16,214
2026-07-23T18:07:20Z,130011,18320049,15,-202
2026-07-23T18:07:20Z,130012,18320050,15,-281
2026-07-23T18:07:20Z,510012,18320051,11,33
2026-07-23T18:07:20Z,510011,18320052,14,97
2026-07-23T18:07:20Z,530012,18320053,17,86
2026-07-23T18:07:20Z,530011,18320054,17,400
2026-07-23T18:07:20Z,540012,18320055,16,456
2026-07-23T18:07:20Z,540011,18320056,15,45
2026-07-23T18:07:20Z,280011,18320057,21,-49
2026-07-23T18:07:20Z,280012,18320058,6,-14
2026-07-23T18:07:20Z,520022,18320059,10,356
2026-07-23T18:07:20Z,520021,18320060,2,34
2026-07-23T18:07:20Z,460012,18320061,35,16
2026-07-23T18:07:20Z,420021,18320062,42,-260
2026-07-23T18:07:20Z,440012,18320063,26,203
2026-07-23T18:07:20Z,120012,18320064,28,-84
2026-07-23T18:07:20Z,5010011,18320065,21,4
2026-07-23T18:07:20Z,420022,18320067,24,-154
2026-07-23T18:07:20Z,410011,18320068,10,-65
2026-07-23T18:07:20Z,470011,18320070,4,70
2026-07-23T18:07:20Z,5030012,,7,165
2026-07-23T18:07:20Z,5030011,,40,300
2026-07-24T03:36:19Z,4050012,18329395,53,2734
2026-07-24T03:36:19Z,740011,18329403,19,-234
2026-07-24T03:36:19Z,740012,18329404,19,-90
2026-07-24T03:36:19Z,740011,18329405,12,-300
2026-07-24T03:36:19Z,520022,18329418,10,-50
2026-07-24T03:36:19Z,520021,18329419,2,17
2026-07-24T03:36:19Z,770012,18329427,11,99
2026-07-24T03:36:19Z,770011,18329428,12,8
2026-07-24T03:36:19Z,840012,18329438,9,-154
2026-07-24T03:36:19Z,840011,18329439,10,44
2026-07-24T03:36:19Z,760011,18329468,13,-14
2026-07-24T03:36:19Z,4050012,18329475,38,2550
2026-07-24T03:36:19Z,730012,18329484,12,-66
2026-07-24T03:36:19Z,730011,18329485,3,38
2026-07-24T03:36:19Z,7000012,18329488,4,123
2026-07-24T03:36:19Z,310031,18329497,32,-86
2026-07-24T03:36:19Z,310031,18329498,32,-623
2026-07-24T03:36:19Z,5020012,18329501,47,1750
2026-07-24T03:36:19Z,5020011,18329502,20,393
2026-07-24T03:36:19Z,5030012,18329509,40,950
2026-07-24T03:36:19Z,5030011,18329510,30,-335
2026-07-24T03:36:19Z,810021,18329515,18,813
2026-07-24T03:36:19Z,4000012,18329518,20,517
2026-07-24T03:36:19Z,250011,18329523,13,-275
2026-07-24T03:36:19Z,250012,18329524,4,-155
2026-07-24T03:36:19Z,690021,18329543,8,-22
2026-07-24T03:36:19Z,5020012,18329549,47,1684
2026-07-24T03:36:19Z,5030012,18329553,40,767
2026-07-24T03:36:19Z,5030011,18329554,19,-747
2026-07-24T03:36:19Z,420022,18329561,49,-37
2026-07-24T03:36:19Z,5040011,18329564,12,209
2026-07-24T03:36:19Z,5040012,18329565,16,53
2026-07-24T03:36:19Z,5040011,18329566,12,-619
2026-07-24T03:36:19Z,500012,18329571,18,308
2026-07-24T03:36:19Z,500011,18329572,23,578
2026-07-24T03:36:19Z,4050011,18329575,70,361
2026-07-24T03:36:19Z,4050012,18329576,22,1708
2026-07-24T03:36:19Z,5010011,18329585,21,110
2026-07-24T03:36:19Z,5010012,18329586,21,-261
2026-07-24T03:36:19Z,310031,18329589,32,-504
2026-07-24T03:36:19Z,310031,18329590,21,-391
2026-07-24T03:36:19Z,5020012,18329600,45,1478
2026-07-24T03:36:19Z,5030012,18329606,40,880
2026-07-24T03:36:19Z,720012,18329611,4,-65
2026-07-24T03:36:19Z,720011,18329612,4,75
2026-07-24T03:36:19Z,410012,18329615,36,145
2026-07-24T03:36:19Z,460012,18329619,35,142
2026-07-24T03:36:19Z,680021,18329621,29,109
2026-07-24T03:36:19Z,680012,18329622,8,490
2026-07-24T03:36:19Z,260012,18329632,21,-53
2026-07-24T03:36:19Z,5020012,18329642,42,1504
2026-07-24T03:36:19Z,5030012,18329646,36,705
2026-07-24T03:36:19Z,5050022,18329652,25,732
2026-07-24T03:36:19Z,5050011,18329653,11,143
2026-07-24T03:36:19Z,4000012,18329656,34,1330
2026-07-24T03:36:19Z,470011,18329669,19,-168
2026-07-24T03:36:19Z,470012,18329670,18,205
2026-07-24T03:36:19Z,470011,18329671,3,-189
2026-07-24T03:36:19Z,540021,18329680,16,-1
2026-07-24T03:36:19Z,220021,18329682,33,-750
2026-07-24T03:36:19Z,220021,18329683,0,-1530
2026-07-24T03:36:19Z,5030012,18329685,34,502
2026-07-24T03:36:19Z,410012,18329691,36,374
2026-07-24T03:36:19Z,420022,18329695,49,37
2026-07-24T03:36:19Z,5020012,18329704,37,978
2026-07-24T03:36:19Z,1010022,18329712,21,1775
2026-07-24T03:36:19Z,700011,18329714,5,80
2026-07-24T03:36:19Z,4050011,18329717,70,-675
2026-07-24T03:36:19Z,4050012,18329718,11,889
2026-07-24T03:36:19Z,9010021,18329730,20,-167
2026-07-24T03:36:19Z,9010021,18329731,18,116
2026-07-24T03:36:19Z,360012,18329740,15,163
2026-07-24T03:36:19Z,360011,18329741,17,-222
2026-07-24T03:36:19Z,360012,18329742,13,7
2026-07-24T03:36:19Z,360021,18329746,24,-28
2026-07-24T03:36:19Z,360022,18329747,22,150
2026-07-24T03:36:19Z,360021,18329748,19,-98
2026-07-24T03:36:19Z,5030011,18329757,40,492
2026-07-24T03:36:19Z,5030012,18329758,31,524
2026-07-24T03:36:19Z,820011,18329763,8,1222
2026-07-24T03:36:19Z,460012,18329768,35,155
2026-07-24T03:36:19Z,460011,18329769,21,-324
2026-07-24T03:36:19Z,190011,18329772,18,-93
2026-07-24T03:36:19Z,190012,18329773,18,-203
2026-07-24T03:36:19Z,190011,18329774,13,-760
2026-07-24T03:36:19Z,240011,18329776,18,110
2026-07-24T03:36:19Z,230031,18329779,47,-150
2026-07-24T03:36:19Z,230031,18329780,40,-826
2026-07-24T03:36:19Z,280011,18329783,21,34
2026-07-24T03:36:19Z,260011,18329785,18,-56
2026-07-24T03:36:19Z,260012,18329787,21,66
2026-07-24T03:36:19Z,260011,18329788,18,-172
2026-07-24T03:36:19Z,600011,18329794,15,322
2026-07-24T03:36:19Z,600012,18329795,14,889
2026-07-24T03:36:19Z,600011,18329796,9,885
2026-07-24T03:36:19Z,5020011,18329797,48,-268
2026-07-24T03:36:19Z,5020012,18329798,28,542
2026-07-24T03:36:19Z,7010011,18329801,20,308
2026-07-24T03:36:19Z,7010012,18329802,4,655
2026-07-24T03:36:19Z,520022,18329809,10,328
2026-07-24T03:36:19Z,520021,18329810,16,-731
2026-07-24T03:36:19Z,560021,18329812,13,1889
2026-07-24T03:36:19Z,560012,18329813,1,-15
2026-07-24T03:36:19Z,5030011,18329817,40,-134
2026-07-24T03:36:19Z,5030012,18329818,25,224
2026-07-24T03:36:19Z,5050022,18329826,20,1068
2026-07-24T03:36:19Z,4000011,18329833,54,-548
2026-07-24T03:36:19Z,4000012,18329834,3,169
2026-07-24T03:36:19Z,270012,18329839,14,390
2026-07-24T03:36:19Z,110011,18329844,37,-19
2026-07-24T03:36:19Z,110012,18329845,38,560
2026-07-24T03:36:19Z,110011,18329846,33,134
2026-07-24T03:36:19Z,150011,18329849,25,201
2026-07-24T03:36:19Z,170021,18329852,20,-214
2026-07-24T03:36:19Z,410011,18329853,43,-144
2026-07-24T03:36:19Z,410012,18329854,36,305
2026-07-24T03:36:19Z,470012,18329858,18,396
2026-07-24T03:36:19Z,480011,18329859,15,347
2026-07-24T03:36:19Z,480012,18329860,11,282
2026-07-24T03:36:19Z,5010012,18329868,21,-299
2026-07-24T03:36:19Z,220021,18329870,33,56
2026-07-24T03:36:19Z,220021,18329871,29,-1193
2026-07-24T03:36:19Z,530011,18329875,20,606
2026-07-24T03:36:19Z,530012,18329876,0,-1614
2026-07-24T03:36:19Z,420021,18329882,52,-53
2026-07-24T03:36:19Z,330012,18329883,24,176
2026-07-24T03:36:19Z,330011,18329884,25,-68
2026-07-24T03:36:19Z,330012,18329885,16,234
2026-07-24T03:36:19Z,440011,18329886,30,511
2026-07-24T03:36:19Z,5040012,18329887,16,393
2026-07-24T03:36:19Z,440012,18329891,36,363
2026-07-24T03:36:19Z,510011,18329894,14,50
2026-07-24T03:36:19Z,510012,18329895,0,-2530
2026-07-24T03:36:19Z,4050011,18329901,70,-838
2026-07-24T03:36:19Z,850011,18329904,17,679
2026-07-24T03:36:19Z,850012,18329905,3,560
2026-07-24T03:36:19Z,130012,18329912,15,-188
2026-07-24T03:36:19Z,120012,18329914,34,640
2026-07-24T03:36:19Z,120011,18329915,35,734
2026-07-24T03:36:19Z,120011,18329916,35,94
2026-07-24T03:36:19Z,130012,18329918,15,-756
2026-07-24T03:36:19Z,620012,18329920,16,17
2026-07-24T03:36:19Z,620011,18329921,19,277
2026-07-24T03:36:19Z,5020011,18329922,48,-791
2026-07-24T03:36:19Z,5020012,18329923,14,154
2026-07-24T03:36:19Z,5030011,18329926,40,-403
2026-07-24T03:36:19Z,5030012,18329927,11,179
2026-07-24T03:36:19Z,460011,18329930,35,250
2026-07-24T03:36:19Z,1560012,18329932,6,-135
2026-07-24T03:36:19Z,1560011,18329933,6,214
2026-07-24T03:36:19Z,230031,18329934,47,-606
2026-07-24T03:36:19Z,380021,18329937,22,1251
2026-07-24T03:36:19Z,380022,18329938,1,90
2026-07-24T03:36:19Z,5050011,18329940,16,315
2026-07-24T03:36:19Z,5050022,18329941,11,479
2026-07-24T03:36:19Z,4000011,18329952,54,-481
2026-07-24T03:36:19Z,5010011,18329955,21,-298
2026-07-24T03:36:19Z,110012,18329957,38,696
2026-07-24T03:36:19Z,110011,18329958,6,-90
2026-07-24T03:36:19Z,110011,18329959,37,145
2026-07-24T03:36:19Z,150012,18329960,21,-2
2026-07-24T03:36:19Z,150011,18329961,25,13
2026-07-24T03:36:19Z,170022,18329962,22,213
2026-07-24T03:36:19Z,170021,18329963,20,-1126
2026-07-24T03:36:19Z,290021,18329964,16,418
2026-07-24T03:36:19Z,290022,18329965,18,-1388
2026-07-24T03:36:19Z,640032,18329968,18,659
2026-07-24T03:36:19Z,810022,18329970,6,992
2026-07-24T03:36:19Z,680022,18329978,22,1809
2026-07-24T03:36:19Z,5030011,18329982,40,-734
2026-07-24T03:36:19Z,5010012,18329988,21,-82
2026-07-24T03:36:19Z,420021,18329989,52,-685
2026-07-24T03:36:19Z,410011,18329990,43,-462
2026-07-24T03:36:19Z,410012,18329991,10,51
2026-07-24T03:36:19Z,440011,18329992,30,770
2026-07-24T03:36:19Z,440012,18329993,8,631
2026-07-24T03:36:19Z,5040011,18329995,12,-259
2026-07-24T03:36:19Z,1010011,18329997,27,351
2026-07-24T03:36:19Z,1010022,18329998,0,-549
2026-07-24T03:36:19Z,5010011,18330002,21,-371
2026-07-24T03:36:19Z,120012,18330005,34,858
2026-07-24T03:36:19Z,420022,18330007,35,228
2026-07-24T03:36:19Z,460011,18330010,35,-224
2026-07-24T03:36:19Z,460012,18330011,6,-53
2026-07-24T03:36:19Z,650012,18330014,17,-204
2026-07-24T03:36:19Z,240012,18330016,17,276
2026-07-24T03:36:19Z,240011,18330017,8,35
2026-07-24T03:36:19Z,470011,18330023,19,-236
2026-07-24T03:36:19Z,470012,18330024,4,3
2026-07-24T03:36:19Z,460012,18330025,32,124
2026-07-24T03:36:19Z,170022,18330026,22,51
2026-07-24T03:36:19Z,410011,18330027,43,-823
2026-07-24T03:36:19Z,410012,18330031,30,348
2026-07-24T03:36:19Z,110012,18330035,24,448
2026-07-24T03:36:19Z,840012,18330037,9,172
2026-07-24T03:36:19Z,840021,18330038,1,-91
2026-07-24T03:36:19Z,420021,18330039,36,-929
2026-07-24T03:36:19Z,5040012,18330041,16,-67
2026-07-24T03:36:19Z,670012,18330046,12,-81
2026-07-24T03:36:19Z,670011,18330047,11,-62
2026-07-24T03:36:19Z,320012,18330054,15,76
2026-07-24T03:36:19Z,130011,18330058,15,-905
2026-07-24T03:36:19Z,120011,18330060,22,-452
2026-07-24T03:36:19Z,130012,18330063,15,-933
2026-07-24T03:36:19Z,5010011,18330065,21,-1872
2026-07-24T03:36:19Z,410011,18330070,19,-302
2026-07-24T03:36:19Z,160011,18330072,5,561
2026-07-24T03:36:19Z,630032,18330074,7,-143
2026-07-24T03:36:19Z,750012,18330076,8,-199
2026-07-24T03:36:19Z,260012,18330078,3,66
2026-07-24T03:36:19Z,780012,18330084,1,60
2026-07-24T03:36:19Z,150012,18330086,6,-49
2026-07-24T03:36:19Z,110012,18330090,4,50
2026-07-24T03:36:19Z,170022,18330092,3,-69
2026-07-24T03:36:19Z,290021,18330094,0,-353
2026-07-24T03:36:19Z,540012,18330100,0,-1931
2026-07-24T03:46:43Z,4050012,18329395,60,2781
2026-07-24T03:46:43Z,740011,18329403,19,-217
2026-07-24T03:46:43Z,740012,18329404,19,-90
2026-07-24T03:46:43Z,740011,18329405,19,-338
2026-07-24T03:46:43Z,520022,18329418,10,20
2026-07-24T03:46:43Z,520021,18329419,10,-210
2026-07-24T03:46:43Z,770012,18329427,11,99
2026-07-24T03:46:43Z,770011,18329428,12,7
2026-07-24T03:46:43Z,840011,18329439,10,44
2026-07-24T03:46:43Z,840012,18329440,3,149
2026-07-24T03:46:43Z,4050012,18329475,41,2956
2026-07-24T03:46:43Z,730012,18329484,12,-66
2026-07-24T03:46:43Z,730011,18329485,12,-144
2026-07-24T03:46:43Z,730012,18329486,3,12
2026-07-24T03:46:43Z,7000012,18329488,11,474
2026-07-24T03:46:43Z,310031,18329497,32,137
2026-07-24T03:46:43Z,310031,18329498,32,-598
2026-07-24T03:46:43Z,5020012,18329501,47,1158
2026-07-24T03:46:43Z,5020011,18329502,47,-596
2026-07-24T03:46:43Z,5030012,18329509,40,520
2026-07-24T03:46:43Z,5030011,18329510,40,-772
2026-07-24T03:46:43Z,810021,18329515,18,624
2026-07-24T03:46:43Z,4000012,18329518,22,882
2026-07-24T03:46:43Z,250011,18329523,13,-249
2026-07-24T03:46:43Z,250012,18329524,15,-197
2026-07-24T03:46:43Z,5020012,18329549,47,1350
2026-07-24T03:46:43Z,5030012,18329553,40,314
2026-07-24T03:46:43Z,5030011,18329554,30,-897
2026-07-24T03:46:43Z,5040012,18329565,16,43
2026-07-24T03:46:43Z,5040011,18329566,12,-602
2026-07-24T03:46:43Z,5040012,18329567,0,-902
2026-07-24T03:46:43Z,500011,18329572,23,271
2026-07-24T03:46:43Z,4050012,18329576,29,2121
2026-07-24T03:46:43Z,5010012,18329586,21,-324
2026-07-24T03:46:43Z,310031,18329589,32,-322
2026-07-24T03:46:43Z,310031,18329590,32,-478
2026-07-24T03:46:43Z,5020012,18329600,47,874
2026-07-24T03:46:43Z,5030012,18329606,40,754
2026-07-24T03:46:43Z,720012,18329611,4,-65
2026-07-24T03:46:43Z,720011,18329612,4,75
2026-07-24T03:46:43Z,680021,18329621,29,-114
2026-07-24T03:46:43Z,680012,18329622,9,685
2026-07-24T03:46:43Z,260012,18329632,21,-46
2026-07-24T03:46:43Z,5020012,18329642,47,1503
2026-07-24T03:46:43Z,5020011,18329643,1,1475
2026-07-24T03:46:43Z,5030012,18329646,40,601
2026-07-24T03:46:43Z,5030011,18329647,7,-281
2026-07-24T03:46:43Z,5050022,18329652,25,273
2026-07-24T03:46:43Z,5050011,18329653,16,71
2026-07-24T03:46:43Z,5050012,18329654,0,-529
2026-07-24T03:46:43Z,4000012,18329656,42,1573
2026-07-24T03:46:43Z,470011,18329669,19,-36
2026-07-24T03:46:43Z,470012,18329670,18,110
2026-07-24T03:46:43Z,470011,18329671,13,-274
2026-07-24T03:46:43Z,540021,18329680,16,54
2026-07-24T03:46:43Z,220021,18329682,33,-746
2026-07-24T03:46:43Z,220021,18329683,12,-344
2026-07-24T03:46:43Z,5030012,18329685,39,465
2026-07-24T03:46:43Z,410012,18329691,36,474
2026-07-24T03:46:43Z,420022,18329695,49,-210
2026-07-24T03:46:43Z,5020012,18329704,42,861
2026-07-24T03:46:43Z,1010022,18329712,26,1849
2026-07-24T03:46:43Z,700011,18329714,5,80
2026-07-24T03:46:43Z,4050011,18329717,70,-500
2026-07-24T03:46:43Z,4050012,18329718,19,1129
2026-07-24T03:46:43Z,9010021,18329730,20,-171
2026-07-24T03:46:43Z,9010021,18329731,20,123
2026-07-24T03:46:43Z,9010021,18329732,2,3
2026-07-24T03:46:43Z,360011,18329741,17,-211
2026-07-24T03:46:43Z,360012,18329742,15,2
2026-07-24T03:46:43Z,360021,18329746,24,163
2026-07-24T03:46:43Z,360022,18329747,22,130
2026-07-24T03:46:43Z,360021,18329748,24,-254
2026-07-24T03:46:43Z,5030012,18329758,35,431
2026-07-24T03:46:43Z,820011,18329763,8,827
2026-07-24T03:46:43Z,460012,18329768,35,43
2026-07-24T03:46:43Z,460011,18329769,33,-367
2026-07-24T03:46:43Z,190011,18329772,18,80
2026-07-24T03:46:43Z,190012,18329773,18,-214
2026-07-24T03:46:43Z,190011,18329774,18,-1087
2026-07-24T03:46:43Z,230031,18329779,47,-217
2026-07-24T03:46:43Z,230031,18329780,47,-939
2026-07-24T03:46:43Z,280011,18329783,21,-12
2026-07-24T03:46:43Z,260011,18329785,18,71
2026-07-24T03:46:43Z,260012,18329787,21,154
2026-07-24T03:46:43Z,260011,18329788,18,-103
2026-07-24T03:46:43Z,600012,18329795,14,886
2026-07-24T03:46:43Z,600011,18329796,11,969
2026-07-24T03:46:43Z,5020011,18329797,48,36
2026-07-24T03:46:43Z,5020012,18329798,39,541
2026-07-24T03:46:43Z,7010011,18329801,20,-129
2026-07-24T03:46:43Z,7010012,18329802,11,855
2026-07-24T03:46:43Z,520021,18329810,16,-746
2026-07-24T03:46:43Z,560021,18329812,13,914
2026-07-24T03:46:43Z,560012,18329813,7,351
2026-07-24T03:46:43Z,5030011,18329817,40,108
2026-07-24T03:46:43Z,5030012,18329818,32,285
2026-07-24T03:46:43Z,5050022,18329826,25,1040
2026-07-24T03:46:43Z,5050011,18329827,1,872
2026-07-24T03:46:43Z,4000011,18329833,54,-385
2026-07-24T03:46:43Z,4000012,18329834,14,435
2026-07-24T03:46:43Z,270012,18329839,14,121
2026-07-24T03:46:43Z,110012,18329845,38,208
2026-07-24T03:46:43Z,110011,18329846,37,167
2026-07-24T03:46:43Z,150011,18329849,25,-176
2026-07-24T03:46:43Z,170021,18329852,20,-102
2026-07-24T03:46:43Z,410012,18329854,36,92
2026-07-24T03:46:43Z,470012,18329858,18,185
2026-07-24T03:46:43Z,480012,18329860,12,326
2026-07-24T03:46:43Z,5010012,18329868,21,-192
2026-07-24T03:46:43Z,220021,18329871,33,-1334
2026-07-24T03:46:43Z,530011,18329875,20,298
2026-07-24T03:46:43Z,530012,18329876,5,-88
2026-07-24T03:46:43Z,420021,18329882,52,-58
2026-07-24T03:46:43Z,330011,18329884,25,-50
2026-07-24T03:46:43Z,330012,18329885,23,305
2026-07-24T03:46:43Z,440011,18329886,30,325
2026-07-24T03:46:43Z,440012,18329891,36,305
2026-07-24T03:46:43Z,510011,18329894,14,77
2026-07-24T03:46:43Z,510012,18329895,8,-109
2026-07-24T03:46:43Z,4050011,18329901,70,-730
2026-07-24T03:46:43Z,4050012,18329902,0,-1030
2026-07-24T03:46:43Z,850011,18329904,17,361
2026-07-24T03:46:43Z,850012,18329905,4,753
2026-07-24T03:46:43Z,120012,18329914,34,235
2026-07-24T03:46:43Z,120011,18329915,35,274
2026-07-24T03:46:43Z,120011,18329916,35,-115
2026-07-24T03:46:43Z,130012,18329918,15,-685
2026-07-24T03:46:43Z,620012,18329920,16,-64
2026-07-24T03:46:43Z,620011,18329921,22,163
2026-07-24T03:46:43Z,5020011,18329922,48,-630
2026-07-24T03:46:43Z,5020012,18329923,24,370
2026-07-24T03:46:43Z,5030011,18329926,40,-162
2026-07-24T03:46:43Z,5030012,18329927,20,32
2026-07-24T03:46:43Z,460011,18329930,35,429
2026-07-24T03:46:43Z,410011,18329931,43,-438
2026-07-24T03:46:43Z,1560011,18329933,6,191
2026-07-24T03:46:43Z,230031,18329934,47,-484
2026-07-24T03:46:43Z,380021,18329937,22,736
2026-07-24T03:46:43Z,380022,18329938,6,449
2026-07-24T03:46:43Z,5050011,18329940,16,-200
2026-07-24T03:46:43Z,5050022,18329941,12,594
2026-07-24T03:46:43Z,4000011,18329952,54,-295
2026-07-24T03:46:43Z,5010011,18329955,21,-65
2026-07-24T03:46:43Z,5010012,18329956,5,-6
2026-07-24T03:46:43Z,110012,18329957,38,379
2026-07-24T03:46:43Z,110011,18329958,12,190
2026-07-24T03:46:43Z,110011,18329959,37,143
2026-07-24T03:46:43Z,150012,18329960,21,-63
2026-07-24T03:46:43Z,150011,18329961,25,-116
2026-07-24T03:46:43Z,170022,18329962,22,60
2026-07-24T03:46:43Z,170021,18329963,20,-1132
2026-07-24T03:46:43Z,290021,18329964,16,658
2026-07-24T03:46:43Z,290022,18329965,18,-1357
2026-07-24T03:46:43Z,640032,18329968,18,823
2026-07-24T03:46:43Z,810022,18329970,12,1935
2026-07-24T03:46:43Z,680022,18329978,24,2042
2026-07-24T03:46:43Z,680021,18329979,2,1701
2026-07-24T03:46:43Z,5020011,18329980,48,-1124
2026-07-24T03:46:43Z,5020012,18329981,5,114
2026-07-24T03:46:43Z,5030011,18329982,40,-487
2026-07-24T03:46:43Z,5030012,18329983,5,120
2026-07-24T03:46:43Z,5010012,18329988,21,-144
2026-07-24T03:46:43Z,420021,18329989,52,-591
2026-07-24T03:46:43Z,410011,18329990,43,-300
2026-07-24T03:46:43Z,410012,18329991,21,160
2026-07-24T03:46:43Z,440011,18329992,30,681
2026-07-24T03:46:43Z,440012,18329993,22,560
2026-07-24T03:46:43Z,5040011,18329995,12,-182
2026-07-24T03:46:43Z,440012,18329996,36,-59
2026-07-24T03:46:43Z,1010011,18329997,27,438
2026-07-24T03:46:43Z,1010022,18329998,3,270
2026-07-24T03:46:43Z,4050011,18329999,59,-1176
2026-07-24T03:46:43Z,5010011,18330002,21,-282
2026-07-24T03:46:43Z,120012,18330005,34,770
2026-07-24T03:46:43Z,420022,18330007,46,237
2026-07-24T03:46:43Z,460011,18330010,35,-213
2026-07-24T03:46:43Z,460012,18330011,13,-78
2026-07-24T03:46:43Z,650012,18330014,17,-204
2026-07-24T03:46:43Z,240012,18330016,17,276
2026-07-24T03:46:43Z,240011,18330017,18,17
2026-07-24T03:46:43Z,470011,18330023,19,-1037
2026-07-24T03:46:43Z,470012,18330024,11,114
2026-07-24T03:46:43Z,460012,18330025,35,-76
2026-07-24T03:46:43Z,170022,18330026,22,-18
2026-07-24T03:46:43Z,410011,18330027,43,-800
2026-07-24T03:46:43Z,410012,18330031,36,216
2026-07-24T03:46:43Z,410011,18330032,5,40
2026-07-24T03:46:43Z,110012,18330035,34,452
2026-07-24T03:46:43Z,840012,18330037,9,27
2026-07-24T03:46:43Z,840021,18330038,4,113
2026-07-24T03:46:43Z,420021,18330039,48,-1366
2026-07-24T03:46:43Z,5040012,18330041,16,-56
2026-07-24T03:46:43Z,5040011,18330042,1,-119
2026-07-24T03:46:43Z,670012,18330046,12,-81
2026-07-24T03:46:43Z,670011,18330047,11,-62
2026-07-24T03:46:43Z,320012,18330054,15,88
2026-07-24T03:46:43Z,320011,18330055,0,-1052
2026-07-24T03:46:43Z,130011,18330058,15,-900
2026-07-24T03:46:43Z,120011,18330060,32,-376
2026-07-24T03:46:43Z,130012,18330063,15,-946
2026-07-24T03:46:43Z,5010011,18330065,21,-1853
2026-07-24T03:46:43Z,420022,18330069,24,-466
2026-07-24T03:46:43Z,410011,18330070,35,-534
2026-07-24T03:46:43Z,160011,18330072,6,240
2026-07-24T03:46:43Z,160012,18330073,1,123
2026-07-24T03:46:43Z,630032,18330074,11,-416
2026-07-24T03:46:43Z,750012,18330076,13,-254
2026-07-24T03:46:43Z,260012,18330078,9,114
2026-07-24T03:46:43Z,230031,18330079,20,-396
2026-07-24T03:46:43Z,780012,18330084,7,499
2026-07-24T03:46:43Z,150012,18330086,19,-231
2026-07-24T03:46:43Z,110012,18330090,12,176
2026-07-24T03:46:43Z,170022,18330092,12,-61
2026-07-24T03:46:43Z,290021,18330094,10,-42
2026-07-24T03:46:43Z,540012,18330100,12,-106
2026-07-24T03:46:43Z,590012,18330117,2,193
2026-07-24T03:46:43Z,420021,18330119,8,-339
2026-07-24T03:46:43Z,330011,18330126,2,-46
2026-07-24T03:46:43Z,1010011,18330127,2,26
2026-07-24T03:46:43Z,120012,18330129,0,-253
2026-07-24T03:46:43Z,130011,18330132,2,-122
2026-07-24T03:46:43Z,120011,18330134,1,-23
2026-07-24T03:46:43Z,5010011,18330137,2,-62
2026-07-24T03:57:08Z,4050012,18329395,71,1736
2026-07-24T03:57:08Z,4050011,18329396,16,206
2026-07-24T03:57:08Z,740012,18329404,19,-93
2026-07-24T03:57:08Z,740011,18329405,19,-338
2026-07-24T03:57:08Z,520022,18329418,10,60
2026-07-24T03:57:08Z,520021,18329419,16,-457
2026-07-24T03:57:08Z,770012,18329427,11,50
2026-07-24T03:57:08Z,770011,18329428,12,7
2026-07-24T03:57:08Z,840011,18329439,10,44
2026-07-24T03:57:08Z,840012,18329440,8,200
2026-07-24T03:57:08Z,4050012,18329475,51,3089
2026-07-24T03:57:08Z,730012,18329484,12,-66
2026-07-24T03:57:08Z,730011,18329485,12,-144
2026-07-24T03:57:08Z,730012,18329486,11,-49
2026-07-24T03:57:08Z,7000012,18329488,14,690
2026-07-24T03:57:08Z,310031,18329497,32,250
2026-07-24T03:57:08Z,310031,18329498,32,-573
2026-07-24T03:57:08Z,5020012,18329501,47,621
2026-07-24T03:57:08Z,5020011,18329502,48,-1151
2026-07-24T03:57:08Z,5030011,18329510,40,-979
2026-07-24T03:57:08Z,810021,18329515,18,525
2026-07-24T03:57:08Z,4000012,18329518,30,836
2026-07-24T03:57:08Z,250011,18329523,13,-235
2026-07-24T03:57:08Z,250012,18329524,18,-134
2026-07-24T03:57:08Z,690022,18329544,2,-16
2026-07-24T03:57:08Z,5020012,18329549,47,788
2026-07-24T03:57:08Z,5030012,18329553,40,-8
2026-07-24T03:57:08Z,5030011,18329554,37,-828
2026-07-24T03:57:08Z,5040012,18329565,16,192
2026-07-24T03:57:08Z,5040011,18329566,12,-593
2026-07-24T03:57:08Z,5040012,18329567,10,80
2026-07-24T03:57:08Z,4050012,18329576,34,2263
2026-07-24T03:57:08Z,5010012,18329586,21,-264
2026-07-24T03:57:08Z,310031,18329589,32,-139
2026-07-24T03:57:08Z,310031,18329590,32,-453
2026-07-24T03:57:08Z,5020012,18329600,47,303
2026-07-24T03:57:08Z,5030012,18329606,40,428
2026-07-24T03:57:08Z,720012,18329611,4,-2
2026-07-24T03:57:08Z,720011,18329612,4,70
2026-07-24T03:57:08Z,680012,18329622,20,866
2026-07-24T03:57:08Z,260012,18329632,21,-53
2026-07-24T03:57:08Z,5020012,18329642,47,981
2026-07-24T03:57:08Z,5020011,18329643,29,-38
2026-07-24T03:57:08Z,5030012,18329646,40,496
2026-07-24T03:57:08Z,5030011,18329647,20,-759
2026-07-24T03:57:08Z,5050011,18329653,16,-39
2026-07-24T03:57:08Z,5050012,18329654,10,-700
2026-07-24T03:57:08Z,4000012,18329656,50,1728
2026-07-24T03:57:08Z,470011,18329669,19,137
2026-07-24T03:57:08Z,470012,18329670,18,99
2026-07-24T03:57:08Z,470011,18329671,19,-398
2026-07-24T03:57:08Z,540021,18329680,16,408
2026-07-24T03:57:08Z,220021,18329682,33,-581
2026-07-24T03:57:08Z,220021,18329683,22,-717
2026-07-24T03:57:08Z,5030012,18329685,40,300
2026-07-24T03:57:08Z,410012,18329691,36,586
2026-07-24T03:57:08Z,420022,18329695,49,-65
2026-07-24T03:57:08Z,5020012,18329704,47,798
2026-07-24T03:57:08Z,1010022,18329712,27,1131
2026-07-24T03:57:08Z,700011,18329714,5,80
2026-07-24T03:57:08Z,4050011,18329717,70,-418
2026-07-24T03:57:08Z,4050012,18329718,21,1076
2026-07-24T03:57:08Z,9010021,18329730,20,-115
2026-07-24T03:57:08Z,9010021,18329731,20,110
2026-07-24T03:57:08Z,9010021,18329732,11,54
2026-07-24T03:57:08Z,360011,18329741,17,-147
2026-07-24T03:57:08Z,360012,18329742,15,-8
2026-07-24T03:57:08Z,360011,18329743,8,-54
2026-07-24T03:57:08Z,360022,18329747,22,189
2026-07-24T03:57:08Z,360021,18329748,24,-268
2026-07-24T03:57:08Z,360022,18329749,7,10
2026-07-24T03:57:08Z,5030012,18329758,40,559
2026-07-24T03:57:08Z,820011,18329763,8,310
2026-07-24T03:57:08Z,460012,18329768,35,-35
2026-07-24T03:57:08Z,460011,18329769,35,-358
2026-07-24T03:57:08Z,190012,18329773,18,-197
2026-07-24T03:57:08Z,190011,18329774,18,-1091
2026-07-24T03:57:08Z,230031,18329780,47,-935
2026-07-24T03:57:08Z,260012,18329787,21,163
2026-07-24T03:57:08Z,260011,18329788,18,-105
2026-07-24T03:57:08Z,430012,18329792,17,141
2026-07-24T03:57:08Z,600012,18329795,14,995
2026-07-24T03:57:08Z,600011,18329796,13,1310
2026-07-24T03:57:08Z,5020012,18329798,43,351
2026-07-24T03:57:08Z,7010011,18329801,20,496
2026-07-24T03:57:08Z,7010012,18329802,11,869
2026-07-24T03:57:08Z,520021,18329810,16,-567
2026-07-24T03:57:08Z,560012,18329813,7,351
2026-07-24T03:57:08Z,5030012,18329818,37,190
2026-07-24T03:57:08Z,5050022,18329826,25,850
2026-07-24T03:57:08Z,5050011,18329827,6,614
2026-07-24T03:57:08Z,4000011,18329833,54,-287
2026-07-24T03:57:08Z,4000012,18329834,19,304
2026-07-24T03:57:08Z,110011,18329846,37,138
2026-07-24T03:57:08Z,410012,18329854,36,106
2026-07-24T03:57:08Z,480012,18329860,16,473
2026-07-24T03:57:08Z,220021,18329871,33,-1341
2026-07-24T03:57:08Z,530011,18329875,20,-104
2026-07-24T03:57:08Z,530012,18329876,17,-93
2026-07-24T03:57:08Z,420021,18329882,52,-13
2026-07-24T03:57:08Z,330011,18329884,25,-15
2026-07-24T03:57:08Z,330012,18329885,24,320
2026-07-24T03:57:08Z,440011,18329886,30,943
2026-07-24T03:57:08Z,510012,18329895,11,-121
2026-07-24T03:57:08Z,4050011,18329901,70,-631
2026-07-24T03:57:08Z,4050012,18329902,5,591
2026-07-24T03:57:08Z,850012,18329905,10,1200
2026-07-24T03:57:08Z,120011,18329915,35,310
2026-07-24T03:57:08Z,130012,18329918,15,-520
2026-07-24T03:57:08Z,620012,18329920,16,12
2026-07-24T03:57:08Z,620011,18329921,22,159
2026-07-24T03:57:08Z,5020011,18329922,48,-416
2026-07-24T03:57:08Z,5020012,18329923,34,382
2026-07-24T03:57:08Z,5030011,18329926,40,-17
2026-07-24T03:57:08Z,5030012,18329927,27,128
2026-07-24T03:57:08Z,410011,18329931,43,-296
2026-07-24T03:57:08Z,1560011,18329933,6,288
2026-07-24T03:57:08Z,230031,18329934,47,-334
2026-07-24T03:57:08Z,390011,18329936,15,947
2026-07-24T03:57:08Z,380021,18329937,22,104
2026-07-24T03:57:08Z,380022,18329938,14,713
2026-07-24T03:57:08Z,5050011,18329940,16,-70
2026-07-24T03:57:08Z,5050022,18329941,18,732
2026-07-24T03:57:08Z,4000011,18329952,54,-132
2026-07-24T03:57:08Z,5010012,18329956,18,-502
2026-07-24T03:57:08Z,110012,18329957,38,365
2026-07-24T03:57:08Z,110011,18329958,24,2
2026-07-24T03:57:08Z,110011,18329959,37,160
2026-07-24T03:57:08Z,150011,18329961,25,-117
2026-07-24T03:57:08Z,170021,18329963,20,-1111
2026-07-24T03:57:08Z,290021,18329964,16,714
2026-07-24T03:57:08Z,290022,18329965,18,-1347
2026-07-24T03:57:08Z,640032,18329968,23,1574
2026-07-24T03:57:08Z,810022,18329970,16,1052
2026-07-24T03:57:08Z,810021,18329971,2,1068
2026-07-24T03:57:08Z,680022,18329978,24,1079
2026-07-24T03:57:08Z,680021,18329979,18,1303
2026-07-24T03:57:08Z,5020011,18329980,48,-946
2026-07-24T03:57:08Z,5020012,18329981,16,118
2026-07-24T03:57:08Z,5030011,18329982,40,-314
2026-07-24T03:57:08Z,5030012,18329983,13,38
2026-07-24T03:57:08Z,5010012,18329988,21,11
2026-07-24T03:57:08Z,420021,18329989,52,-488
2026-07-24T03:57:08Z,440011,18329992,30,602
2026-07-24T03:57:08Z,440012,18329993,34,403
2026-07-24T03:57:08Z,5040011,18329995,12,-56
2026-07-24T03:57:08Z,440012,18329996,36,-192
2026-07-24T03:57:08Z,1010011,18329997,27,561
2026-07-24T03:57:08Z,1010022,18329998,13,572
2026-07-24T03:57:08Z,4050011,18329999,68,-1027
2026-07-24T03:57:08Z,5010011,18330002,21,-53
2026-07-24T03:57:08Z,120012,18330005,34,814
2026-07-24T03:57:08Z,420022,18330007,49,-265
2026-07-24T03:57:08Z,460011,18330010,35,-133
2026-07-24T03:57:08Z,460012,18330011,26,-6
2026-07-24T03:57:08Z,650012,18330014,17,-97
2026-07-24T03:57:08Z,650011,18330015,0,-1597
2026-07-24T03:57:08Z,240012,18330016,17,276
2026-07-24T03:57:08Z,240011,18330017,18,13
2026-07-24T03:57:08Z,280012,18330018,18,-164
2026-07-24T03:57:08Z,280011,18330019,21,-71
2026-07-24T03:57:08Z,4000011,18330020,54,-1301
2026-07-24T03:57:08Z,460012,18330025,35,-389
2026-07-24T03:57:08Z,170022,18330026,22,-111
2026-07-24T03:57:08Z,410011,18330027,43,-831
2026-07-24T03:57:08Z,410012,18330031,36,145
2026-07-24T03:57:08Z,410011,18330032,17,-137
2026-07-24T03:57:08Z,110012,18330035,38,393
2026-07-24T03:57:08Z,840012,18330037,9,27
2026-07-24T03:57:08Z,840021,18330038,8,194
2026-07-24T03:57:08Z,420021,18330039,52,-1611
2026-07-24T03:57:08Z,5040012,18330041,16,-92
2026-07-24T03:57:08Z,5040011,18330042,9,-745
2026-07-24T03:57:08Z,670012,18330046,12,-81
2026-07-24T03:57:08Z,670011,18330047,12,-63
2026-07-24T03:57:08Z,320012,18330054,15,84
2026-07-24T03:57:08Z,320011,18330055,9,247
2026-07-24T03:57:08Z,130011,18330058,15,-914
2026-07-24T03:57:08Z,120011,18330060,35,-469
2026-07-24T03:57:08Z,130012,18330063,15,-972
2026-07-24T03:57:08Z,5010011,18330065,21,-1863
2026-07-24T03:57:08Z,420022,18330069,33,-339
2026-07-24T03:57:08Z,410011,18330070,43,-828
2026-07-24T03:57:08Z,160011,18330072,6,208
2026-07-24T03:57:08Z,160012,18330073,7,-18
2026-07-24T03:57:08Z,630032,18330074,16,-297
2026-07-24T03:57:08Z,750012,18330076,13,-254
2026-07-24T03:57:08Z,260012,18330078,18,-40
2026-07-24T03:57:08Z,230031,18330079,30,-543
2026-07-24T03:57:08Z,780012,18330084,9,425
2026-07-24T03:57:08Z,150012,18330086,21,-264
2026-07-24T03:57:08Z,110012,18330090,21,224
2026-07-24T03:57:08Z,170022,18330092,22,-51
2026-07-24T03:57:08Z,290021,18330094,16,-51
2026-07-24T03:57:08Z,540012,18330100,16,-107
2026-07-24T03:57:08Z,5020011,18330115,23,-960
2026-07-24T03:57:08Z,590012,18330117,4,384
2026-07-24T03:57:08Z,420021,18330119,24,-766
2026-07-24T03:57:08Z,440012,18330124,12,-157
2026-07-24T03:57:08Z,330011,18330126,14,-403
2026-07-24T03:57:08Z,1010011,18330127,9,-168
2026-07-24T03:57:08Z,120012,18330129,10,132
2026-07-24T03:57:08Z,130011,18330132,12,-841
2026-07-24T03:57:08Z,120011,18330134,12,-372
2026-07-24T03:57:08Z,5010011,18330137,17,-596
2026-07-24T03:57:08Z,160011,18330139,3,199
2026-07-24T03:57:08Z,420022,18330143,6,-166
2026-07-24T03:57:08Z,460011,18330144,10,-230
2026-07-24T03:57:08Z,190012,18330146,0,-1574
2026-07-24T04:07:34Z,4050012,18329395,71,493
2026-07-24T04:07:34Z,4050011,18329396,19,22
2026-07-24T04:07:34Z,740012,18329404,19,25
2026-07-24T04:07:34Z,740011,18329405,19,-335
2026-07-24T04:07:34Z,740012,18329406,19,-100
2026-07-24T04:07:34Z,520022,18329418,10,140
2026-07-24T04:07:34Z,520021,18329419,16,-441
2026-07-24T04:07:34Z,520022,18329420,5,-25
2026-07-24T04:07:34Z,770012,18329427,11,84
2026-07-24T04:07:34Z,770011,18329428,12,7
2026-07-24T04:07:34Z,840011,18329439,10,-147
2026-07-24T04:07:34Z,840012,18329440,9,24
2026-07-24T04:07:34Z,840011,18329441,1,-24
2026-07-24T04:07:34Z,710012,18329452,9,-16
2026-07-24T04:07:34Z,710011,18329453,9,-125
2026-07-24T04:07:34Z,4050012,18329475,53,3109
2026-07-24T04:07:34Z,730012,18329484,12,55
2026-07-24T04:07:34Z,730011,18329485,12,-141
2026-07-24T04:07:34Z,730012,18329486,12,-12
2026-07-24T04:07:34Z,7000012,18329488,14,680
2026-07-24T04:07:34Z,310031,18329498,32,-278
2026-07-24T04:07:34Z,5020011,18329502,48,-962
2026-07-24T04:07:34Z,5020012,18329503,5,142
2026-07-24T04:07:34Z,5030011,18329510,40,-744
2026-07-24T04:07:34Z,5030012,18329511,6,143
2026-07-24T04:07:34Z,810021,18329515,18,-167
2026-07-24T04:07:34Z,4000012,18329518,38,1126
2026-07-24T04:07:34Z,250011,18329523,13,-5
2026-07-24T04:07:34Z,250012,18329524,18,-135
2026-07-24T04:07:34Z,690022,18329544,3,-83
2026-07-24T04:07:34Z,690021,18329545,0,-323
2026-07-24T04:07:34Z,5020012,18329549,47,251
2026-07-24T04:07:34Z,5030011,18329554,40,-746
2026-07-24T04:07:34Z,5040012,18329565,16,352
2026-07-24T04:07:34Z,5040011,18329566,12,-563
2026-07-24T04:07:34Z,5040012,18329567,16,-187
2026-07-24T04:07:34Z,4050012,18329576,41,2457
2026-07-24T04:07:34Z,5010012,18329586,21,-76
2026-07-24T04:07:34Z,310031,18329589,32,89
2026-07-24T04:07:34Z,310031,18329590,32,-418
2026-07-24T04:07:34Z,310031,18329591,9,-74
2026-07-24T04:07:34Z,5020012,18329600,47,-278
2026-07-24T04:07:34Z,5030012,18329606,40,250
2026-07-24T04:07:34Z,720011,18329612,4,-57
2026-07-24T04:07:34Z,680012,18329622,22,1008
2026-07-24T04:07:34Z,260012,18329632,21,149
2026-07-24T04:07:34Z,5020012,18329642,47,560
2026-07-24T04:07:34Z,5020011,18329643,48,-681
2026-07-24T04:07:34Z,5030012,18329646,40,339
2026-07-24T04:07:34Z,5030011,18329647,30,-909
2026-07-24T04:07:34Z,5050011,18329653,16,142
2026-07-24T04:07:34Z,5050012,18329654,11,-882
2026-07-24T04:07:34Z,4000012,18329656,56,1505
2026-07-24T04:07:34Z,4000011,18329657,14,1569
2026-07-24T04:07:34Z,470012,18329670,18,140
2026-07-24T04:07:34Z,470011,18329671,19,-390
2026-07-24T04:07:34Z,470012,18329672,4,9
2026-07-24T04:07:34Z,540021,18329680,16,1027
2026-07-24T04:07:34Z,220021,18329682,33,-490
2026-07-24T04:07:34Z,220021,18329683,30,-899
2026-07-24T04:07:34Z,5030012,18329685,40,264
2026-07-24T04:07:34Z,410012,18329691,36,662
2026-07-24T04:07:34Z,420022,18329695,49,-109
2026-07-24T04:07:34Z,5020012,18329704,47,561
2026-07-24T04:07:34Z,5020011,18329705,6,-318
2026-07-24T04:07:34Z,1010022,18329712,27,360
2026-07-24T04:07:34Z,700011,18329714,5,83
2026-07-24T04:07:34Z,4050012,18329718,28,1378
2026-07-24T04:07:34Z,9010021,18329730,20,-216
2026-07-24T04:07:34Z,9010021,18329731,20,109
2026-07-24T04:07:34Z,9010021,18329732,19,154
2026-07-24T04:07:34Z,360011,18329741,17,35
2026-07-24T04:07:34Z,360012,18329742,15,-41
2026-07-24T04:07:34Z,360011,18329743,17,-210
2026-07-24T04:07:34Z,360022,18329747,22,173
2026-07-24T04:07:34Z,360021,18329748,24,-254
2026-07-24T04:07:34Z,360022,18329749,17,64
2026-07-24T04:07:34Z,5030012,18329758,40,543
2026-07-24T04:07:34Z,820012,18329764,0,-352
2026-07-24T04:07:34Z,460012,18329768,35,113
2026-07-24T04:07:34Z,460011,18329769,35,-193
2026-07-24T04:07:34Z,460012,18329770,8,-98
2026-07-24T04:07:34Z,190012,18329773,18,-254
2026-07-24T04:07:34Z,190011,18329774,18,-1095
2026-07-24T04:07:34Z,240012,18329777,5,102
2026-07-24T04:07:34Z,230031,18329780,47,-897
2026-07-24T04:07:34Z,230031,18329781,7,95
2026-07-24T04:07:34Z,260012,18329787,21,370
2026-07-24T04:07:34Z,260011,18329788,18,147
2026-07-24T04:07:34Z,430012,18329792,25,28
2026-07-24T04:07:34Z,600012,18329795,14,1099
2026-07-24T04:07:34Z,600011,18329796,15,1555
2026-07-24T04:07:34Z,5020012,18329798,47,211
2026-07-24T04:07:34Z,7010012,18329802,14,1258
2026-07-24T04:07:34Z,520021,18329810,16,-427
2026-07-24T04:07:34Z,560012,18329813,7,339
2026-07-24T04:07:34Z,5030012,18329818,40,287
2026-07-24T04:07:34Z,5030011,18329819,6,32
2026-07-24T04:07:34Z,5050022,18329826,25,113
2026-07-24T04:07:34Z,5050011,18329827,16,-12
2026-07-24T04:07:34Z,4000012,18329834,20,336
2026-07-24T04:07:34Z,270011,18329840,3,141
2026-07-24T04:07:34Z,110011,18329846,37,88
2026-07-24T04:07:34Z,410012,18329854,36,166
2026-07-24T04:07:34Z,480012,18329860,23,545
2026-07-24T04:07:34Z,480011,18329861,1,259
2026-07-24T04:07:34Z,220021,18329871,33,-1307
2026-07-24T04:07:34Z,220021,18329872,2,-33
2026-07-24T04:07:34Z,530012,18329876,17,-93
2026-07-24T04:07:34Z,530011,18329877,3,243
2026-07-24T04:07:34Z,330011,18329884,25,111
2026-07-24T04:07:34Z,330012,18329885,24,465
2026-07-24T04:07:34Z,440011,18329886,30,1566
2026-07-24T04:07:34Z,440011,18329892,15,233
2026-07-24T04:07:34Z,510012,18329895,11,-121
2026-07-24T04:07:34Z,510011,18329896,11,84
2026-07-24T04:07:34Z,4050011,18329901,70,-484
2026-07-24T04:07:34Z,4050012,18329902,13,896
2026-07-24T04:07:34Z,850012,18329905,17,1536
2026-07-24T04:07:34Z,120011,18329915,35,287
2026-07-24T04:07:34Z,130012,18329918,15,-439
2026-07-24T04:07:34Z,620011,18329921,22,108
2026-07-24T04:07:34Z,5020011,18329922,48,-167
2026-07-24T04:07:34Z,5020012,18329923,42,347
2026-07-24T04:07:34Z,5030011,18329926,40,124
2026-07-24T04:07:34Z,5030012,18329927,34,125
2026-07-24T04:07:34Z,1560011,18329933,6,889
2026-07-24T04:07:34Z,230031,18329934,47,-168
2026-07-24T04:07:34Z,390011,18329936,15,732
2026-07-24T04:07:34Z,380022,18329938,18,1006
2026-07-24T04:07:34Z,5050022,18329941,25,549
2026-07-24T04:07:34Z,5050011,18329942,0,369
2026-07-24T04:07:34Z,4000011,18329952,54,125
2026-07-24T04:07:34Z,4000012,18329953,4,228
2026-07-24T04:07:34Z,5010012,18329956,21,-630
2026-07-24T04:07:34Z,110012,18329957,38,285
2026-07-24T04:07:34Z,110011,18329958,33,84
2026-07-24T04:07:34Z,110011,18329959,37,84
2026-07-24T04:07:34Z,150011,18329961,25,-163
2026-07-24T04:07:34Z,170021,18329963,20,-940
2026-07-24T04:07:34Z,290022,18329965,18,-1328
2026-07-24T04:07:34Z,640032,18329968,24,1676
2026-07-24T04:07:34Z,640031,18329969,5,1725
2026-07-24T04:07:34Z,810022,18329970,16,479
2026-07-24T04:07:34Z,810021,18329971,8,672
2026-07-24T04:07:34Z,680022,18329978,24,602
2026-07-24T04:07:34Z,680021,18329979,29,845
2026-07-24T04:07:34Z,5020011,18329980,48,-689
2026-07-24T04:07:34Z,5020012,18329981,25,327
2026-07-24T04:07:34Z,5030011,18329982,40,-76
2026-07-24T04:07:34Z,5030012,18329983,21,38
2026-07-24T04:07:34Z,420021,18329989,52,-162
2026-07-24T04:07:34Z,410011,18329990,43,5
2026-07-24T04:07:34Z,410012,18329991,36,160
2026-07-24T04:07:34Z,440011,18329992,30,449
2026-07-24T04:07:34Z,440012,18329993,36,203
2026-07-24T04:07:34Z,440012,18329996,36,-284
2026-07-24T04:07:34Z,1010011,18329997,27,299
2026-07-24T04:07:34Z,1010022,18329998,16,730
2026-07-24T04:07:34Z,4050011,18329999,70,-760
2026-07-24T04:07:34Z,5010011,18330002,21,171
2026-07-24T04:07:34Z,120012,18330005,34,752
2026-07-24T04:07:34Z,420022,18330007,49,-367
2026-07-24T04:07:34Z,460011,18330010,35,182
2026-07-24T04:07:34Z,460012,18330011,35,-235
2026-07-24T04:07:34Z,650012,18330014,17,256
2026-07-24T04:07:34Z,650011,18330015,3,156
2026-07-24T04:07:34Z,240012,18330016,17,36
2026-07-24T04:07:34Z,240011,18330017,18,11
2026-07-24T04:07:34Z,280012,18330018,18,55
2026-07-24T04:07:34Z,280011,18330019,21,-56
2026-07-24T04:07:34Z,4000011,18330020,54,-1177
2026-07-24T04:07:34Z,470011,18330023,19,65
2026-07-24T04:07:34Z,470012,18330024,18,88
2026-07-24T04:07:34Z,460012,18330025,35,-34
2026-07-24T04:07:34Z,170022,18330026,22,58
2026-07-24T04:07:34Z,410011,18330027,43,-666
2026-07-24T04:07:34Z,410012,18330028,0,-1566
2026-07-24T04:07:34Z,410012,18330031,36,-20
2026-07-24T04:07:34Z,410011,18330032,36,-540
2026-07-24T04:07:34Z,110012,18330035,38,601
2026-07-24T04:07:34Z,110011,18330036,8,-87
2026-07-24T04:07:34Z,840012,18330037,9,-189
2026-07-24T04:07:34Z,840021,18330038,12,248
2026-07-24T04:07:34Z,420021,18330039,52,-1584
2026-07-24T04:07:34Z,5040012,18330041,16,-71
2026-07-24T04:07:34Z,5040011,18330042,12,-809
2026-07-24T04:07:34Z,440011,18330043,30,342
2026-07-24T04:07:34Z,670012,18330046,12,-88
2026-07-24T04:07:34Z,670011,18330047,12,-81
2026-07-24T04:07:34Z,320012,18330054,15,108
2026-07-24T04:07:34Z,320011,18330055,16,318
2026-07-24T04:07:34Z,130011,18330058,15,-920
2026-07-24T04:07:34Z,120011,18330060,35,-984
2026-07-24T04:07:34Z,130012,18330063,15,-919
2026-07-24T04:07:34Z,5010011,18330065,21,-1816
2026-07-24T04:07:34Z,420022,18330069,46,-561
2026-07-24T04:07:34Z,410011,18330070,43,-801
2026-07-24T04:07:34Z,160011,18330072,6,284
2026-07-24T04:07:34Z,160012,18330073,7,36
2026-07-24T04:07:34Z,630032,18330074,20,-147
2026-07-24T04:07:34Z,750012,18330076,13,-254
2026-07-24T04:07:34Z,260012,18330078,21,-114
2026-07-24T04:07:34Z,230031,18330079,43,-907
2026-07-24T04:07:34Z,780012,18330084,9,404
2026-07-24T04:07:34Z,150012,18330086,21,-257
2026-07-24T04:07:34Z,150011,18330087,7,25
2026-07-24T04:07:34Z,110012,18330090,27,248
2026-07-24T04:07:34Z,170022,18330092,22,-66
2026-07-24T04:07:34Z,170021,18330093,8,-23
2026-07-24T04:07:34Z,290021,18330094,16,-99
2026-07-24T04:07:34Z,290022,18330095,0,-699
2026-07-24T04:07:34Z,610012,18330096,2,1705
2026-07-24T04:07:34Z,540012,18330100,16,-107
2026-07-24T04:07:34Z,540011,18330101,7,151
2026-07-24T04:07:34Z,5020011,18330115,37,-1147
2026-07-24T04:07:34Z,590012,18330117,4,355
2026-07-24T04:07:34Z,420021,18330119,38,-1039
2026-07-24T04:07:34Z,440012,18330124,20,6
2026-07-24T04:07:34Z,330011,18330126,23,-571
2026-07-24T04:07:34Z,1010011,18330127,15,-14
2026-07-24T04:07:34Z,120012,18330129,21,186
2026-07-24T04:07:34Z,130011,18330132,15,-1040
2026-07-24T04:07:34Z,120011,18330134,24,-686
2026-07-24T04:07:34Z,5010011,18330137,21,-673
2026-07-24T04:07:34Z,160011,18330139,6,358
2026-07-24T04:07:34Z,160012,18330140,0,58
2026-07-24T04:07:34Z,420022,18330143,16,-417
2026-07-24T04:07:34Z,460011,18330144,21,-314
2026-07-24T04:07:34Z,190012,18330146,10,-110
2026-07-24T04:07:34Z,260011,18330150,7,-476
2026-07-24T04:07:34Z,280012,18330153,6,-99
2026-07-24T04:07:34Z,260012,18330155,3,95
2026-07-24T04:07:34Z,600012,18330158,0,-115
2026-07-24T04:07:34Z,110012,18330164,4,37
2026-07-24T04:17:58Z,4050012,18329395,71,892
2026-07-24T04:17:58Z,4050011,18329396,32,-238
2026-07-24T04:17:58Z,740012,18329404,19,6
2026-07-24T04:17:58Z,740011,18329405,19,-335
2026-07-24T04:17:58Z,740012,18329406,19,-131
2026-07-24T04:17:58Z,520022,18329418,10,222
2026-07-24T04:17:58Z,520021,18329419,16,-398
2026-07-24T04:17:58Z,520022,18329420,8,-329
2026-07-24T04:17:58Z,770011,18329428,12,-5
2026-07-24T04:17:58Z,840011,18329439,10,-199
2026-07-24T04:17:58Z,840012,18329440,9,63
2026-07-24T04:17:58Z,840011,18329441,6,42
2026-07-24T04:17:58Z,710012,18329452,9,-17
2026-07-24T04:17:58Z,710011,18329453,9,-125
2026-07-24T04:17:58Z,4050012,18329475,59,2683
2026-07-24T04:17:58Z,730012,18329484,12,166
2026-07-24T04:17:58Z,730011,18329485,12,-143
2026-07-24T04:17:58Z,730012,18329486,12,-14
2026-07-24T04:17:58Z,7000012,18329488,17,1527
2026-07-24T04:17:58Z,310031,18329498,32,-124
2026-07-24T04:17:58Z,5020011,18329502,48,-778
2026-07-24T04:17:58Z,5020012,18329503,17,172
2026-07-24T04:17:58Z,5030011,18329510,40,-494
2026-07-24T04:17:58Z,5030012,18329511,13,36
2026-07-24T04:17:58Z,810021,18329515,18,-162
2026-07-24T04:17:58Z,4000012,18329518,47,1409
2026-07-24T04:17:58Z,250011,18329523,13,132
2026-07-24T04:17:58Z,250012,18329524,18,-120
2026-07-24T04:17:58Z,690022,18329544,3,-83
2026-07-24T04:17:58Z,690021,18329545,8,-75
2026-07-24T04:17:58Z,5030011,18329554,40,-690
2026-07-24T04:17:58Z,5040011,18329566,12,-490
2026-07-24T04:17:58Z,5040012,18329567,16,-183
2026-07-24T04:17:58Z,4050012,18329576,46,2749
2026-07-24T04:17:58Z,5010012,18329586,21,110
2026-07-24T04:17:58Z,310031,18329589,32,214
2026-07-24T04:17:58Z,310031,18329590,32,-444
2026-07-24T04:17:58Z,310031,18329591,22,-346
2026-07-24T04:17:58Z,5030012,18329606,40,55
2026-07-24T04:17:58Z,680012,18329622,24,1275
2026-07-24T04:17:58Z,680011,18329623,2,983
2026-07-24T04:17:58Z,260012,18329632,21,10
2026-07-24T04:17:58Z,5020012,18329642,47,424
2026-07-24T04:17:58Z,5020011,18329643,48,-817
2026-07-24T04:17:58Z,5030012,18329646,40,151
2026-07-24T04:17:58Z,5030011,18329647,37,-933
2026-07-24T04:17:58Z,5050011,18329653,16,-156
2026-07-24T04:17:58Z,5050012,18329654,11,-859
2026-07-24T04:17:58Z,4000012,18329656,56,857
2026-07-24T04:17:58Z,4000011,18329657,36,128
2026-07-24T04:17:58Z,470012,18329670,18,-82
2026-07-24T04:17:58Z,470011,18329671,19,-394
2026-07-24T04:17:58Z,470012,18329672,13,108
2026-07-24T04:17:58Z,540021,18329680,16,1639
2026-07-24T04:17:58Z,220021,18329682,33,-335
2026-07-24T04:17:58Z,220021,18329683,33,-968
2026-07-24T04:17:58Z,5030012,18329685,40,89
2026-07-24T04:17:58Z,420022,18329695,49,-75
2026-07-24T04:17:58Z,440011,18329701,0,-3252
2026-07-24T04:17:58Z,5020012,18329704,47,523
2026-07-24T04:17:58Z,5020011,18329705,24,-957
2026-07-24T04:17:58Z,1010022,18329712,27,83
2026-07-24T04:17:58Z,700011,18329714,5,25
2026-07-24T04:17:58Z,4050012,18329718,36,1387
2026-07-24T04:17:58Z,5010011,18329726,2,-51
2026-07-24T04:17:58Z,9010021,18329731,20,198
2026-07-24T04:17:58Z,9010021,18329732,20,102
2026-07-24T04:17:58Z,9010021,18329733,2,2
2026-07-24T04:17:58Z,360012,18329742,15,-73
2026-07-24T04:17:58Z,360011,18329743,17,-210
2026-07-24T04:17:58Z,360021,18329748,24,-253
2026-07-24T04:17:58Z,360022,18329749,22,32
2026-07-24T04:17:58Z,5030012,18329758,40,553
2026-07-24T04:17:58Z,820012,18329764,0,-373
2026-07-24T04:17:58Z,460011,18329769,35,-210
2026-07-24T04:17:58Z,460012,18329770,16,-87
2026-07-24T04:17:58Z,190011,18329774,18,-1088
2026-07-24T04:17:58Z,240012,18329777,16,189
2026-07-24T04:17:58Z,230031,18329780,47,-707
2026-07-24T04:17:58Z,230031,18329781,21,-238
2026-07-24T04:17:58Z,260011,18329788,18,331
2026-07-24T04:17:58Z,430012,18329792,25,17
2026-07-24T04:17:58Z,600012,18329795,14,430
2026-07-24T04:17:58Z,600011,18329796,15,887
2026-07-24T04:17:58Z,5020012,18329798,47,258
2026-07-24T04:17:58Z,7010012,18329802,14,808
2026-07-24T04:17:58Z,560012,18329813,7,339
2026-07-24T04:17:58Z,5030012,18329818,40,429
2026-07-24T04:17:58Z,5030011,18329819,13,-197
2026-07-24T04:17:58Z,5050022,18329826,25,-32
2026-07-24T04:17:58Z,5050011,18329827,16,17
2026-07-24T04:17:58Z,5050012,18329828,0,-583
2026-07-24T04:17:58Z,4000012,18329834,38,-55
2026-07-24T04:17:58Z,270011,18329840,7,241
2026-07-24T04:17:58Z,110011,18329846,37,8
2026-07-24T04:17:58Z,410012,18329854,36,100
2026-07-24T04:17:58Z,480012,18329860,23,171
2026-07-24T04:17:58Z,480011,18329861,6,145
2026-07-24T04:17:58Z,220021,18329871,33,-1240
2026-07-24T04:17:58Z,220021,18329872,12,-353
2026-07-24T04:17:58Z,530012,18329876,17,-93
2026-07-24T04:17:58Z,530011,18329877,13,450
2026-07-24T04:17:58Z,330012,18329885,24,554
2026-07-24T04:17:58Z,440011,18329886,30,2195
2026-07-24T04:17:58Z,440011,18329892,28,266
2026-07-24T04:17:58Z,510012,18329895,11,-121
2026-07-24T04:17:58Z,510011,18329896,14,-33
2026-07-24T04:17:58Z,4050011,18329901,70,-367
2026-07-24T04:17:58Z,4050012,18329902,20,1008
2026-07-24T04:17:58Z,850012,18329905,20,1632
2026-07-24T04:17:58Z,850011,18329906,6,1719
2026-07-24T04:17:58Z,120011,18329915,35,116
2026-07-24T04:17:58Z,620011,18329921,22,84
2026-07-24T04:17:58Z,5020012,18329923,47,174
2026-07-24T04:17:58Z,5030012,18329927,39,-37
2026-07-24T04:17:58Z,1560011,18329933,6,1519
2026-07-24T04:17:58Z,230031,18329934,47,-12
2026-07-24T04:17:58Z,390011,18329936,15,133
2026-07-24T04:17:58Z,380022,18329938,20,1129
2026-07-24T04:17:58Z,5050022,18329941,25,491
2026-07-24T04:17:58Z,5050011,18329942,6,269
2026-07-24T04:17:58Z,4000011,18329952,54,182
2026-07-24T04:17:58Z,4000012,18329953,14,462
2026-07-24T04:17:58Z,5010012,18329956,21,-648
2026-07-24T04:17:58Z,110012,18329957,38,63
2026-07-24T04:17:58Z,110011,18329958,37,15
2026-07-24T04:17:58Z,150011,18329961,25,-378
2026-07-24T04:17:58Z,170021,18329963,20,-834
2026-07-24T04:17:58Z,290022,18329965,18,-1554
2026-07-24T04:17:58Z,810022,18329970,16,328
2026-07-24T04:17:58Z,810021,18329971,12,514
2026-07-24T04:17:58Z,680021,18329979,29,302
2026-07-24T04:17:58Z,5020011,18329980,48,-523
2026-07-24T04:17:58Z,5020012,18329981,37,301
2026-07-24T04:17:58Z,5030011,18329982,40,158
2026-07-24T04:17:58Z,5030012,18329983,28,189
2026-07-24T04:17:58Z,420021,18329989,52,30
2026-07-24T04:17:58Z,410011,18329990,43,198
2026-07-24T04:17:58Z,410012,18329991,36,211
2026-07-24T04:17:58Z,440011,18329992,30,280
2026-07-24T04:17:58Z,440012,18329993,36,39
2026-07-24T04:17:58Z,440012,18329996,36,-209
2026-07-24T04:17:58Z,1010011,18329997,27,203
2026-07-24T04:17:58Z,1010022,18329998,19,873
2026-07-24T04:17:58Z,4050011,18329999,70,-662
2026-07-24T04:17:58Z,4050012,18330000,0,-662
2026-07-24T04:17:58Z,120012,18330005,34,676
2026-07-24T04:17:58Z,120011,18330006,0,-2864
2026-07-24T04:17:58Z,420022,18330007,49,-436
2026-07-24T04:17:58Z,460011,18330010,35,249
2026-07-24T04:17:58Z,460012,18330011,35,-255
2026-07-24T04:17:58Z,650012,18330014,17,331
2026-07-24T04:17:58Z,650011,18330015,4,13
2026-07-24T04:17:58Z,240011,18330017,18,16
2026-07-24T04:17:58Z,280012,18330018,18,168
2026-07-24T04:17:58Z,280011,18330019,21,-37
2026-07-24T04:17:58Z,4000011,18330020,54,-1046
2026-07-24T04:17:58Z,470011,18330023,19,171
2026-07-24T04:17:58Z,470012,18330024,18,23
2026-07-24T04:17:58Z,460012,18330025,35,-82
2026-07-24T04:17:58Z,170022,18330026,22,130
2026-07-24T04:17:58Z,410011,18330027,43,-626
2026-07-24T04:17:58Z,410012,18330028,12,67
2026-07-24T04:17:58Z,410012,18330031,36,-197
2026-07-24T04:17:58Z,410011,18330032,43,-783
2026-07-24T04:17:58Z,110012,18330035,38,474
2026-07-24T04:17:58Z,110011,18330036,13,129
2026-07-24T04:17:58Z,840012,18330037,9,-85
2026-07-24T04:17:58Z,840021,18330038,12,227
2026-07-24T04:17:58Z,420021,18330039,52,-1355
2026-07-24T04:17:58Z,5040012,18330041,16,-46
2026-07-24T04:17:58Z,5040011,18330042,12,-773
2026-07-24T04:17:58Z,440011,18330043,30,211
2026-07-24T04:17:58Z,670012,18330046,12,-37
2026-07-24T04:17:58Z,670011,18330047,12,-81
2026-07-24T04:17:58Z,4050011,18330048,60,-1081
2026-07-24T04:17:58Z,320012,18330054,15,200
2026-07-24T04:17:58Z,320011,18330055,16,298
2026-07-24T04:17:58Z,130011,18330058,15,-802
2026-07-24T04:17:58Z,120011,18330060,35,-543
2026-07-24T04:17:58Z,130012,18330063,15,-845
2026-07-24T04:17:58Z,5010011,18330065,21,-1725
2026-07-24T04:17:58Z,5010012,18330066,6,4
2026-07-24T04:17:58Z,420022,18330069,49,-1095
2026-07-24T04:17:58Z,410011,18330070,43,-783
2026-07-24T04:17:58Z,160011,18330072,6,220
2026-07-24T04:17:58Z,160012,18330073,7,-29
2026-07-24T04:17:58Z,630032,18330074,20,-146
2026-07-24T04:17:58Z,630031,18330075,2,55
2026-07-24T04:17:58Z,750012,18330076,13,-254
2026-07-24T04:17:58Z,260012,18330078,21,-164
2026-07-24T04:17:58Z,230031,18330079,47,-949
2026-07-24T04:17:58Z,780012,18330084,9,404
2026-07-24T04:17:58Z,150012,18330086,21,-254
2026-07-24T04:17:58Z,150011,18330087,18,-12
2026-07-24T04:17:58Z,110012,18330090,37,240
2026-07-24T04:17:58Z,170022,18330092,22,-89
2026-07-24T04:17:58Z,170021,18330093,18,-541
2026-07-24T04:17:58Z,290021,18330094,16,-89
2026-07-24T04:17:58Z,290022,18330095,8,212
2026-07-24T04:17:58Z,610012,18330096,12,1300
2026-07-24T04:17:58Z,540012,18330100,16,-107
2026-07-24T04:17:58Z,540011,18330101,15,102
2026-07-24T04:17:58Z,5020011,18330115,48,-1242
2026-07-24T04:17:58Z,590012,18330117,5,1165
2026-07-24T04:17:58Z,590011,18330118,0,805
2026-07-24T04:17:58Z,420021,18330119,50,-1537
2026-07-24T04:17:58Z,440012,18330124,27,72
2026-07-24T04:17:58Z,330011,18330126,25,-632
2026-07-24T04:17:58Z,1010011,18330127,24,226
2026-07-24T04:17:58Z,120012,18330129,28,179
2026-07-24T04:17:58Z,130011,18330132,15,-1041
2026-07-24T04:17:58Z,120011,18330134,29,-486
2026-07-24T04:17:58Z,5010011,18330137,21,-669
2026-07-24T04:17:58Z,160011,18330139,6,360
2026-07-24T04:17:58Z,160012,18330140,2,254
2026-07-24T04:17:58Z,420022,18330143,27,-516
2026-07-24T04:17:58Z,460011,18330144,34,-429
2026-07-24T04:17:58Z,190012,18330146,17,-75
2026-07-24T04:17:58Z,260011,18330150,15,-652
2026-07-24T04:17:58Z,280012,18330153,14,-251
2026-07-24T04:17:58Z,260012,18330155,9,93
2026-07-24T04:17:58Z,600012,18330158,3,354
2026-07-24T04:17:58Z,110012,18330164,14,95
2026-07-24T04:17:58Z,420021,18330171,11,-333
2026-07-24T04:17:58Z,330012,18330173,2,23
2026-07-24T04:17:58Z,130012,18330183,0,-2048
2026-07-24T04:17:58Z,130011,18330184,4,-230
2026-07-24T04:17:58Z,120012,18330185,0,-602
2026-07-24T04:17:58Z,320012,18330187,2,20
