fetched_utc,publication_time,record_id,geom_hash,street_from,street_to,jam_level
2026-07-17T10:51:59Z,2026-07-17T13:56:04.605049+03:00,_0,69fc3b9dbbdd,Strovolos,Archiepiskopou Makariou III Ave,0
2026-07-17T10:51:59Z,2026-07-17T13:56:04.605049+03:00,_1,e9824d0075f7,Lemesou Ave,,3
2026-07-17T10:51:59Z,2026-07-17T13:56:04.605049+03:00,_2,91353c408128,,Lemesou Ave,0
2026-07-17T10:51:59Z,2026-07-17T13:56:04.605049+03:00,_0,391ae18682fa,Episkopi,> A1 Lefkosia / (A5) Larnaka / (A5)(A3) Larnaka Airport,0
2026-07-17T10:51:59Z,2026-07-17T13:56:04.605049+03:00,_1,cafc026927d2,Germasogeia,Germasogeia,4
2026-07-17T10:51:59Z,2026-07-17T13:56:04.605049+03:00,_0,807a263ccec7,E147 - Archiepiskopou Makariou III Ave,Agias Filaxeos,0
2026-07-17T10:51:59Z,2026-07-17T13:56:04.605049+03:00,_1,a4260c51b19c,Steliou Kyriakidi,,4
2026-07-17T10:51:59Z,2026-07-17T13:56:04.605049+03:00,_2,f5f94ff22484,Agias Filaxeos,E110,0
2026-07-17T10:51:59Z,2026-07-17T13:56:04.605049+03:00,_0,21071115abc5,,> A1 Lefkosia / (A5) Larnaka / (A5)(A3) Larnaka Airport,0
2026-07-17T10:51:59Z,2026-07-17T13:56:04.605049+03:00,_1,3d69df352bf6,Germasogeia,Agios Tychonas,4
2026-07-17T10:51:59Z,2026-07-17T13:56:04.605049+03:00,_2,daac4c5293d9,Parekklisia,Archiepiskopou Makariou III Ave,0
2026-07-17T10:51:59Z,2026-07-17T13:56:04.605049+03:00,_3,e9824d0075f7,Lemesou Ave,,3
2026-07-17T10:51:59Z,2026-07-17T13:56:04.605049+03:00,_4,e2cde6fd93fa,,Evagorou Ave,0
2026-07-17T10:51:59Z,2026-07-17T13:56:04.605049+03:00,_0,a621b9829dc1,Exit 24 >E127 Germasogeia / E113 Lemesos-Centre,A6,0
2026-07-17T10:51:59Z,2026-07-17T13:56:04.605049+03:00,_1,fcc252ee8f23,A1,Kato Polemidia,2
2026-07-17T10:51:59Z,2026-07-17T13:56:04.605049+03:00,_2,5052820d4346,A1,"to A6 > Pafos, Pafos Airport",0
2026-07-17T11:07:37Z,2026-07-17T14:12:11.595189+03:00,_0,acb430b8e822,Strovolos,Archiepiskopou Makariou III Ave,0
2026-07-17T11:07:37Z,2026-07-17T14:12:11.595189+03:00,_1,394713f228bd,Lemesou Ave,Lemesou Ave,3
2026-07-17T11:07:37Z,2026-07-17T14:12:11.595189+03:00,_0,a359d7f879e7,E110,E147 - Archiepiskopou Makariou III Ave,0
2026-07-17T11:07:37Z,2026-07-17T14:12:11.595189+03:00,_1,46e4c4dd26b1,Agias Filaxeos,E147 - Archiepiskopou Makariou III Ave,2
2026-07-17T11:07:37Z,2026-07-17T14:12:11.595189+03:00,_0,391ae18682fa,Episkopi,> A1 Lefkosia / (A5) Larnaka / (A5)(A3) Larnaka Airport,0
2026-07-17T11:07:37Z,2026-07-17T14:12:11.595189+03:00,_1,cafc026927d2,Germasogeia,Germasogeia,4
2026-07-17T11:07:37Z,2026-07-17T14:12:11.595189+03:00,_0,21071115abc5,,> A1 Lefkosia / (A5) Larnaka / (A5)(A3) Larnaka Airport,0
2026-07-17T11:07:37Z,2026-07-17T14:12:11.595189+03:00,_1,3d69df352bf6,Germasogeia,Agios Tychonas,4
2026-07-17T11:07:37Z,2026-07-17T14:12:11.595189+03:00,_2,03d2cef6c66a,Parekklisia,Archiepiskopou Makariou III Ave,0
2026-07-17T11:07:37Z,2026-07-17T14:12:11.595189+03:00,_3,6efde239cabf,Lemesou Ave,Archiepiskopou Makariou III Ave,3
2026-07-17T11:07:37Z,2026-07-17T14:12:11.595189+03:00,_4,f7f1e6fbecb6,Lemesou Ave,Evagorou Ave,0
2026-07-17T12:20:38Z,2026-07-17T15:24:42.184300+03:00,_0,199710dc4a27,Strovolos,E164 - Armenias,0
2026-07-17T12:20:38Z,2026-07-17T15:24:42.184300+03:00,_1,fedb3d094e5d,A1,Lemesou Ave,1
2026-07-17T12:20:38Z,2026-07-17T15:24:42.184300+03:00,_2,d6df578c88ea,Lemesou Ave,Lemesou Ave,0
2026-07-17T12:20:38Z,2026-07-17T15:24:42.184300+03:00,_3,8b530b355b26,Lemesou Ave,Archiepiskopou Makariou III Ave,3
2026-07-17T12:20:38Z,2026-07-17T15:24:42.184300+03:00,_0,6eb3033e950e,E110,E147 - Archiepiskopou Makariou III Ave,0
2026-07-17T12:20:38Z,2026-07-17T15:24:42.184300+03:00,_1,88697bca4b53,Agias Filaxeos,E147 - Archiepiskopou Makariou III Ave,2
2026-07-17T12:20:38Z,2026-07-17T15:24:42.184300+03:00,_0,06afc6492b14,Exit 24 >E127 Germasogeia / E113 Lemesos-Centre,Exit 26 > E114 Mesa Geitonia / Lemesos-Centre / F131 Mathikoloni,1
2026-07-17T12:20:38Z,2026-07-17T15:24:42.184300+03:00,_1,9800ef0abc36,Agios Athanasios,Exit 26 > E114 Mesa Geitonia / Lemesos-Centre / F131 Mathikoloni,0
2026-07-17T12:20:38Z,2026-07-17T15:24:42.184300+03:00,_2,1f9e4309220a,Agios Athanasios,Agios Athanasios,1
2026-07-17T12:20:38Z,2026-07-17T15:24:42.184300+03:00,_3,5f071a5847f6,Mesa Geitonia,Lemesos,0
2026-07-17T12:20:38Z,2026-07-17T15:24:42.184300+03:00,_4,e1dac3423766,Lemesos,Lemesos,2
2026-07-17T12:20:38Z,2026-07-17T15:24:42.184300+03:00,_5,ef93f4872b51,Lemesos,"to A6 > Pafos, Pafos Airport",0
2026-07-17T12:20:38Z,2026-07-17T15:24:42.184300+03:00,_0,807a263ccec7,E147 - Archiepiskopou Makariou III Ave,Agias Filaxeos,0
2026-07-17T12:20:38Z,2026-07-17T15:24:42.184300+03:00,_1,a4260c51b19c,Steliou Kyriakidi,,3
2026-07-17T12:20:38Z,2026-07-17T15:24:42.184300+03:00,_2,f5f94ff22484,Agias Filaxeos,E110,0
2026-07-17T12:20:38Z,2026-07-17T15:24:42.184300+03:00,_0,21071115abc5,,> A1 Lefkosia / (A5) Larnaka / (A5)(A3) Larnaka Airport,0
2026-07-17T12:20:38Z,2026-07-17T15:24:42.184300+03:00,_1,b26392a0c648,Germasogeia,Mouttagiaka,2
2026-07-17T12:20:38Z,2026-07-17T15:24:42.184300+03:00,_2,c7a72f53d14b,Mouttagiaka,E164 - Armenias,0
2026-07-17T12:20:38Z,2026-07-17T15:24:42.184300+03:00,_3,fedb3d094e5d,A1,Lemesou Ave,1
2026-07-17T12:20:38Z,2026-07-17T15:24:42.184300+03:00,_4,d6df578c88ea,Lemesou Ave,Lemesou Ave,0
2026-07-17T12:20:38Z,2026-07-17T15:24:42.184300+03:00,_5,3dec49aff703,Lemesou Ave,Archiepiskopou Makariou III Ave,3
2026-07-17T12:20:38Z,2026-07-17T15:24:42.184300+03:00,_6,8ff236a3874f,Lemesou Ave,B18 - Digeni Akrita Ave,0
2026-07-17T12:20:38Z,2026-07-17T15:24:42.184300+03:00,_7,055237d5336a,Archiepiskopou Makariou III Ave,B18 - Georgiou Griva Digeni Ave,3
2026-07-17T12:20:38Z,2026-07-17T15:24:42.184300+03:00,_8,e1beab30434a,Archiepiskopou Makariou III Ave,Evagorou Ave,0
2026-07-17T12:20:38Z,2026-07-17T15:24:42.184300+03:00,_0,391ae18682fa,Episkopi,> A1 Lefkosia / (A5) Larnaka / (A5)(A3) Larnaka Airport,0
2026-07-17T12:20:38Z,2026-07-17T15:24:42.184300+03:00,_1,cafc026927d2,Germasogeia,Germasogeia,2
2026-07-17T14:12:20Z,2026-07-17T17:16:00.676688+03:00,_0,db379abb1dc7,Georgiou Neofytou,Spyrou Kyprianou Ave,0
2026-07-17T14:12:20Z,2026-07-17T17:16:00.676688+03:00,_1,d485409681ec,Spyrou Kyprianou Ave,Spyrou Kyprianou Ave,3
2026-07-17T14:12:20Z,2026-07-17T17:16:00.676688+03:00,_2,b16f06e86626,Spyrou Kyprianou Ave,Angelou Vlachou,0
2026-07-17T14:12:20Z,2026-07-17T17:16:00.676688+03:00,_0,807a263ccec7,E147 - Archiepiskopou Makariou III Ave,Agias Filaxeos,0
2026-07-17T14:12:20Z,2026-07-17T17:16:00.676688+03:00,_1,a4260c51b19c,Steliou Kyriakidi,,4
2026-07-17T14:12:20Z,2026-07-17T17:16:00.676688+03:00,_2,f5f94ff22484,Agias Filaxeos,E110,0
2026-07-17T14:12:20Z,2026-07-17T17:16:00.676688+03:00,_0,2855457a23fe,E110,E147 - Archiepiskopou Makariou III Ave,0
2026-07-17T14:12:20Z,2026-07-17T17:16:00.676688+03:00,_1,b1607c8a378f,Agias Filaxeos,E147 - Archiepiskopou Makariou III Ave,3
2026-07-17T14:12:20Z,2026-07-17T17:16:00.676688+03:00,_0,f2e7dbbab450,Exit 24 >E127 Germasogeia / E113 Lemesos-Centre,Mesa Geitonia,2
2026-07-17T14:12:20Z,2026-07-17T17:16:00.676688+03:00,_1,8f69c2edf627,Lemesos,Kato Polemidia,0
2026-07-17T14:12:20Z,2026-07-17T17:16:00.676688+03:00,_2,ce239bce6647,Kato Polemidia,Kato Polemidia,2
2026-07-17T14:12:20Z,2026-07-17T17:16:00.676688+03:00,_3,8e8cea011a58,Ypsonas,"to A6 > Pafos, Pafos Airport",0
2026-07-17T15:47:19Z,2026-07-17T18:51:53.454493+03:00,_0,807a263ccec7,E147 - Archiepiskopou Makariou III Ave,Agias Filaxeos,0
2026-07-17T15:47:19Z,2026-07-17T18:51:53.454493+03:00,_1,a4260c51b19c,Steliou Kyriakidi,,3
2026-07-17T15:47:19Z,2026-07-17T18:51:53.454493+03:00,_2,f5f94ff22484,Agias Filaxeos,E110,0
2026-07-17T15:47:19Z,2026-07-17T18:51:53.454493+03:00,_0,1903b2559960,,Archiepiskopou Makariou III Ave,0
2026-07-17T15:47:19Z,2026-07-17T18:51:53.454493+03:00,_1,660d388bb733,Lemesou Ave,Archiepiskopou Makariou III Ave,2
2026-07-17T15:47:19Z,2026-07-17T18:51:53.454493+03:00,_2,f7f1e6fbecb6,Lemesou Ave,Evagorou Ave,0
2026-07-17T16:54:04Z,2026-07-17T19:58:38.382790+03:00,_0,72b03ff9b5bc,E110,E110 - Agias Fylaxeos,0
2026-07-17T16:54:04Z,2026-07-17T19:58:38.382790+03:00,_1,e50ca2ecb1e0,E110 - 1 Apriliou,,3
2026-07-17T16:54:04Z,2026-07-17T19:58:38.382790+03:00,_2,ce0d49cab8a3,E110 - Agias Fylaxeos,E147 - Archiepiskopou Makariou III Ave,0
2026-07-17T16:54:04Z,2026-07-17T19:58:38.382790+03:00,_3,535964c57235,Agias Filaxeos,E147 - Archiepiskopou Makariou III Ave,4
2026-07-17T16:54:04Z,2026-07-17T19:58:38.382790+03:00,_0,0299ed13c1f9,Exit 24 >E127 Germasogeia / E113 Lemesos-Centre,Kato Polemidia,0
2026-07-17T16:54:04Z,2026-07-17T19:58:38.382790+03:00,_1,ce239bce6647,Kato Polemidia,Kato Polemidia,2
2026-07-17T16:54:04Z,2026-07-17T19:58:38.382790+03:00,_2,8e8cea011a58,Ypsonas,"to A6 > Pafos, Pafos Airport",0
2026-07-17T18:06:19Z,2026-07-17T21:10:53.175816+03:00,_0,6eb3033e950e,E110,E147 - Archiepiskopou Makariou III Ave,0
2026-07-17T18:06:19Z,2026-07-17T21:10:53.175816+03:00,_1,d80004862f7f,Agias Filaxeos,E147 - Archiepiskopou Makariou III Ave,4
2026-07-17T18:06:19Z,2026-07-17T21:10:53.175816+03:00,_0,62a45ec3d32e,E147 - Archiepiskopou Makariou III Ave,E110 - Eleftherias,0
2026-07-17T18:06:19Z,2026-07-17T21:10:53.175816+03:00,_1,db98c9d0a2e0,E110 - 1 Apriliou,E110 - 1 Apriliou,3
2026-07-17T18:06:19Z,2026-07-17T21:10:53.175816+03:00,_2,c97b954fcb12,E110 - 1 Apriliou,E110,0
2026-07-18T04:04:21Z,2026-07-18T07:08:55.202044+03:00,_0,1903b2559960,,Archiepiskopou Makariou III Ave,0
2026-07-18T04:04:21Z,2026-07-18T07:08:55.202044+03:00,_1,660d388bb733,Lemesou Ave,Archiepiskopou Makariou III Ave,2
2026-07-18T04:04:21Z,2026-07-18T07:08:55.202044+03:00,_2,f7f1e6fbecb6,Lemesou Ave,Evagorou Ave,0
2026-07-18T08:12:30Z,2026-07-18T11:17:04.027683+03:00,_0,72b03ff9b5bc,E110,E110 - Agias Fylaxeos,0
2026-07-18T08:12:30Z,2026-07-18T11:17:04.027683+03:00,_1,e50ca2ecb1e0,E110 - 1 Apriliou,,2
2026-07-18T08:12:30Z,2026-07-18T11:17:04.027683+03:00,_2,7ddfe1676243,E110 - Agias Fylaxeos,E147 - Archiepiskopou Makariou III Ave,0
2026-07-18T09:49:18Z,2026-07-18T12:53:52.405338+03:00,_0,9d2078cb692f,E147 - Archiepiskopou Makariou III Ave,E110 - Agias Fylaxeos,0
2026-07-18T09:49:18Z,2026-07-18T12:53:52.405338+03:00,_1,6841a02a1258,,E110 - 1 Apriliou,2
2026-07-18T09:49:18Z,2026-07-18T12:53:52.405338+03:00,_2,f99b72a378a5,E110 - Agias Fylaxeos,E110,0
2026-07-18T16:34:05Z,2026-07-18T19:38:39.491535+03:00,_0,cdd9246a055f,E110,E147 - Archiepiskopou Makariou III Ave,0
2026-07-18T16:34:05Z,2026-07-18T19:38:39.491535+03:00,_1,f8a1b1df72c7,Agias Filaxeos,E147 - Archiepiskopou Makariou III Ave,4
2026-07-18T16:34:05Z,2026-07-18T19:38:39.491535+03:00,_0,1903b2559960,,Archiepiskopou Makariou III Ave,0
2026-07-18T16:34:05Z,2026-07-18T19:38:39.491535+03:00,_1,660d388bb733,Lemesou Ave,Archiepiskopou Makariou III Ave,2
2026-07-18T16:34:05Z,2026-07-18T19:38:39.491535+03:00,_2,f7f1e6fbecb6,Lemesou Ave,Evagorou Ave,0
2026-07-18T17:38:21Z,2026-07-18T20:42:55.291706+03:00,_0,fe72ea2b224f,Strovolos,Lemesou Ave,0
2026-07-18T17:38:21Z,2026-07-18T20:42:55.291706+03:00,_1,16a08779ce14,Strovolos,Lemesou Ave,3
2026-07-18T17:38:21Z,2026-07-18T20:42:55.291706+03:00,_2,002a54c51467,A1,Archiepiskopou Makariou III Ave,0
2026-07-18T17:38:21Z,2026-07-18T20:42:55.291706+03:00,_0,d0dc64f54734,,Lemesou Ave,0
2026-07-18T17:38:21Z,2026-07-18T20:42:55.291706+03:00,_1,16a08779ce14,Strovolos,Lemesou Ave,3
2026-07-18T17:38:21Z,2026-07-18T20:42:55.291706+03:00,_2,726abfd22a60,A1,Evagorou Ave,0
2026-07-18T18:36:43Z,2026-07-18T21:41:18.369235+03:00,_0,5605f34ad0da,E110,E147 - Archiepiskopou Makariou III Ave,0
2026-07-18T18:36:43Z,2026-07-18T21:41:18.369235+03:00,_1,676c339d8b55,Agias Filaxeos,E147 - Archiepiskopou Makariou III Ave,3
2026-07-18T18:36:43Z,2026-07-18T21:41:18.369235+03:00,_0,1903b2559960,,Archiepiskopou Makariou III Ave,0
2026-07-18T18:36:43Z,2026-07-18T21:41:18.369235+03:00,_1,660d388bb733,Lemesou Ave,Archiepiskopou Makariou III Ave,2
2026-07-18T18:36:43Z,2026-07-18T21:41:18.369235+03:00,_2,f7f1e6fbecb6,Lemesou Ave,Evagorou Ave,0
2026-07-19T04:34:37Z,2026-07-19T07:39:12.605879+03:00,_0,1903b2559960,,Archiepiskopou Makariou III Ave,0
2026-07-19T04:34:37Z,2026-07-19T07:39:12.605879+03:00,_1,660d388bb733,Lemesou Ave,Archiepiskopou Makariou III Ave,2
2026-07-19T04:34:37Z,2026-07-19T07:39:12.605879+03:00,_2,f7f1e6fbecb6,Lemesou Ave,Evagorou Ave,0
2026-07-19T14:43:07Z,2026-07-19T17:47:42.556803+03:00,_0,fe72ea2b224f,Strovolos,Lemesou Ave,0
2026-07-19T14:43:07Z,2026-07-19T17:47:42.556803+03:00,_1,1c3025f6d361,Strovolos,Lemesou Ave,4
2026-07-19T14:43:07Z,2026-07-19T17:47:42.556803+03:00,_2,7792802c8552,Aglantzia,Archiepiskopou Makariou III Ave,0
2026-07-19T14:43:07Z,2026-07-19T17:47:42.556803+03:00,_0,d0dc64f54734,,Lemesou Ave,0
2026-07-19T14:43:07Z,2026-07-19T17:47:42.556803+03:00,_1,1c3025f6d361,Strovolos,Lemesou Ave,4
2026-07-19T14:43:07Z,2026-07-19T17:47:42.556803+03:00,_2,aea2144af660,Aglantzia,Evagorou Ave,0
2026-07-19T16:38:47Z,2026-07-19T19:43:22.419220+03:00,_0,fe72ea2b224f,Strovolos,Lemesou Ave,0
2026-07-19T16:38:47Z,2026-07-19T19:43:22.419220+03:00,_1,1c3025f6d361,Strovolos,Lemesou Ave,3
2026-07-19T16:38:47Z,2026-07-19T19:43:22.419220+03:00,_2,7792802c8552,Aglantzia,Archiepiskopou Makariou III Ave,0
2026-07-19T16:38:47Z,2026-07-19T19:43:22.419220+03:00,_0,ec019cdf3c7f,E110,E147 - Archiepiskopou Makariou III Ave,0
2026-07-19T16:38:47Z,2026-07-19T19:43:22.419220+03:00,_1,e713c7488bdd,Agias Filaxeos,E147 - Archiepiskopou Makariou III Ave,4
2026-07-19T16:38:47Z,2026-07-19T19:43:22.419220+03:00,_0,d0dc64f54734,,Lemesou Ave,0
2026-07-19T16:38:47Z,2026-07-19T19:43:22.419220+03:00,_1,1c3025f6d361,Strovolos,Lemesou Ave,3
2026-07-19T16:38:47Z,2026-07-19T19:43:22.419220+03:00,_2,aea2144af660,Aglantzia,Evagorou Ave,0
2026-07-19T17:41:39Z,2026-07-19T20:46:14.325532+03:00,_0,fe72ea2b224f,Strovolos,Lemesou Ave,0
2026-07-19T17:41:39Z,2026-07-19T20:46:14.325532+03:00,_1,1c3025f6d361,Strovolos,Lemesou Ave,3
2026-07-19T17:41:39Z,2026-07-19T20:46:14.325532+03:00,_2,7792802c8552,Aglantzia,Archiepiskopou Makariou III Ave,0
2026-07-19T17:41:39Z,2026-07-19T20:46:14.325532+03:00,_0,dd4be8784553,E147 - Archiepiskopou Makariou III Ave,Agias Filaxeos,0
2026-07-19T17:41:39Z,2026-07-19T20:46:14.325532+03:00,_1,d94f3552936f,Agiou Artemiou,Agias Filaxeos,3
2026-07-19T17:41:39Z,2026-07-19T20:46:14.325532+03:00,_2,dde5cf58706d,Agias Filaxeos,E110,0
2026-07-19T17:41:39Z,2026-07-19T20:46:14.325532+03:00,_0,d0dc64f54734,,Lemesou Ave,0
2026-07-19T17:41:39Z,2026-07-19T20:46:14.325532+03:00,_1,1c3025f6d361,Strovolos,Lemesou Ave,3
2026-07-19T17:41:39Z,2026-07-19T20:46:14.325532+03:00,_2,aea2144af660,Aglantzia,Evagorou Ave,0
2026-07-19T18:41:52Z,2026-07-19T21:46:27.173638+03:00,_0,a89f632a8881,Strovolos,Lemesou Ave,0
2026-07-19T18:41:52Z,2026-07-19T21:46:27.173638+03:00,_1,ff2249fa74b9,Strovolos,Lemesou Ave,4
2026-07-19T18:41:52Z,2026-07-19T21:46:27.173638+03:00,_2,002a54c51467,A1,Archiepiskopou Makariou III Ave,0
2026-07-19T18:41:52Z,2026-07-19T21:46:27.173638+03:00,_0,23e9d057024d,,Lemesou Ave,0
2026-07-19T18:41:52Z,2026-07-19T21:46:27.173638+03:00,_1,ff2249fa74b9,Strovolos,Lemesou Ave,4
2026-07-19T18:41:52Z,2026-07-19T21:46:27.173638+03:00,_2,726abfd22a60,A1,Evagorou Ave,0
2026-07-20T04:09:09Z,2026-07-20T07:13:45.017709+03:00,_0,fe72ea2b224f,Strovolos,Lemesou Ave,0
2026-07-20T04:09:09Z,2026-07-20T07:13:45.017709+03:00,_1,1c3025f6d361,Strovolos,Lemesou Ave,3
2026-07-20T04:09:09Z,2026-07-20T07:13:45.017709+03:00,_2,7792802c8552,Aglantzia,Archiepiskopou Makariou III Ave,0
2026-07-20T04:09:09Z,2026-07-20T07:13:45.017709+03:00,_0,cdd9246a055f,E110,E147 - Archiepiskopou Makariou III Ave,0
2026-07-20T04:09:09Z,2026-07-20T07:13:45.017709+03:00,_1,f8a1b1df72c7,Agias Filaxeos,E147 - Archiepiskopou Makariou III Ave,3
2026-07-20T04:09:09Z,2026-07-20T07:13:45.017709+03:00,_0,d0dc64f54734,,Lemesou Ave,0
2026-07-20T04:09:09Z,2026-07-20T07:13:45.017709+03:00,_1,1c3025f6d361,Strovolos,Lemesou Ave,3
2026-07-20T04:09:09Z,2026-07-20T07:13:45.017709+03:00,_2,aea2144af660,Aglantzia,Evagorou Ave,0
2026-07-20T07:29:01Z,2026-07-20T10:33:36.737519+03:00,_0,fe72ea2b224f,Strovolos,Lemesou Ave,0
2026-07-20T07:29:01Z,2026-07-20T10:33:36.737519+03:00,_1,16a08779ce14,Strovolos,Lemesou Ave,4
2026-07-20T07:29:01Z,2026-07-20T10:33:36.737519+03:00,_2,a9b7fbe4ad39,A1,E164 - Armenias,0
2026-07-20T07:29:01Z,2026-07-20T10:33:36.737519+03:00,_3,8b530b355b26,Lemesou Ave,Archiepiskopou Makariou III Ave,3
2026-07-20T07:29:01Z,2026-07-20T10:33:36.737519+03:00,_0,5605f34ad0da,E110,E147 - Archiepiskopou Makariou III Ave,0
2026-07-20T07:29:01Z,2026-07-20T10:33:36.737519+03:00,_1,676c339d8b55,Agias Filaxeos,E147 - Archiepiskopou Makariou III Ave,3
2026-07-20T07:29:01Z,2026-07-20T10:33:36.737519+03:00,_0,137f66eaa4ab,E147 - Archiepiskopou Makariou III Ave,Agias Filaxeos,3
2026-07-20T07:29:01Z,2026-07-20T10:33:36.737519+03:00,_1,545a189c2e96,Agias Filaxeos,Agias Filaxeos,0
2026-07-20T07:29:01Z,2026-07-20T10:33:36.737519+03:00,_2,2b357aa19546,Agias Filaxeos,Agias Filaxeos,1
2026-07-20T07:29:01Z,2026-07-20T10:33:36.737519+03:00,_3,1af07505b864,E147 - Archiepiskopou Makariou III Ave,E110,0
2026-07-20T07:29:01Z,2026-07-20T10:33:36.737519+03:00,_0,d0dc64f54734,,Lemesou Ave,0
2026-07-20T07:29:01Z,2026-07-20T10:33:36.737519+03:00,_1,16a08779ce14,Strovolos,Lemesou Ave,4
2026-07-20T07:29:01Z,2026-07-20T10:33:36.737519+03:00,_2,a9b7fbe4ad39,A1,E164 - Armenias,0
2026-07-20T07:29:01Z,2026-07-20T10:33:36.737519+03:00,_3,3dec49aff703,Lemesou Ave,Archiepiskopou Makariou III Ave,3
2026-07-20T07:29:01Z,2026-07-20T10:33:36.737519+03:00,_4,4d0504689f6c,Lemesou Ave,E1302 - Nikis Ave,0
2026-07-20T07:29:01Z,2026-07-20T10:33:36.737519+03:00,_5,910016111853,B18 - Georgiou Griva Digeni Ave,B18 - Georgiou Griva Digeni Ave,4
2026-07-20T07:29:01Z,2026-07-20T10:33:36.737519+03:00,_6,bbf67e32aa17,B18 - Georgiou Griva Digeni Ave,Evagorou Ave,0
2026-07-20T10:26:35Z,2026-07-20T13:31:10.787013+03:00,_0,0e8ed23bd19c,E110,E147 - Archiepiskopou Makariou III Ave,0
2026-07-20T10:26:35Z,2026-07-20T13:31:10.787013+03:00,_1,0047479cf4c6,Agias Filaxeos,E147 - Archiepiskopou Makariou III Ave,3
2026-07-20T10:26:35Z,2026-07-20T13:31:10.787013+03:00,_0,044a01c053a4,E147 - Archiepiskopou Makariou III Ave,Agias Filaxeos,3
2026-07-20T10:26:35Z,2026-07-20T13:31:10.787013+03:00,_1,9e99a410e0b1,E147 - Archiepiskopou Makariou III Ave,Agias Filaxeos,0
2026-07-20T10:26:35Z,2026-07-20T13:31:10.787013+03:00,_2,a4260c51b19c,Steliou Kyriakidi,,4
2026-07-20T10:26:35Z,2026-07-20T13:31:10.787013+03:00,_3,f5f94ff22484,Agias Filaxeos,E110,0
2026-07-20T12:33:01Z,2026-07-20T15:37:38.052057+03:00,_0,06afc6492b14,Exit 24 >E127 Germasogeia / E113 Lemesos-Centre,Germasogeia,2
2026-07-20T12:33:01Z,2026-07-20T15:37:38.052057+03:00,_1,9800ef0abc36,Agios Athanasios,Agios Athanasios,0
2026-07-20T12:33:01Z,2026-07-20T15:37:38.052057+03:00,_2,1f9e4309220a,Agios Athanasios,Agios Athanasios,1
2026-07-20T12:33:01Z,2026-07-20T15:37:38.052057+03:00,_3,e532d87a661f,Mesa Geitonia,"to A6 > Pafos, Pafos Airport",0
2026-07-20T14:53:59Z,2026-07-20T17:58:35.854391+03:00,_0,fe72ea2b224f,Strovolos,Lemesou Ave,0
2026-07-20T14:53:59Z,2026-07-20T17:58:35.854391+03:00,_1,1c3025f6d361,Strovolos,Lemesou Ave,4
2026-07-20T14:53:59Z,2026-07-20T17:58:35.854391+03:00,_2,7c50b274239b,Aglantzia,E164 - Armenias,0
2026-07-20T14:53:59Z,2026-07-20T17:58:35.854391+03:00,_3,c57daf65c80e,Lemesou Ave,Archiepiskopou Makariou III Ave,3
2026-07-20T14:53:59Z,2026-07-20T17:58:35.854391+03:00,_0,807a263ccec7,E147 - Archiepiskopou Makariou III Ave,Agias Filaxeos,0
2026-07-20T14:53:59Z,2026-07-20T17:58:35.854391+03:00,_1,a4260c51b19c,Steliou Kyriakidi,,3
2026-07-20T14:53:59Z,2026-07-20T17:58:35.854391+03:00,_2,f780373a5188,Agias Filaxeos,E110 - Agias Fylaxeos,0
2026-07-20T14:53:59Z,2026-07-20T17:58:35.854391+03:00,_3,6841a02a1258,,E110 - 1 Apriliou,2
2026-07-20T14:53:59Z,2026-07-20T17:58:35.854391+03:00,_4,f99b72a378a5,E110 - Agias Fylaxeos,E110,0
2026-07-20T14:53:59Z,2026-07-20T17:58:35.854391+03:00,_0,d0dc64f54734,,Lemesou Ave,0
2026-07-20T14:53:59Z,2026-07-20T17:58:35.854391+03:00,_1,1c3025f6d361,Strovolos,Lemesou Ave,4
2026-07-20T14:53:59Z,2026-07-20T17:58:35.854391+03:00,_2,7c50b274239b,Aglantzia,E164 - Armenias,0
2026-07-20T14:53:59Z,2026-07-20T17:58:35.854391+03:00,_3,43f05193c4b0,Lemesou Ave,Archiepiskopou Makariou III Ave,3
2026-07-20T14:53:59Z,2026-07-20T17:58:35.854391+03:00,_4,f7f1e6fbecb6,Lemesou Ave,Evagorou Ave,0
2026-07-20T16:24:35Z,2026-07-20T19:29:10.005063+03:00,_0,807a263ccec7,E147 - Archiepiskopou Makariou III Ave,Agias Filaxeos,0
2026-07-20T16:24:35Z,2026-07-20T19:29:10.005063+03:00,_1,a4260c51b19c,Steliou Kyriakidi,,3
2026-07-20T16:24:35Z,2026-07-20T19:29:10.005063+03:00,_2,f5f94ff22484,Agias Filaxeos,E110,0
2026-07-21T04:29:20Z,2026-07-21T07:33:55.648031+03:00,_0,9637c1cd3244,Strovolos,Strovolos,0
2026-07-21T04:29:20Z,2026-07-21T07:33:55.648031+03:00,_1,d1bd4cd56cd8,Strovolos,Lemesou Ave,4
2026-07-21T04:29:20Z,2026-07-21T07:33:55.648031+03:00,_2,2daef5aeccc3,Aglantzia,Lemesou Ave,0
2026-07-21T04:29:20Z,2026-07-21T07:33:55.648031+03:00,_3,ce775bebe806,Lemesou Ave,Archiepiskopou Makariou III Ave,2
2026-07-21T04:29:20Z,2026-07-21T07:33:55.648031+03:00,_0,5f39d2391c75,Leoforos Strovolou,Strovolou Ave,0
2026-07-21T04:29:20Z,2026-07-21T07:33:55.648031+03:00,_1,1c02e40f3134,Strovolou Ave,Strovolou Ave,3
2026-07-21T04:29:20Z,2026-07-21T07:33:55.648031+03:00,_2,b7d9dc03982a,Strovolou Ave,E902 - Proedrikou Megarou Ave,0
2026-07-21T04:29:20Z,2026-07-21T07:33:55.648031+03:00,_0,72b03ff9b5bc,E110,E110 - Agias Fylaxeos,0
2026-07-21T04:29:20Z,2026-07-21T07:33:55.648031+03:00,_1,e50ca2ecb1e0,E110 - 1 Apriliou,,2
2026-07-21T04:29:20Z,2026-07-21T07:33:55.648031+03:00,_2,f24238b73a7c,E110 - Agias Fylaxeos,E147 - Archiepiskopou Makariou III Ave,0
2026-07-21T04:29:20Z,2026-07-21T07:33:55.648031+03:00,_0,1561bafaf811,,Lemesou Ave,0
2026-07-21T04:29:20Z,2026-07-21T07:33:55.648031+03:00,_1,d1bd4cd56cd8,Strovolos,Lemesou Ave,4
2026-07-21T04:29:20Z,2026-07-21T07:33:55.648031+03:00,_2,2daef5aeccc3,Aglantzia,Lemesou Ave,0
2026-07-21T04:29:20Z,2026-07-21T07:33:55.648031+03:00,_3,1c8a2af02150,Lemesou Ave,Archiepiskopou Makariou III Ave,2
2026-07-21T04:29:20Z,2026-07-21T07:33:55.648031+03:00,_4,f7f1e6fbecb6,Lemesou Ave,Evagorou Ave,0
2026-07-21T07:14:26Z,2026-07-21T10:19:01.732438+03:00,_0,fe72ea2b224f,Strovolos,Lemesou Ave,0
2026-07-21T07:14:26Z,2026-07-21T10:19:01.732438+03:00,_1,1c3025f6d361,Strovolos,Lemesou Ave,3
2026-07-21T07:14:26Z,2026-07-21T10:19:01.732438+03:00,_2,7c50b274239b,Aglantzia,E164 - Armenias,0
2026-07-21T07:14:26Z,2026-07-21T10:19:01.732438+03:00,_3,c57daf65c80e,Lemesou Ave,Archiepiskopou Makariou III Ave,3
2026-07-21T07:14:26Z,2026-07-21T10:19:01.732438+03:00,_0,06afc6492b14,Exit 24 >E127 Germasogeia / E113 Lemesos-Centre,Germasogeia,2
2026-07-21T07:14:26Z,2026-07-21T10:19:01.732438+03:00,_1,c94868b6e9aa,Agios Athanasios,Ypsonas,0
2026-07-21T07:14:26Z,2026-07-21T10:19:01.732438+03:00,_2,e99e9a65d515,Ypsonas,Ypsonas,2
2026-07-21T07:14:26Z,2026-07-21T10:19:01.732438+03:00,_3,210d1e57ec93,Ypsonas,"to A6 > Pafos, Pafos Airport",0
2026-07-21T07:14:26Z,2026-07-21T10:19:01.732438+03:00,_0,d0dc64f54734,,Lemesou Ave,0
2026-07-21T07:14:26Z,2026-07-21T10:19:01.732438+03:00,_1,1c3025f6d361,Strovolos,Lemesou Ave,3
2026-07-21T07:14:26Z,2026-07-21T10:19:01.732438+03:00,_2,7c50b274239b,Aglantzia,E164 - Armenias,0
2026-07-21T07:14:26Z,2026-07-21T10:19:01.732438+03:00,_3,43f05193c4b0,Lemesou Ave,Archiepiskopou Makariou III Ave,3
2026-07-21T07:14:26Z,2026-07-21T10:19:01.732438+03:00,_4,af8c66bc9d74,Lemesou Ave,Archiepiskopou Makariou III Ave,0
2026-07-21T07:14:26Z,2026-07-21T10:19:01.732438+03:00,_5,b66f0bbf2823,Archiepiskopou Makariou III Ave,B18 - Georgiou Griva Digeni Ave,3
2026-07-21T07:14:26Z,2026-07-21T10:19:01.732438+03:00,_6,7c1a88e2db2c,Archiepiskopou Makariou III Ave,E1302 - Nikis Ave,0
2026-07-21T07:14:26Z,2026-07-21T10:19:01.732438+03:00,_7,910016111853,B18 - Georgiou Griva Digeni Ave,B18 - Georgiou Griva Digeni Ave,4
2026-07-21T07:14:26Z,2026-07-21T10:19:01.732438+03:00,_8,bbf67e32aa17,B18 - Georgiou Griva Digeni Ave,Evagorou Ave,0
2026-07-21T09:43:44Z,2026-07-21T12:48:19.961551+03:00,_0,72b03ff9b5bc,E110,E110 - Agias Fylaxeos,0
2026-07-21T09:43:44Z,2026-07-21T12:48:19.961551+03:00,_1,e50ca2ecb1e0,E110 - 1 Apriliou,,2
2026-07-21T09:43:44Z,2026-07-21T12:48:19.961551+03:00,_2,7ddfe1676243,E110 - Agias Fylaxeos,E147 - Archiepiskopou Makariou III Ave,0
2026-07-21T09:43:44Z,2026-07-21T12:48:19.961551+03:00,_0,807a263ccec7,E147 - Archiepiskopou Makariou III Ave,Agias Filaxeos,0
2026-07-21T09:43:44Z,2026-07-21T12:48:19.961551+03:00,_1,a4260c51b19c,Steliou Kyriakidi,,3
2026-07-21T09:43:44Z,2026-07-21T12:48:19.961551+03:00,_2,f5f94ff22484,Agias Filaxeos,E110,0
2026-07-21T13:03:36Z,2026-07-21T16:08:11.926117+03:00,_0,69fc3b9dbbdd,Strovolos,Archiepiskopou Makariou III Ave,0
2026-07-21T13:03:36Z,2026-07-21T16:08:11.926117+03:00,_1,c57daf65c80e,Lemesou Ave,Archiepiskopou Makariou III Ave,3
2026-07-21T13:03:36Z,2026-07-21T16:08:11.926117+03:00,_0,6eb3033e950e,E110,E147 - Archiepiskopou Makariou III Ave,0
2026-07-21T13:03:36Z,2026-07-21T16:08:11.926117+03:00,_1,980e7c5b23f7,Agias Filaxeos,Agias Filaxeos,1
2026-07-21T13:03:36Z,2026-07-21T16:08:11.926117+03:00,_2,420d963f05a5,Agias Filaxeos,Agias Filaxeos,0
2026-07-21T13:03:36Z,2026-07-21T16:08:11.926117+03:00,_3,f8a1b1df72c7,Agias Filaxeos,E147 - Archiepiskopou Makariou III Ave,3
2026-07-21T13:03:36Z,2026-07-21T16:08:11.926117+03:00,_0,9d2078cb692f,E147 - Archiepiskopou Makariou III Ave,E110 - Agias Fylaxeos,0
2026-07-21T13:03:36Z,2026-07-21T16:08:11.926117+03:00,_1,6841a02a1258,,E110 - 1 Apriliou,2
2026-07-21T13:03:36Z,2026-07-21T16:08:11.926117+03:00,_2,f99b72a378a5,E110 - Agias Fylaxeos,E110,0
2026-07-21T13:03:36Z,2026-07-21T16:08:11.926117+03:00,_0,daca33dbcb0d,,Archiepiskopou Makariou III Ave,0
2026-07-21T13:03:36Z,2026-07-21T16:08:11.926117+03:00,_1,43f05193c4b0,Lemesou Ave,Archiepiskopou Makariou III Ave,3
2026-07-21T13:03:36Z,2026-07-21T16:08:11.926117+03:00,_2,f7f1e6fbecb6,Lemesou Ave,Evagorou Ave,0
2026-07-21T13:03:36Z,2026-07-21T16:08:11.926117+03:00,_0,06afc6492b14,Exit 24 >E127 Germasogeia / E113 Lemesos-Centre,Germasogeia,0
2026-07-21T13:03:36Z,2026-07-21T16:08:11.926117+03:00,_1,c0f129731113,Agios Athanasios,Mesa Geitonia,1
2026-07-21T13:03:36Z,2026-07-21T16:08:11.926117+03:00,_2,0df26c3b855b,Lemesos,"to A6 > Pafos, Pafos Airport",0
2026-07-21T15:15:47Z,2026-07-21T18:20:23.250703+03:00,_0,69fc3b9dbbdd,Strovolos,Archiepiskopou Makariou III Ave,0
2026-07-21T15:15:47Z,2026-07-21T18:20:23.250703+03:00,_1,c57daf65c80e,Lemesou Ave,Archiepiskopou Makariou III Ave,2
2026-07-21T15:15:47Z,2026-07-21T18:20:23.250703+03:00,_0,807a263ccec7,E147 - Archiepiskopou Makariou III Ave,Agias Filaxeos,0
2026-07-21T15:15:47Z,2026-07-21T18:20:23.250703+03:00,_1,a4260c51b19c,Steliou Kyriakidi,,4
2026-07-21T15:15:47Z,2026-07-21T18:20:23.250703+03:00,_2,f5f94ff22484,Agias Filaxeos,E110,0
2026-07-21T15:15:47Z,2026-07-21T18:20:23.250703+03:00,_0,31c9b775d03b,E110,E110 - Agias Fylaxeos,0
2026-07-21T15:15:47Z,2026-07-21T18:20:23.250703+03:00,_1,9f80d2b8e678,E110 - 1 Apriliou,,2
2026-07-21T15:15:47Z,2026-07-21T18:20:23.250703+03:00,_2,e2b4d39e1fd4,E110 - Agias Fylaxeos,E147 - Archiepiskopou Makariou III Ave,0
2026-07-21T15:15:47Z,2026-07-21T18:20:23.250703+03:00,_3,afcda84a293b,Agias Filaxeos,E147 - Archiepiskopou Makariou III Ave,3
2026-07-21T15:15:47Z,2026-07-21T18:20:23.250703+03:00,_0,21071115abc5,,> A1 Lefkosia / (A5) Larnaka / (A5)(A3) Larnaka Airport,0
2026-07-21T15:15:47Z,2026-07-21T18:20:23.250703+03:00,_1,b26392a0c648,Germasogeia,Mouttagiaka,2
2026-07-21T15:15:47Z,2026-07-21T18:20:23.250703+03:00,_2,25acc766db72,Mouttagiaka,Archiepiskopou Makariou III Ave,0
2026-07-21T15:15:47Z,2026-07-21T18:20:23.250703+03:00,_3,43f05193c4b0,Lemesou Ave,Archiepiskopou Makariou III Ave,2
2026-07-21T15:15:47Z,2026-07-21T18:20:23.250703+03:00,_4,f7f1e6fbecb6,Lemesou Ave,Evagorou Ave,0
2026-07-21T15:15:47Z,2026-07-21T18:20:23.250703+03:00,_0,391ae18682fa,Episkopi,> A1 Lefkosia / (A5) Larnaka / (A5)(A3) Larnaka Airport,0
2026-07-21T15:15:47Z,2026-07-21T18:20:23.250703+03:00,_1,cafc026927d2,Germasogeia,Germasogeia,2
2026-07-21T16:48:55Z,2026-07-21T19:53:31.220487+03:00,_0,807a263ccec7,E147 - Archiepiskopou Makariou III Ave,Agias Filaxeos,0
2026-07-21T16:48:55Z,2026-07-21T19:53:31.220487+03:00,_1,a4260c51b19c,Steliou Kyriakidi,,4
2026-07-21T16:48:55Z,2026-07-21T19:53:31.220487+03:00,_2,f5f94ff22484,Agias Filaxeos,E110,0
2026-07-21T18:04:16Z,2026-07-21T21:08:51.865125+03:00,_0,30c85ba515ee,,B18 - Digeni Akrita Ave,0
2026-07-21T18:04:16Z,2026-07-21T21:08:51.865125+03:00,_1,aabab5b0e87d,Archiepiskopou Makariou III Ave,B18 - Georgiou Griva Digeni Ave,3
2026-07-21T18:04:16Z,2026-07-21T21:08:51.865125+03:00,_2,e1beab30434a,Archiepiskopou Makariou III Ave,Evagorou Ave,0
2026-07-22T03:42:18Z,2026-07-22T06:46:53.743885+03:00,_0,fe72ea2b224f,Strovolos,Lemesou Ave,0
2026-07-22T03:42:18Z,2026-07-22T06:46:53.743885+03:00,_1,1c3025f6d361,Strovolos,Lemesou Ave,3
2026-07-22T03:42:18Z,2026-07-22T06:46:53.743885+03:00,_2,7792802c8552,Aglantzia,Archiepiskopou Makariou III Ave,0
2026-07-22T03:42:18Z,2026-07-22T06:46:53.743885+03:00,_0,5f39d2391c75,Kosta Misiaouli,Strovolou Ave,0
2026-07-22T03:42:18Z,2026-07-22T06:46:53.743885+03:00,_1,1c02e40f3134,Strovolou Ave,Strovolou Ave,2
2026-07-22T03:42:18Z,2026-07-22T06:46:53.743885+03:00,_2,b7d9dc03982a,Strovolou Ave,E902 - Proedrikou Megarou Ave,0
2026-07-22T03:42:18Z,2026-07-22T06:46:53.743885+03:00,_0,31c9b775d03b,E110,E110 - Agias Fylaxeos,0
2026-07-22T03:42:18Z,2026-07-22T06:46:53.743885+03:00,_1,9f80d2b8e678,E110 - 1 Apriliou,,2
2026-07-22T03:42:18Z,2026-07-22T06:46:53.743885+03:00,_2,7ddfe1676243,E110 - Agias Fylaxeos,E147 - Archiepiskopou Makariou III Ave,0
2026-07-22T03:42:18Z,2026-07-22T06:46:53.743885+03:00,_0,d0dc64f54734,,Lemesou Ave,0
2026-07-22T03:42:18Z,2026-07-22T06:46:53.743885+03:00,_1,1c3025f6d361,Strovolos,Lemesou Ave,3
2026-07-22T03:42:18Z,2026-07-22T06:46:53.743885+03:00,_2,aea2144af660,Aglantzia,Evagorou Ave,0
2026-07-22T06:17:05Z,2026-07-22T09:21:41.239227+03:00,_0,43286710d8e6,E110,E110 - 1 Apriliou,0
2026-07-22T06:17:05Z,2026-07-22T09:21:41.239227+03:00,_1,635805bac913,E110 - 1 Apriliou,E110 - Agias Fylaxeos,4
2026-07-22T06:17:05Z,2026-07-22T09:21:41.239227+03:00,_2,e50ca2ecb1e0,E110 - 1 Apriliou,,3
2026-07-22T06:17:05Z,2026-07-22T09:21:41.239227+03:00,_3,e33776a3a190,E110 - Agias Fylaxeos,Agias Filaxeos,0
2026-07-22T06:17:05Z,2026-07-22T09:21:41.239227+03:00,_4,0a5c4761a6b4,Agias Filaxeos,Agias Filaxeos,4
2026-07-22T06:17:05Z,2026-07-22T09:21:41.239227+03:00,_5,56aeae0c8086,Agias Filaxeos,E147 - Archiepiskopou Makariou III Ave,0
2026-07-22T06:17:05Z,2026-07-22T09:21:41.239227+03:00,_6,676c339d8b55,Agias Filaxeos,E147 - Archiepiskopou Makariou III Ave,3
2026-07-22T06:17:05Z,2026-07-22T09:21:41.239227+03:00,_0,9637c1cd3244,Strovolos,Strovolos,0
2026-07-22T06:17:05Z,2026-07-22T09:21:41.239227+03:00,_1,d1bd4cd56cd8,Strovolos,Lemesou Ave,4
2026-07-22T06:17:05Z,2026-07-22T09:21:41.239227+03:00,_2,c6e235d3222a,Aglantzia,Archiepiskopou Makariou III Ave,0
2026-07-22T06:17:05Z,2026-07-22T09:21:41.239227+03:00,_3,394713f228bd,Lemesou Ave,Lemesou Ave,3
2026-07-22T06:17:05Z,2026-07-22T09:21:41.239227+03:00,_0,5f39d2391c75,Leoforos Strovolou,E122 - Athinon,0
2026-07-22T06:17:05Z,2026-07-22T09:21:41.239227+03:00,_1,a5bc6fbada86,Strovolou Ave,E902 - Proedrikou Megarou Ave,3
2026-07-22T06:17:05Z,2026-07-22T09:21:41.239227+03:00,_2,c6ac6530f2b9,Strovolou Ave,E902 - Proedrikou Megarou Ave,0
2026-07-22T06:17:05Z,2026-07-22T09:21:41.239227+03:00,_0,06afc6492b14,Exit 24 >E127 Germasogeia / E113 Lemesos-Centre,Germasogeia,2
2026-07-22T06:17:05Z,2026-07-22T09:21:41.239227+03:00,_1,3e1d75b9e16e,Agios Athanasios,"to A6 > Pafos, Pafos Airport",0
2026-07-22T06:17:05Z,2026-07-22T09:21:41.239227+03:00,_0,807a263ccec7,E147 - Archiepiskopou Makariou III Ave,Agias Filaxeos,0
2026-07-22T06:17:05Z,2026-07-22T09:21:41.239227+03:00,_1,a4260c51b19c,Steliou Kyriakidi,,4
2026-07-22T06:17:05Z,2026-07-22T09:21:41.239227+03:00,_2,f5f94ff22484,Agias Filaxeos,E110,0
2026-07-22T06:17:05Z,2026-07-22T09:21:41.239227+03:00,_0,cb3af67cb06c,,Kato Polemidia,0
2026-07-22T06:17:05Z,2026-07-22T09:21:41.239227+03:00,_1,33bef9b5a9ab,Lemesos,Exit 26 >E114 Mesa Geitonia / Lemesos-Centre / F131 Mathikoloni,1
2026-07-22T06:17:05Z,2026-07-22T09:21:41.239227+03:00,_2,b39a06b9f0e6,Exit 26 >E114 Mesa Geitonia / Lemesos-Centre / F131 Mathikoloni,Lemesou Ave,0
2026-07-22T06:17:05Z,2026-07-22T09:21:41.239227+03:00,_3,d1bd4cd56cd8,Strovolos,Lemesou Ave,4
2026-07-22T06:17:05Z,2026-07-22T09:21:41.239227+03:00,_4,c6e235d3222a,Aglantzia,Archiepiskopou Makariou III Ave,0
2026-07-22T06:17:05Z,2026-07-22T09:21:41.239227+03:00,_5,6efde239cabf,Lemesou Ave,Archiepiskopou Makariou III Ave,3
2026-07-22T06:17:05Z,2026-07-22T09:21:41.239227+03:00,_6,cecff754bcf4,Lemesou Ave,Archiepiskopou Makariou III Ave,0
2026-07-22T06:17:05Z,2026-07-22T09:21:41.239227+03:00,_7,798c594a6669,Archiepiskopou Makariou III Ave,B18 - Georgiou Griva Digeni Ave,3
2026-07-22T06:17:05Z,2026-07-22T09:21:41.239227+03:00,_8,7c1a88e2db2c,Archiepiskopou Makariou III Ave,E1302 - Nikis Ave,0
2026-07-22T06:17:05Z,2026-07-22T09:21:41.239227+03:00,_9,910016111853,B18 - Georgiou Griva Digeni Ave,B18 - Georgiou Griva Digeni Ave,4
2026-07-22T06:17:05Z,2026-07-22T09:21:41.239227+03:00,_10,bbf67e32aa17,B18 - Georgiou Griva Digeni Ave,Evagorou Ave,0
2026-07-22T06:17:05Z,2026-07-22T09:21:41.239227+03:00,_0,9b57a1fd19bb,Episkopi,Kato Polemidia,0
2026-07-22T06:17:05Z,2026-07-22T09:21:41.239227+03:00,_1,33bef9b5a9ab,Lemesos,Exit 26 >E114 Mesa Geitonia / Lemesos-Centre / F131 Mathikoloni,1
2026-07-22T06:17:05Z,2026-07-22T09:21:41.239227+03:00,_2,d73a04fc5195,Exit 26 >E114 Mesa Geitonia / Lemesos-Centre / F131 Mathikoloni,Germasogeia,0
2026-07-22T09:03:34Z,2026-07-22T12:08:09.996155+03:00,_0,72b03ff9b5bc,E110,E110 - Agias Fylaxeos,0
2026-07-22T09:03:34Z,2026-07-22T12:08:09.996155+03:00,_1,e50ca2ecb1e0,E110 - 1 Apriliou,,2
2026-07-22T09:03:34Z,2026-07-22T12:08:09.996155+03:00,_2,20e4174f50d7,E110 - Agias Fylaxeos,Agias Filaxeos,0
2026-07-22T09:03:34Z,2026-07-22T12:08:09.996155+03:00,_3,991be992343a,Vasileos Georgiou II,E147 - Archiepiskopou Makariou III Ave,2
2026-07-22T09:03:34Z,2026-07-22T12:08:09.996155+03:00,_0,26ee8f360113,E147 - Archiepiskopou Makariou III Ave,Agias Filaxeos,0
2026-07-22T09:03:34Z,2026-07-22T12:08:09.996155+03:00,_1,d309bae8d50e,E147 - Archiepiskopou Makariou III Ave,Vasileos Georgiou II,2
2026-07-22T09:03:34Z,2026-07-22T12:08:09.996155+03:00,_2,62f9e9861a53,Agias Filaxeos,E110,0
2026-07-22T09:03:34Z,2026-07-22T12:08:09.996155+03:00,_0,ee7dd077aa5c,,Archiepiskopou Makariou III Ave,0
2026-07-22T09:03:34Z,2026-07-22T12:08:09.996155+03:00,_1,798c594a6669,Archiepiskopou Makariou III Ave,B18 - Georgiou Griva Digeni Ave,2
2026-07-22T09:03:34Z,2026-07-22T12:08:09.996155+03:00,_2,e1beab30434a,Archiepiskopou Makariou III Ave,Evagorou Ave,0
2026-07-22T11:17:26Z,2026-07-22T14:22:02.338766+03:00,_0,acb430b8e822,Strovolos,Archiepiskopou Makariou III Ave,0
2026-07-22T11:17:26Z,2026-07-22T14:22:02.338766+03:00,_1,394713f228bd,Lemesou Ave,Lemesou Ave,3
2026-07-22T11:17:26Z,2026-07-22T14:22:02.338766+03:00,_0,6311136a7b90,,Archiepiskopou Makariou III Ave,0
2026-07-22T11:17:26Z,2026-07-22T14:22:02.338766+03:00,_1,6efde239cabf,Lemesou Ave,Archiepiskopou Makariou III Ave,3
2026-07-22T11:17:26Z,2026-07-22T14:22:02.338766+03:00,_2,f7f1e6fbecb6,Lemesou Ave,Evagorou Ave,0
2026-07-22T12:50:40Z,2026-07-22T15:55:16.928238+03:00,_0,69fc3b9dbbdd,Strovolos,Archiepiskopou Makariou III Ave,0
2026-07-22T12:50:40Z,2026-07-22T15:55:16.928238+03:00,_1,c57daf65c80e,Lemesou Ave,Archiepiskopou Makariou III Ave,2
2026-07-22T12:50:40Z,2026-07-22T15:55:16.928238+03:00,_0,72b03ff9b5bc,E110,E110 - Agias Fylaxeos,0
2026-07-22T12:50:40Z,2026-07-22T15:55:16.928238+03:00,_1,e50ca2ecb1e0,E110 - 1 Apriliou,,2
2026-07-22T12:50:40Z,2026-07-22T15:55:16.928238+03:00,_2,bacad6c047c7,E110 - Agias Fylaxeos,Agias Filaxeos,0
2026-07-22T12:50:40Z,2026-07-22T15:55:16.928238+03:00,_3,631d45c6d9a7,Agias Filaxeos,Agias Filaxeos,1
2026-07-22T12:50:40Z,2026-07-22T15:55:16.928238+03:00,_4,c57150197d37,Agias Filaxeos,Agias Filaxeos,0
2026-07-22T12:50:40Z,2026-07-22T15:55:16.928238+03:00,_5,e713c7488bdd,Agias Filaxeos,E147 - Archiepiskopou Makariou III Ave,4
2026-07-22T12:50:40Z,2026-07-22T15:55:16.928238+03:00,_0,06afc6492b14,Exit 24 >E127 Germasogeia / E113 Lemesos-Centre,Germasogeia,0
2026-07-22T12:50:40Z,2026-07-22T15:55:16.928238+03:00,_1,c0f129731113,Agios Athanasios,Mesa Geitonia,1
2026-07-22T12:50:40Z,2026-07-22T15:55:16.928238+03:00,_2,0df26c3b855b,> A1 Port /  (A6) Pafos,"to A6 > Pafos, Pafos Airport",0
2026-07-22T12:50:40Z,2026-07-22T15:55:16.928238+03:00,_0,daca33dbcb0d,,Archiepiskopou Makariou III Ave,0
2026-07-22T12:50:40Z,2026-07-22T15:55:16.928238+03:00,_1,43f05193c4b0,Lemesou Ave,Archiepiskopou Makariou III Ave,2
2026-07-22T12:50:40Z,2026-07-22T15:55:16.928238+03:00,_2,f7f1e6fbecb6,Lemesou Ave,Evagorou Ave,0
2026-07-22T15:04:47Z,2026-07-22T18:09:24.853032+03:00,_0,807a263ccec7,E147 - Archiepiskopou Makariou III Ave,Agias Filaxeos,0
2026-07-22T15:04:47Z,2026-07-22T18:09:24.853032+03:00,_1,a4260c51b19c,Steliou Kyriakidi,,4
2026-07-22T15:04:47Z,2026-07-22T18:09:24.853032+03:00,_2,f5f94ff22484,Agias Filaxeos,E110,0
2026-07-22T15:04:47Z,2026-07-22T18:09:24.853032+03:00,_0,21071115abc5,,> A1 Lefkosia / (A5) Larnaka / (A5)(A3) Larnaka Airport,0
2026-07-22T15:04:47Z,2026-07-22T18:09:24.853032+03:00,_1,449dd31251f4,Germasogeia,Germasogeia,2
2026-07-22T15:04:47Z,2026-07-22T18:09:24.853032+03:00,_2,8f0cb9252b8c,> A1 Lefkosia / (A5) Larnaka / (A5)(A3) Larnaka Airport,Evagorou Ave,0
2026-07-22T15:04:47Z,2026-07-22T18:09:24.853032+03:00,_0,391ae18682fa,Episkopi,> A1 Lefkosia / (A5) Larnaka / (A5)(A3) Larnaka Airport,0
2026-07-22T15:04:47Z,2026-07-22T18:09:24.853032+03:00,_1,cafc026927d2,Germasogeia,Germasogeia,2
2026-07-22T16:41:57Z,2026-07-22T19:46:33.762776+03:00,_0,fa57010483c2,,Latsia,0
2026-07-22T16:41:57Z,2026-07-22T19:46:33.762776+03:00,_1,b719fae297da,Latsia,Latsia,3
2026-07-22T16:41:57Z,2026-07-22T19:46:33.762776+03:00,_2,965ba8379ef7,Latsia,Evagorou Ave,0
2026-07-23T04:41:37Z,2026-07-23T07:46:13.261301+03:00,_0,d7fa998be72c,Strovolos,Strovolos,0
2026-07-23T04:41:37Z,2026-07-23T07:46:13.261301+03:00,_1,662a8296a2f3,Strovolos,Lemesou Ave,4
2026-07-23T04:41:37Z,2026-07-23T07:46:13.261301+03:00,_2,002a54c51467,A1,Archiepiskopou Makariou III Ave,0
2026-07-23T04:41:37Z,2026-07-23T07:46:13.261301+03:00,_0,5f39d2391c75,Leoforos Strovolou,Strovolou Ave,0
2026-07-23T04:41:37Z,2026-07-23T07:46:13.261301+03:00,_1,1c02e40f3134,Strovolou Ave,Strovolou Ave,2
2026-07-23T04:41:37Z,2026-07-23T07:46:13.261301+03:00,_2,b5400a961924,Strovolou Ave,Strovolou Ave,0
2026-07-23T04:41:37Z,2026-07-23T07:46:13.261301+03:00,_3,def202a60274,Strovolou Ave,Strovolou Ave,3
2026-07-23T04:41:37Z,2026-07-23T07:46:13.261301+03:00,_4,8c8b5efc93bd,Strovolou Ave,E902 - Proedrikou Megarou Ave,0
2026-07-23T04:41:37Z,2026-07-23T07:46:13.261301+03:00,_0,31c9b775d03b,E110,E110 - Agias Fylaxeos,0
2026-07-23T04:41:37Z,2026-07-23T07:46:13.261301+03:00,_1,9f80d2b8e678,E110 - 1 Apriliou,,3
2026-07-23T04:41:37Z,2026-07-23T07:46:13.261301+03:00,_2,7ddfe1676243,E110 - Agias Fylaxeos,E147 - Archiepiskopou Makariou III Ave,0
2026-07-23T04:41:37Z,2026-07-23T07:46:13.261301+03:00,_0,9b57a1fd19bb,Episkopi,Kato Polemidia,0
2026-07-23T04:41:37Z,2026-07-23T07:46:13.261301+03:00,_1,33bef9b5a9ab,Lemesos,Lemesos,1
2026-07-23T04:41:37Z,2026-07-23T07:46:13.261301+03:00,_2,d73a04fc5195,Mesa Geitonia,Germasogeia,0
2026-07-23T04:41:37Z,2026-07-23T07:46:13.261301+03:00,_0,cb3af67cb06c,,Kato Polemidia,0
2026-07-23T04:41:37Z,2026-07-23T07:46:13.261301+03:00,_1,33bef9b5a9ab,Lemesos,Lemesos,1
2026-07-23T04:41:37Z,2026-07-23T07:46:13.261301+03:00,_2,fa250bca0f31,Mesa Geitonia,Strovolos,0
2026-07-23T04:41:37Z,2026-07-23T07:46:13.261301+03:00,_3,662a8296a2f3,Strovolos,Lemesou Ave,4
2026-07-23T04:41:37Z,2026-07-23T07:46:13.261301+03:00,_4,726abfd22a60,A1,Evagorou Ave,0
2026-07-23T07:23:31Z,2026-07-23T10:28:07.757931+03:00,_0,acb430b8e822,Strovolos,Archiepiskopou Makariou III Ave,0
2026-07-23T07:23:31Z,2026-07-23T10:28:07.757931+03:00,_1,394713f228bd,Lemesou Ave,Lemesou Ave,3
2026-07-23T07:23:31Z,2026-07-23T10:28:07.757931+03:00,_0,df567d5dbf59,E110,E110 - Agias Fylaxeos,0
2026-07-23T07:23:31Z,2026-07-23T10:28:07.757931+03:00,_1,883ce04f7136,E110 - 1 Apriliou,,2
2026-07-23T07:23:31Z,2026-07-23T10:28:07.757931+03:00,_2,a9a39a128bc3,E110 - Agias Fylaxeos,Agias Filaxeos,0
2026-07-23T07:23:31Z,2026-07-23T10:28:07.757931+03:00,_3,277c301a7f5b,,Agias Filaxeos,4
2026-07-23T07:23:31Z,2026-07-23T10:28:07.757931+03:00,_4,c7393b49e010,Agias Filaxeos,E147 - Archiepiskopou Makariou III Ave,0
2026-07-23T07:23:31Z,2026-07-23T10:28:07.757931+03:00,_5,e713c7488bdd,Agias Filaxeos,E147 - Archiepiskopou Makariou III Ave,3
2026-07-23T07:23:31Z,2026-07-23T10:28:07.757931+03:00,_0,6311136a7b90,,Archiepiskopou Makariou III Ave,0
2026-07-23T07:23:31Z,2026-07-23T10:28:07.757931+03:00,_1,6efde239cabf,Lemesou Ave,Archiepiskopou Makariou III Ave,3
2026-07-23T07:23:31Z,2026-07-23T10:28:07.757931+03:00,_2,f7f1e6fbecb6,Lemesou Ave,Evagorou Ave,0
2026-07-23T07:23:31Z,2026-07-23T10:28:07.757931+03:00,_0,2459eb632a9a,Exit 24 >E127 Germasogeia / E113 Lemesos-Centre,Lemesos,0
2026-07-23T07:23:31Z,2026-07-23T10:28:07.757931+03:00,_1,e1dac3423766,Lemesos,Lemesos,1
2026-07-23T07:23:31Z,2026-07-23T10:28:07.757931+03:00,_2,ef93f4872b51,Lemesos,"to A6 > Pafos, Pafos Airport",0
2026-07-23T08:50:43Z,2026-07-23T11:55:19.821994+03:00,_0,69fc3b9dbbdd,Strovolos,Archiepiskopou Makariou III Ave,0
2026-07-23T08:50:43Z,2026-07-23T11:55:19.821994+03:00,_1,c57daf65c80e,Lemesou Ave,Archiepiskopou Makariou III Ave,3
2026-07-23T08:50:43Z,2026-07-23T11:55:19.821994+03:00,_0,15ae2e1d5817,E147 - Archiepiskopou Makariou III Ave,Agias Filaxeos,0
2026-07-23T08:50:43Z,2026-07-23T11:55:19.821994+03:00,_1,c774fd37f419,Agias Filaxeos,Agias Filaxeos,3
2026-07-23T08:50:43Z,2026-07-23T11:55:19.821994+03:00,_2,bbd3d4041441,Agias Filaxeos,Agias Filaxeos,0
2026-07-23T08:50:43Z,2026-07-23T11:55:19.821994+03:00,_3,a4260c51b19c,Steliou Kyriakidi,,3
2026-07-23T08:50:43Z,2026-07-23T11:55:19.821994+03:00,_4,f5f94ff22484,Agias Filaxeos,E110,0
2026-07-23T08:50:43Z,2026-07-23T11:55:19.821994+03:00,_0,cdd9246a055f,E110,E147 - Archiepiskopou Makariou III Ave,0
2026-07-23T08:50:43Z,2026-07-23T11:55:19.821994+03:00,_1,f8a1b1df72c7,Agias Filaxeos,E147 - Archiepiskopou Makariou III Ave,2
2026-07-23T08:50:43Z,2026-07-23T11:55:19.821994+03:00,_0,daca33dbcb0d,,Archiepiskopou Makariou III Ave,0
2026-07-23T08:50:43Z,2026-07-23T11:55:19.821994+03:00,_1,43f05193c4b0,Lemesou Ave,Archiepiskopou Makariou III Ave,3
2026-07-23T08:50:43Z,2026-07-23T11:55:19.821994+03:00,_2,f7f1e6fbecb6,Lemesou Ave,Evagorou Ave,0
2026-07-23T09:00:48Z,2026-07-23T12:05:25.147607+03:00,_0,69fc3b9dbbdd,Strovolos,Archiepiskopou Makariou III Ave,0
2026-07-23T09:00:48Z,2026-07-23T12:05:25.147607+03:00,_1,c57daf65c80e,Lemesou Ave,Archiepiskopou Makariou III Ave,3
2026-07-23T09:00:48Z,2026-07-23T12:05:25.147607+03:00,_0,72b03ff9b5bc,E110,E110 - Agias Fylaxeos,0
2026-07-23T09:00:48Z,2026-07-23T12:05:25.147607+03:00,_1,e50ca2ecb1e0,E110 - 1 Apriliou,,2
2026-07-23T09:00:48Z,2026-07-23T12:05:25.147607+03:00,_2,20d2c1f3b58e,E110 - Agias Fylaxeos,E147 - Archiepiskopou Makariou III Ave,0
2026-07-23T09:00:48Z,2026-07-23T12:05:25.147607+03:00,_3,e713c7488bdd,Agias Filaxeos,E147 - Archiepiskopou Makariou III Ave,3
2026-07-23T09:00:48Z,2026-07-23T12:05:25.147607+03:00,_0,807a263ccec7,E147 - Archiepiskopou Makariou III Ave,Agias Filaxeos,0
2026-07-23T09:00:48Z,2026-07-23T12:05:25.147607+03:00,_1,a4260c51b19c,Steliou Kyriakidi,,3
2026-07-23T09:00:48Z,2026-07-23T12:05:25.147607+03:00,_2,f5f94ff22484,Agias Filaxeos,E110,0
2026-07-23T09:00:48Z,2026-07-23T12:05:25.147607+03:00,_0,daca33dbcb0d,,Archiepiskopou Makariou III Ave,0
2026-07-23T09:00:48Z,2026-07-23T12:05:25.147607+03:00,_1,43f05193c4b0,Lemesou Ave,Archiepiskopou Makariou III Ave,3
2026-07-23T09:00:48Z,2026-07-23T12:05:25.147607+03:00,_2,4d0504689f6c,Lemesou Ave,E1302 - Nikis Ave,0
2026-07-23T09:00:48Z,2026-07-23T12:05:25.147607+03:00,_3,910016111853,B18 - Georgiou Griva Digeni Ave,B18 - Georgiou Griva Digeni Ave,4
2026-07-23T09:00:48Z,2026-07-23T12:05:25.147607+03:00,_4,bbf67e32aa17,B18 - Georgiou Griva Digeni Ave,Evagorou Ave,0
2026-07-23T09:10:53Z,2026-07-23T12:15:29.631992+03:00,_0,ec019cdf3c7f,E110,E147 - Archiepiskopou Makariou III Ave,0
2026-07-23T09:10:53Z,2026-07-23T12:15:29.631992+03:00,_1,e713c7488bdd,Agias Filaxeos,E147 - Archiepiskopou Makariou III Ave,3
2026-07-23T09:10:53Z,2026-07-23T12:15:29.631992+03:00,_0,26ee8f360113,E147 - Archiepiskopou Makariou III Ave,Agias Filaxeos,0
2026-07-23T09:10:53Z,2026-07-23T12:15:29.631992+03:00,_1,d309bae8d50e,E147 - Archiepiskopou Makariou III Ave,Vasileos Georgiou II,2
2026-07-23T09:10:53Z,2026-07-23T12:15:29.631992+03:00,_2,bbd3d4041441,Agias Filaxeos,Agias Filaxeos,0
2026-07-23T09:10:53Z,2026-07-23T12:15:29.631992+03:00,_3,a4260c51b19c,Steliou Kyriakidi,,3
2026-07-23T09:10:53Z,2026-07-23T12:15:29.631992+03:00,_4,f5f94ff22484,Agias Filaxeos,E110,0
2026-07-23T09:10:53Z,2026-07-23T12:15:29.631992+03:00,_0,b8775914f68d,,Archiepiskopou Makariou III Ave,0
2026-07-23T09:10:53Z,2026-07-23T12:15:29.631992+03:00,_1,8056ae80b71f,Archiepiskopou Makariou III Ave,B18 - Georgiou Griva Digeni Ave,2
2026-07-23T09:10:53Z,2026-07-23T12:15:29.631992+03:00,_2,e1beab30434a,Archiepiskopou Makariou III Ave,Evagorou Ave,0
2026-07-23T09:20:59Z,2026-07-23T12:25:36.395080+03:00,_0,6eb3033e950e,E110,E147 - Archiepiskopou Makariou III Ave,0
2026-07-23T09:20:59Z,2026-07-23T12:25:36.395080+03:00,_1,88697bca4b53,Agias Filaxeos,E147 - Archiepiskopou Makariou III Ave,3
2026-07-23T09:20:59Z,2026-07-23T12:25:36.395080+03:00,_0,044a01c053a4,E147 - Archiepiskopou Makariou III Ave,Agias Filaxeos,0
2026-07-23T09:20:59Z,2026-07-23T12:25:36.395080+03:00,_1,66d81fff875f,Agias Filaxeos,Vasileos Georgiou II,2
2026-07-23T09:20:59Z,2026-07-23T12:25:36.395080+03:00,_2,3c822276d5cc,Agias Filaxeos,Agias Filaxeos,0
2026-07-23T09:20:59Z,2026-07-23T12:25:36.395080+03:00,_3,a4260c51b19c,Steliou Kyriakidi,,3
2026-07-23T09:20:59Z,2026-07-23T12:25:36.395080+03:00,_4,f5f94ff22484,Agias Filaxeos,E110,0
2026-07-23T09:20:59Z,2026-07-23T12:25:36.395080+03:00,_0,06dc93c4c2fa,,B19 - Omirou Ave,0
2026-07-23T09:20:59Z,2026-07-23T12:25:36.395080+03:00,_1,ecb8295957ab,Omirou Ave,Dionysiou Solomou Square,2
2026-07-23T09:20:59Z,2026-07-23T12:25:36.395080+03:00,_2,b94aa02d2a10,Dionysiou Solomou Square,Anastasiou Leventi,0
2026-07-23T09:31:04Z,2026-07-23T12:35:40.857929+03:00,_0,15ae2e1d5817,E147 - Archiepiskopou Makariou III Ave,Agias Filaxeos,0
2026-07-23T09:31:04Z,2026-07-23T12:35:40.857929+03:00,_1,6704fd377f4d,Agias Filaxeos,Agias Filaxeos,3
2026-07-23T09:31:04Z,2026-07-23T12:35:40.857929+03:00,_2,ada2853a7b9f,Agias Filaxeos,Steliou Kyriakidi,0
2026-07-23T09:31:04Z,2026-07-23T12:35:40.857929+03:00,_3,fbdd0e351f56,Ivykou,,4
2026-07-23T09:31:04Z,2026-07-23T12:35:40.857929+03:00,_4,f5f94ff22484,Agias Filaxeos,E110,0
2026-07-23T09:31:04Z,2026-07-23T12:35:40.857929+03:00,_0,72b03ff9b5bc,E110,E110 - Agias Fylaxeos,0
2026-07-23T09:31:04Z,2026-07-23T12:35:40.857929+03:00,_1,e50ca2ecb1e0,E110 - 1 Apriliou,,2
2026-07-23T09:31:04Z,2026-07-23T12:35:40.857929+03:00,_2,ce0d49cab8a3,E110 - Agias Fylaxeos,E147 - Archiepiskopou Makariou III Ave,0
2026-07-23T09:31:04Z,2026-07-23T12:35:40.857929+03:00,_3,535964c57235,Agias Filaxeos,E147 - Archiepiskopou Makariou III Ave,3
2026-07-23T09:31:04Z,2026-07-23T12:35:40.857929+03:00,_0,06dc93c4c2fa,,B19 - Omirou Ave,0
2026-07-23T09:31:04Z,2026-07-23T12:35:40.857929+03:00,_1,bf1edcb81968,Omirou Ave,B19 - Omirou Ave,2
2026-07-23T09:31:04Z,2026-07-23T12:35:40.857929+03:00,_2,322961766a35,B19 - Omirou Ave,Anastasiou Leventi,0
2026-07-23T09:41:09Z,2026-07-23T12:45:46.168057+03:00,_0,dd4be8784553,E147 - Archiepiskopou Makariou III Ave,Agias Filaxeos,0
2026-07-23T09:41:09Z,2026-07-23T12:45:46.168057+03:00,_1,673e68439f67,E147 - Archiepiskopou Makariou III Ave,Vasileos Georgiou II,3
2026-07-23T09:41:09Z,2026-07-23T12:45:46.168057+03:00,_2,bbd3d4041441,Agias Filaxeos,Agias Filaxeos,0
2026-07-23T09:41:09Z,2026-07-23T12:45:46.168057+03:00,_3,a4260c51b19c,Steliou Kyriakidi,,4
2026-07-23T09:41:09Z,2026-07-23T12:45:46.168057+03:00,_4,f780373a5188,Agias Filaxeos,E110 - Agias Fylaxeos,0
2026-07-23T09:41:09Z,2026-07-23T12:45:46.168057+03:00,_5,6841a02a1258,,E110 - 1 Apriliou,2
2026-07-23T09:41:09Z,2026-07-23T12:45:46.168057+03:00,_6,18da4895abec,E110 - Agias Fylaxeos,E110 - Eleftherias,0
2026-07-23T09:41:09Z,2026-07-23T12:45:46.168057+03:00,_7,db98c9d0a2e0,E110 - 1 Apriliou,E110 - 1 Apriliou,3
2026-07-23T09:41:09Z,2026-07-23T12:45:46.168057+03:00,_8,c97b954fcb12,E110 - 1 Apriliou,E110,0
2026-07-23T09:41:09Z,2026-07-23T12:45:46.168057+03:00,_0,a89f632a8881,Strovolos,Lemesou Ave,0
2026-07-23T09:41:09Z,2026-07-23T12:45:46.168057+03:00,_1,ff2249fa74b9,Strovolos,Lemesou Ave,2
2026-07-23T09:41:09Z,2026-07-23T12:45:46.168057+03:00,_2,002a54c51467,A1,Archiepiskopou Makariou III Ave,0
2026-07-23T09:41:09Z,2026-07-23T12:45:46.168057+03:00,_0,72b03ff9b5bc,E110,E110 - Agias Fylaxeos,0
2026-07-23T09:41:09Z,2026-07-23T12:45:46.168057+03:00,_1,e50ca2ecb1e0,E110 - 1 Apriliou,,2
2026-07-23T09:41:09Z,2026-07-23T12:45:46.168057+03:00,_2,1967c9daaccd,E110 - Agias Fylaxeos,E147 - Archiepiskopou Makariou III Ave,0
2026-07-23T09:41:09Z,2026-07-23T12:45:46.168057+03:00,_3,88697bca4b53,Agias Filaxeos,E147 - Archiepiskopou Makariou III Ave,3
2026-07-23T09:41:09Z,2026-07-23T12:45:46.168057+03:00,_0,23e9d057024d,,Lemesou Ave,0
2026-07-23T09:41:09Z,2026-07-23T12:45:46.168057+03:00,_1,ff2249fa74b9,Strovolos,Lemesou Ave,2
2026-07-23T09:41:09Z,2026-07-23T12:45:46.168057+03:00,_2,3c7f5c1b4be9,A1,B19 - Omirou Ave,0
2026-07-23T09:41:09Z,2026-07-23T12:45:46.168057+03:00,_3,bf1edcb81968,Omirou Ave,B19 - Omirou Ave,2
2026-07-23T09:41:09Z,2026-07-23T12:45:46.168057+03:00,_4,322961766a35,B19 - Omirou Ave,Anastasiou Leventi,0
2026-07-23T09:51:16Z,2026-07-23T12:55:52.882512+03:00,_0,dd4be8784553,E147 - Archiepiskopou Makariou III Ave,Agias Filaxeos,0
2026-07-23T09:51:16Z,2026-07-23T12:55:52.882512+03:00,_1,1d598628b2d2,E147 - Archiepiskopou Makariou III Ave,Vasileos Georgiou II,3
2026-07-23T09:51:16Z,2026-07-23T12:55:52.882512+03:00,_2,3c822276d5cc,Agias Filaxeos,Agias Filaxeos,0
2026-07-23T09:51:16Z,2026-07-23T12:55:52.882512+03:00,_3,a4260c51b19c,Steliou Kyriakidi,,4
2026-07-23T09:51:16Z,2026-07-23T12:55:52.882512+03:00,_4,f780373a5188,Agias Filaxeos,E110 - Agias Fylaxeos,0
2026-07-23T09:51:16Z,2026-07-23T12:55:52.882512+03:00,_5,6841a02a1258,,E110 - 1 Apriliou,3
2026-07-23T09:51:16Z,2026-07-23T12:55:52.882512+03:00,_6,18da4895abec,E110 - Agias Fylaxeos,E110 - Eleftherias,0
2026-07-23T09:51:16Z,2026-07-23T12:55:52.882512+03:00,_7,db98c9d0a2e0,E110 - 1 Apriliou,E110 - 1 Apriliou,3
2026-07-23T09:51:16Z,2026-07-23T12:55:52.882512+03:00,_8,c97b954fcb12,E110 - 1 Apriliou,E110,0
2026-07-23T09:51:16Z,2026-07-23T12:55:52.882512+03:00,_0,a89f632a8881,Strovolos,Lemesou Ave,0
2026-07-23T09:51:16Z,2026-07-23T12:55:52.882512+03:00,_1,64039a076bda,Strovolos,Lemesou Ave,1
2026-07-23T09:51:16Z,2026-07-23T12:55:52.882512+03:00,_2,7792802c8552,Aglantzia,Archiepiskopou Makariou III Ave,0
2026-07-23T09:51:16Z,2026-07-23T12:55:52.882512+03:00,_0,72b03ff9b5bc,E110,E110 - Agias Fylaxeos,0
2026-07-23T09:51:16Z,2026-07-23T12:55:52.882512+03:00,_1,e50ca2ecb1e0,E110 - 1 Apriliou,,2
2026-07-23T09:51:16Z,2026-07-23T12:55:52.882512+03:00,_2,a71a335f5ac6,E110 - Agias Fylaxeos,Spyrou Kyprianou Ave,0
2026-07-23T09:51:16Z,2026-07-23T12:55:52.882512+03:00,_3,b22eb8a8a516,Vasileos Georgiou II,Agias Filaxeos,3
2026-07-23T09:51:16Z,2026-07-23T12:55:52.882512+03:00,_4,3e658df8ca2c,Agias Filaxeos,E147 - Archiepiskopou Makariou III Ave,0
2026-07-23T09:51:16Z,2026-07-23T12:55:52.882512+03:00,_0,23e9d057024d,,Lemesou Ave,0
2026-07-23T09:51:16Z,2026-07-23T12:55:52.882512+03:00,_1,64039a076bda,Strovolos,Lemesou Ave,1
2026-07-23T09:51:16Z,2026-07-23T12:55:52.882512+03:00,_2,a5531b325069,Aglantzia,B19 - Omirou Ave,0
2026-07-23T09:51:16Z,2026-07-23T12:55:52.882512+03:00,_3,ecb8295957ab,Omirou Ave,Dionysiou Solomou Square,2
2026-07-23T09:51:16Z,2026-07-23T12:55:52.882512+03:00,_4,b94aa02d2a10,Dionysiou Solomou Square,Anastasiou Leventi,0
2026-07-23T10:01:21Z,2026-07-23T13:05:58.190487+03:00,_0,056c5788bcea,E147 - Archiepiskopou Makariou III Ave,Vasileos Georgiou II,3
2026-07-23T10:01:21Z,2026-07-23T13:05:58.190487+03:00,_1,3c822276d5cc,Agias Filaxeos,Agias Filaxeos,0
2026-07-23T10:01:21Z,2026-07-23T13:05:58.190487+03:00,_2,a4260c51b19c,Steliou Kyriakidi,,4
2026-07-23T10:01:21Z,2026-07-23T13:05:58.190487+03:00,_3,f780373a5188,Agias Filaxeos,E110 - Agias Fylaxeos,0
2026-07-23T10:01:21Z,2026-07-23T13:05:58.190487+03:00,_4,6841a02a1258,,E110 - 1 Apriliou,2
2026-07-23T10:01:21Z,2026-07-23T13:05:58.190487+03:00,_5,f99b72a378a5,E110 - Agias Fylaxeos,E110,0
2026-07-23T10:01:21Z,2026-07-23T13:05:58.190487+03:00,_0,a89f632a8881,Strovolos,Lemesou Ave,0
2026-07-23T10:01:21Z,2026-07-23T13:05:58.190487+03:00,_1,ff2249fa74b9,Strovolos,Lemesou Ave,3
2026-07-23T10:01:21Z,2026-07-23T13:05:58.190487+03:00,_2,a8737a3f445c,A1,E164 - Armenias,0
2026-07-23T10:01:21Z,2026-07-23T13:05:58.190487+03:00,_3,c57daf65c80e,Lemesou Ave,Archiepiskopou Makariou III Ave,2
2026-07-23T10:01:21Z,2026-07-23T13:05:58.190487+03:00,_0,23e9d057024d,,Lemesou Ave,0
2026-07-23T10:01:21Z,2026-07-23T13:05:58.190487+03:00,_1,ff2249fa74b9,Strovolos,Lemesou Ave,3
2026-07-23T10:01:21Z,2026-07-23T13:05:58.190487+03:00,_2,a8737a3f445c,A1,E164 - Armenias,0
2026-07-23T10:01:21Z,2026-07-23T13:05:58.190487+03:00,_3,43f05193c4b0,Lemesou Ave,Archiepiskopou Makariou III Ave,2
2026-07-23T10:01:21Z,2026-07-23T13:05:58.190487+03:00,_4,f7f1e6fbecb6,Lemesou Ave,Evagorou Ave,0
2026-07-23T10:11:26Z,2026-07-23T13:16:03.635785+03:00,_0,90311137b0fc,E147 - Archiepiskopou Makariou III Ave,Agias Filaxeos,2
2026-07-23T10:11:26Z,2026-07-23T13:16:03.635785+03:00,_1,33f727374971,Agias Filaxeos,Agias Filaxeos,0
2026-07-23T10:11:26Z,2026-07-23T13:16:03.635785+03:00,_2,c774fd37f419,Agias Filaxeos,Agias Filaxeos,2
2026-07-23T10:11:26Z,2026-07-23T13:16:03.635785+03:00,_3,bbd3d4041441,Agias Filaxeos,Agias Filaxeos,0
2026-07-23T10:11:26Z,2026-07-23T13:16:03.635785+03:00,_4,a4260c51b19c,Steliou Kyriakidi,,4
2026-07-23T10:11:26Z,2026-07-23T13:16:03.635785+03:00,_5,f5f94ff22484,Agias Filaxeos,E110,0
2026-07-23T10:11:26Z,2026-07-23T13:16:03.635785+03:00,_0,fff94a557d24,E110,Spyrou Kyprianou Ave,0
2026-07-23T10:11:26Z,2026-07-23T13:16:03.635785+03:00,_1,b22eb8a8a516,Vasileos Georgiou II,Agias Filaxeos,3
2026-07-23T10:11:26Z,2026-07-23T13:16:03.635785+03:00,_2,ee5c31e43087,Agias Filaxeos,Agias Filaxeos,0
2026-07-23T10:11:26Z,2026-07-23T13:16:03.635785+03:00,_3,88697bca4b53,Agias Filaxeos,E147 - Archiepiskopou Makariou III Ave,3
2026-07-23T10:21:33Z,2026-07-23T13:26:09.875786+03:00,_0,199710dc4a27,Strovolos,E164 - Armenias,0
2026-07-23T10:21:33Z,2026-07-23T13:26:09.875786+03:00,_1,fedb3d094e5d,A1,Lemesou Ave,3
2026-07-23T10:21:33Z,2026-07-23T13:26:09.875786+03:00,_2,d2028a2a4d9d,Lemesou Ave,E164 - Armenias,0
2026-07-23T10:21:33Z,2026-07-23T13:26:09.875786+03:00,_3,c57daf65c80e,Lemesou Ave,Archiepiskopou Makariou III Ave,2
2026-07-23T10:21:33Z,2026-07-23T13:26:09.875786+03:00,_0,137f66eaa4ab,E147 - Archiepiskopou Makariou III Ave,Agias Filaxeos,3
2026-07-23T10:21:33Z,2026-07-23T13:26:09.875786+03:00,_1,545a189c2e96,Agias Filaxeos,Agias Filaxeos,0
2026-07-23T10:21:33Z,2026-07-23T13:26:09.875786+03:00,_2,673e68439f67,E147 - Archiepiskopou Makariou III Ave,Vasileos Georgiou II,2
2026-07-23T10:21:33Z,2026-07-23T13:26:09.875786+03:00,_3,bbd3d4041441,Agias Filaxeos,Agias Filaxeos,0
2026-07-23T10:21:33Z,2026-07-23T13:26:09.875786+03:00,_4,a4260c51b19c,Steliou Kyriakidi,,4
2026-07-23T10:21:33Z,2026-07-23T13:26:09.875786+03:00,_5,f780373a5188,Agias Filaxeos,E110 - Agias Fylaxeos,0
2026-07-23T10:21:33Z,2026-07-23T13:26:09.875786+03:00,_6,6ae63264e88b,,E110 - 1 Apriliou,2
2026-07-23T10:21:33Z,2026-07-23T13:26:09.875786+03:00,_7,3f7ac877007c,E110 - Agias Fylaxeos,E110,0
2026-07-23T10:21:33Z,2026-07-23T13:26:09.875786+03:00,_0,8795792b1b04,,E164 - Armenias,0
2026-07-23T10:21:33Z,2026-07-23T13:26:09.875786+03:00,_1,fedb3d094e5d,A1,Lemesou Ave,3
2026-07-23T10:21:33Z,2026-07-23T13:26:09.875786+03:00,_2,d2028a2a4d9d,Lemesou Ave,E164 - Armenias,0
2026-07-23T10:21:33Z,2026-07-23T13:26:09.875786+03:00,_3,43f05193c4b0,Lemesou Ave,Archiepiskopou Makariou III Ave,2
2026-07-23T10:21:33Z,2026-07-23T13:26:09.875786+03:00,_4,f7f1e6fbecb6,Lemesou Ave,Evagorou Ave,0
2026-07-23T10:31:38Z,2026-07-23T13:36:14.948015+03:00,_0,0f5fc0c258da,Strovolos,Lemesou Ave,0
2026-07-23T10:31:38Z,2026-07-23T13:36:14.948015+03:00,_1,de5c4da2e830,A1,Lemesou Ave,3
2026-07-23T10:31:38Z,2026-07-23T13:36:14.948015+03:00,_2,85b99fc6d959,A1,Archiepiskopou Makariou III Ave,0
2026-07-23T10:31:38Z,2026-07-23T13:36:14.948015+03:00,_0,5605f34ad0da,E110,E147 - Archiepiskopou Makariou III Ave,0
2026-07-23T10:31:38Z,2026-07-23T13:36:14.948015+03:00,_1,676c339d8b55,Agias Filaxeos,E147 - Archiepiskopou Makariou III Ave,3
2026-07-23T10:31:38Z,2026-07-23T13:36:14.948015+03:00,_0,9e81f5db7a01,E147 - Archiepiskopou Makariou III Ave,Agias Filaxeos,3
2026-07-23T10:31:38Z,2026-07-23T13:36:14.948015+03:00,_1,466776237f30,E147 - Archiepiskopou Makariou III Ave,Agias Filaxeos,0
2026-07-23T10:31:38Z,2026-07-23T13:36:14.948015+03:00,_2,a4260c51b19c,Steliou Kyriakidi,,4
2026-07-23T10:31:38Z,2026-07-23T13:36:14.948015+03:00,_3,e863e9cd4881,Agias Filaxeos,E110 - Agias Fylaxeos,0
2026-07-23T10:31:38Z,2026-07-23T13:36:14.948015+03:00,_4,b12402f32100,E110 - Agias Fylaxeos,E110 - 1 Apriliou,1
2026-07-23T10:31:38Z,2026-07-23T13:36:14.948015+03:00,_5,f99b72a378a5,E110 - Agias Fylaxeos,E110,0
2026-07-23T10:31:38Z,2026-07-23T13:36:14.948015+03:00,_0,7b1562e7b357,,Lemesou Ave,0
2026-07-23T10:31:38Z,2026-07-23T13:36:14.948015+03:00,_1,de5c4da2e830,A1,Lemesou Ave,3
2026-07-23T10:31:38Z,2026-07-23T13:36:14.948015+03:00,_2,6bc9fd646e05,A1,Evagorou Ave,0
2026-07-23T10:41:43Z,2026-07-23T13:46:20.105286+03:00,_0,a89f632a8881,Strovolos,Lemesou Ave,0
2026-07-23T10:41:43Z,2026-07-23T13:46:20.105286+03:00,_1,ff2249fa74b9,Strovolos,Lemesou Ave,4
2026-07-23T10:41:43Z,2026-07-23T13:46:20.105286+03:00,_2,de5c4da2e830,A1,Lemesou Ave,3
2026-07-23T10:41:43Z,2026-07-23T13:46:20.105286+03:00,_3,85b99fc6d959,A1,Archiepiskopou Makariou III Ave,0
2026-07-23T10:41:43Z,2026-07-23T13:46:20.105286+03:00,_0,807a263ccec7,E147 - Archiepiskopou Makariou III Ave,Agias Filaxeos,0
2026-07-23T10:41:43Z,2026-07-23T13:46:20.105286+03:00,_1,a4260c51b19c,Steliou Kyriakidi,,4
2026-07-23T10:41:43Z,2026-07-23T13:46:20.105286+03:00,_2,0597b76e4028,Agias Filaxeos,E110 - Agias Fylaxeos,0
2026-07-23T10:41:43Z,2026-07-23T13:46:20.105286+03:00,_3,8d1435727a35,E110 - Agias Fylaxeos,E110 - 1 Apriliou,1
2026-07-23T10:41:43Z,2026-07-23T13:46:20.105286+03:00,_4,f99b72a378a5,E110 - Agias Fylaxeos,E110,0
2026-07-23T10:41:43Z,2026-07-23T13:46:20.105286+03:00,_0,23e9d057024d,,Lemesou Ave,0
2026-07-23T10:41:43Z,2026-07-23T13:46:20.105286+03:00,_1,ff2249fa74b9,Strovolos,Lemesou Ave,4
2026-07-23T10:41:43Z,2026-07-23T13:46:20.105286+03:00,_2,de5c4da2e830,A1,Lemesou Ave,3
2026-07-23T10:41:43Z,2026-07-23T13:46:20.105286+03:00,_3,6bc9fd646e05,A1,Evagorou Ave,0
2026-07-23T10:51:50Z,2026-07-23T13:56:26.508742+03:00,_0,0f5fc0c258da,Strovolos,Lemesou Ave,0
2026-07-23T10:51:50Z,2026-07-23T13:56:26.508742+03:00,_1,de5c4da2e830,A1,Lemesou Ave,2
2026-07-23T10:51:50Z,2026-07-23T13:56:26.508742+03:00,_2,db8515d9425b,A1,Archiepiskopou Makariou III Ave,0
2026-07-23T10:51:50Z,2026-07-23T13:56:26.508742+03:00,_3,394713f228bd,Lemesou Ave,Lemesou Ave,3
2026-07-23T10:51:50Z,2026-07-23T13:56:26.508742+03:00,_0,807a263ccec7,E147 - Archiepiskopou Makariou III Ave,Agias Filaxeos,0
2026-07-23T10:51:50Z,2026-07-23T13:56:26.508742+03:00,_1,a4260c51b19c,Steliou Kyriakidi,,3
2026-07-23T10:51:50Z,2026-07-23T13:56:26.508742+03:00,_2,f5f94ff22484,Agias Filaxeos,E110,0
2026-07-23T10:51:50Z,2026-07-23T13:56:26.508742+03:00,_0,7b1562e7b357,,Lemesou Ave,0
2026-07-23T10:51:50Z,2026-07-23T13:56:26.508742+03:00,_1,de5c4da2e830,A1,Lemesou Ave,2
2026-07-23T10:51:50Z,2026-07-23T13:56:26.508742+03:00,_2,db8515d9425b,A1,Archiepiskopou Makariou III Ave,0
2026-07-23T10:51:50Z,2026-07-23T13:56:26.508742+03:00,_3,6efde239cabf,Lemesou Ave,Archiepiskopou Makariou III Ave,3
2026-07-23T10:51:50Z,2026-07-23T13:56:26.508742+03:00,_4,f7f1e6fbecb6,Lemesou Ave,Evagorou Ave,0
2026-07-23T11:01:55Z,2026-07-23T14:06:31.589095+03:00,_0,1903b2559960,,Archiepiskopou Makariou III Ave,0
2026-07-23T11:01:55Z,2026-07-23T14:06:31.589095+03:00,_1,660d388bb733,Lemesou Ave,Archiepiskopou Makariou III Ave,2
2026-07-23T11:01:55Z,2026-07-23T14:06:31.589095+03:00,_2,f7f1e6fbecb6,Lemesou Ave,Evagorou Ave,0
2026-07-23T11:12:00Z,2026-07-23T14:16:37.171006+03:00,_0,acb430b8e822,Strovolos,Archiepiskopou Makariou III Ave,0
2026-07-23T11:12:00Z,2026-07-23T14:16:37.171006+03:00,_1,394713f228bd,Lemesou Ave,Lemesou Ave,3
2026-07-23T11:12:00Z,2026-07-23T14:16:37.171006+03:00,_0,6311136a7b90,,Archiepiskopou Makariou III Ave,0
2026-07-23T11:12:00Z,2026-07-23T14:16:37.171006+03:00,_1,6efde239cabf,Lemesou Ave,Archiepiskopou Makariou III Ave,3
2026-07-23T11:12:00Z,2026-07-23T14:16:37.171006+03:00,_2,f7f1e6fbecb6,Lemesou Ave,Evagorou Ave,0
2026-07-23T11:22:07Z,2026-07-23T14:26:43.541749+03:00,_0,1903b2559960,,Archiepiskopou Makariou III Ave,0
2026-07-23T11:22:07Z,2026-07-23T14:26:43.541749+03:00,_1,660d388bb733,Lemesou Ave,Archiepiskopou Makariou III Ave,2
2026-07-23T11:22:07Z,2026-07-23T14:26:43.541749+03:00,_2,f7f1e6fbecb6,Lemesou Ave,Evagorou Ave,0
2026-07-23T12:52:38Z,2026-07-23T15:57:15.131572+03:00,_0,5b27c50fa078,Strovolos,Archiepiskopou Makariou III Ave,0
2026-07-23T12:52:38Z,2026-07-23T15:57:15.131572+03:00,_1,8b530b355b26,Lemesou Ave,Archiepiskopou Makariou III Ave,2
2026-07-23T12:52:38Z,2026-07-23T15:57:15.131572+03:00,_0,807a263ccec7,E147 - Archiepiskopou Makariou III Ave,Agias Filaxeos,0
2026-07-23T12:52:38Z,2026-07-23T15:57:15.131572+03:00,_1,a4260c51b19c,Steliou Kyriakidi,,3
2026-07-23T12:52:38Z,2026-07-23T15:57:15.131572+03:00,_2,f5f94ff22484,Agias Filaxeos,E110,0
2026-07-23T12:52:38Z,2026-07-23T15:57:15.131572+03:00,_0,39864853c88c,,Archiepiskopou Makariou III Ave,0
2026-07-23T12:52:38Z,2026-07-23T15:57:15.131572+03:00,_1,3dec49aff703,Lemesou Ave,Archiepiskopou Makariou III Ave,2
2026-07-23T12:52:38Z,2026-07-23T15:57:15.131572+03:00,_2,f7f1e6fbecb6,Lemesou Ave,Evagorou Ave,0
2026-07-23T12:52:38Z,2026-07-23T15:57:15.131572+03:00,_0,22ab44e87e33,Exit 24 >E127 Germasogeia / E113 Lemesos-Centre,Agios Athanasios,0
2026-07-23T12:52:38Z,2026-07-23T15:57:15.131572+03:00,_1,1f9e4309220a,Agios Athanasios,Agios Athanasios,1
2026-07-23T12:52:38Z,2026-07-23T15:57:15.131572+03:00,_2,e532d87a661f,Mesa Geitonia,"to A6 > Pafos, Pafos Airport",0
2026-07-23T13:02:43Z,2026-07-23T16:07:20.385180+03:00,_0,807a263ccec7,E147 - Archiepiskopou Makariou III Ave,Agias Filaxeos,0
2026-07-23T13:02:43Z,2026-07-23T16:07:20.385180+03:00,_1,bcb96b7d4022,Steliou Kyriakidi,E110 - Agias Fylaxeos,3
2026-07-23T13:02:43Z,2026-07-23T16:07:20.385180+03:00,_2,4a311dfc98b9,E110 - Agias Fylaxeos,E110,0
2026-07-23T13:02:43Z,2026-07-23T16:07:20.385180+03:00,_0,78de8d33d4a4,E110,,0
2026-07-23T13:02:43Z,2026-07-23T16:07:20.385180+03:00,_1,a9a39a128bc3,E110 - Agias Fylaxeos,Agias Filaxeos,3
2026-07-23T13:02:43Z,2026-07-23T16:07:20.385180+03:00,_2,3cbf9dcdfdfd,,E147 - Archiepiskopou Makariou III Ave,0
2026-07-23T13:02:43Z,2026-07-23T16:07:20.385180+03:00,_3,7d91212c9f28,Agiou Artemiou,E147 - Archiepiskopou Makariou III Ave,3
2026-07-23T13:02:43Z,2026-07-23T16:07:20.385180+03:00,_0,5c308ae9824f,,Germasogeia,0
2026-07-23T13:02:43Z,2026-07-23T16:07:20.385180+03:00,_1,613da88c9e19,> A1 Lefkosia / (A5) Larnaka / (A5)(A3) Larnaka Airport,Germasogeia,1
2026-07-23T13:02:43Z,2026-07-23T16:07:20.385180+03:00,_2,8f0cb9252b8c,> A1 Lefkosia / (A5) Larnaka / (A5)(A3) Larnaka Airport,Evagorou Ave,0
2026-07-23T13:02:43Z,2026-07-23T16:07:20.385180+03:00,_0,06afc6492b14,Exit 24 >E127 Germasogeia / E113 Lemesos-Centre,Germasogeia,0
2026-07-23T13:02:43Z,2026-07-23T16:07:20.385180+03:00,_1,3f63ee02f860,Agios Athanasios,Agios Athanasios,1
2026-07-23T13:02:43Z,2026-07-23T16:07:20.385180+03:00,_2,5f071a5847f6,Mesa Geitonia,Lemesos,0
2026-07-23T13:02:43Z,2026-07-23T16:07:20.385180+03:00,_3,e1dac3423766,Lemesos,Lemesos,1
2026-07-23T13:02:43Z,2026-07-23T16:07:20.385180+03:00,_4,ef93f4872b51,Lemesos,"to A6 > Pafos, Pafos Airport",0
2026-07-23T13:12:50Z,2026-07-23T16:17:26.705376+03:00,_0,807a263ccec7,E147 - Archiepiskopou Makariou III Ave,Agias Filaxeos,0
2026-07-23T13:12:50Z,2026-07-23T16:17:26.705376+03:00,_1,a4260c51b19c,Steliou Kyriakidi,,4
2026-07-23T13:12:50Z,2026-07-23T16:17:26.705376+03:00,_2,f780373a5188,Agias Filaxeos,E110 - Agias Fylaxeos,1
2026-07-23T13:12:50Z,2026-07-23T16:17:26.705376+03:00,_3,6ae63264e88b,,E110 - 1 Apriliou,2
2026-07-23T13:12:50Z,2026-07-23T16:17:26.705376+03:00,_4,3f7ac877007c,E110 - Agias Fylaxeos,E110,0
2026-07-23T13:12:50Z,2026-07-23T16:17:26.705376+03:00,_0,24826857eb1f,E110,E147 - Archiepiskopou Makariou III Ave,0
2026-07-23T13:12:50Z,2026-07-23T16:17:26.705376+03:00,_1,afcda84a293b,Agias Filaxeos,E147 - Archiepiskopou Makariou III Ave,2
2026-07-23T13:12:50Z,2026-07-23T16:17:26.705376+03:00,_0,978bfa547244,,> A1 Lefkosia / (A5) Larnaka / (A5)(A3) Larnaka Airport,0
2026-07-23T13:12:50Z,2026-07-23T16:17:26.705376+03:00,_1,afaa1d708fba,> A1 Lefkosia / (A5) Larnaka / (A5)(A3) Larnaka Airport,Mouttagiaka,1
2026-07-23T13:12:50Z,2026-07-23T16:17:26.705376+03:00,_2,ba9b025726d8,Mouttagiaka,Nisou,0
2026-07-23T13:12:50Z,2026-07-23T16:17:26.705376+03:00,_3,3c46754bddbe,Nisou,Nisou,3
2026-07-23T13:12:50Z,2026-07-23T16:17:26.705376+03:00,_4,a53678aec47a,Nisou,Evagorou Ave,0
2026-07-23T13:12:50Z,2026-07-23T16:17:26.705376+03:00,_0,cf9421bed762,Episkopi,> A1 Lefkosia / (A5) Larnaka / (A5)(A3) Larnaka Airport,0
2026-07-23T13:12:50Z,2026-07-23T16:17:26.705376+03:00,_1,a0e0a7c1b318,> A1 Lefkosia / (A5) Larnaka / (A5)(A3) Larnaka Airport,Germasogeia,1
2026-07-23T13:22:55Z,2026-07-23T16:27:31.576488+03:00,_0,21112a4dd623,E147 - Archiepiskopou Makariou III Ave,Agias Filaxeos,3
2026-07-23T13:22:55Z,2026-07-23T16:27:31.576488+03:00,_1,473be25140bb,Agiou Artemiou,Agias Filaxeos,0
2026-07-23T13:22:55Z,2026-07-23T16:27:31.576488+03:00,_2,91dfa2b121c3,Agiou Artemiou,Agias Filaxeos,1
2026-07-23T13:22:55Z,2026-07-23T16:27:31.576488+03:00,_3,333667a2ce39,Agias Filaxeos,Steliou Kyriakidi,0
2026-07-23T13:22:55Z,2026-07-23T16:27:31.576488+03:00,_4,a80760be4702,Ivykou,Agias Filaxeos,3
2026-07-23T13:22:55Z,2026-07-23T16:27:31.576488+03:00,_5,a4260c51b19c,Steliou Kyriakidi,,4
2026-07-23T13:22:55Z,2026-07-23T16:27:31.576488+03:00,_6,da3e19c838d1,Agias Filaxeos,,0
2026-07-23T13:22:55Z,2026-07-23T16:27:31.576488+03:00,_7,3085fde8fe93,Agias Filaxeos,E110 - Agias Fylaxeos,1
2026-07-23T13:22:55Z,2026-07-23T16:27:31.576488+03:00,_8,3e0cf08e2535,,E110,0
2026-07-23T13:22:55Z,2026-07-23T16:27:31.576488+03:00,_0,cdd9246a055f,E110,E147 - Archiepiskopou Makariou III Ave,0
2026-07-23T13:22:55Z,2026-07-23T16:27:31.576488+03:00,_1,f8a1b1df72c7,Agias Filaxeos,E147 - Archiepiskopou Makariou III Ave,3
2026-07-23T13:22:55Z,2026-07-23T16:27:31.576488+03:00,_0,86a1cbc862f7,,Skarinou,0
2026-07-23T13:22:55Z,2026-07-23T16:27:31.576488+03:00,_1,459c9b753608,Skarinou,Kofinou,2
2026-07-23T13:22:55Z,2026-07-23T16:27:31.576488+03:00,_2,8eadd4d3e86c,Kofinou,Nisou,0
2026-07-23T13:22:55Z,2026-07-23T16:27:31.576488+03:00,_3,3c46754bddbe,Nisou,Nisou,4
2026-07-23T13:22:55Z,2026-07-23T16:27:31.576488+03:00,_4,a53678aec47a,Nisou,Evagorou Ave,0
2026-07-23T13:33:00Z,2026-07-23T16:37:37.970732+03:00,_0,dd4be8784553,E147 - Archiepiskopou Makariou III Ave,Agias Filaxeos,0
2026-07-23T13:33:00Z,2026-07-23T16:37:37.970732+03:00,_1,673e68439f67,E147 - Archiepiskopou Makariou III Ave,Vasileos Georgiou II,2
2026-07-23T13:33:00Z,2026-07-23T16:37:37.970732+03:00,_2,bbd3d4041441,Agias Filaxeos,Agias Filaxeos,0
2026-07-23T13:33:00Z,2026-07-23T16:37:37.970732+03:00,_3,a4260c51b19c,Steliou Kyriakidi,,4
2026-07-23T13:33:00Z,2026-07-23T16:37:37.970732+03:00,_4,f5f94ff22484,Agias Filaxeos,E110,0
2026-07-23T13:33:00Z,2026-07-23T16:37:37.970732+03:00,_0,86a1cbc862f7,,Skarinou,0
2026-07-23T13:33:00Z,2026-07-23T16:37:37.970732+03:00,_1,e9dc6830247f,Skarinou,Skarinou,2
2026-07-23T13:33:00Z,2026-07-23T16:37:37.970732+03:00,_2,2ebc698f994d,Kofinou,Pera Chorio,0
2026-07-23T13:33:00Z,2026-07-23T16:37:37.970732+03:00,_3,f06f8b3cbc64,Nisou,Nisou,4
2026-07-23T13:33:00Z,2026-07-23T16:37:37.970732+03:00,_4,a53678aec47a,Nisou,Evagorou Ave,0
2026-07-23T13:43:08Z,2026-07-23T16:47:44.528448+03:00,_0,807a263ccec7,E147 - Archiepiskopou Makariou III Ave,Agias Filaxeos,0
2026-07-23T13:43:08Z,2026-07-23T16:47:44.528448+03:00,_1,a4260c51b19c,Steliou Kyriakidi,,3
2026-07-23T13:43:08Z,2026-07-23T16:47:44.528448+03:00,_2,58db42ee5329,Agias Filaxeos,E110 - 1 Apriliou,0
2026-07-23T13:43:08Z,2026-07-23T16:47:44.528448+03:00,_3,9f4f77006632,E110 - 1 Apriliou,E110 - Eleftherias,3
2026-07-23T13:43:08Z,2026-07-23T16:47:44.528448+03:00,_4,c97b954fcb12,E110 - 1 Apriliou,E110,0
2026-07-23T13:43:08Z,2026-07-23T16:47:44.528448+03:00,_0,88a9b7c2c271,,Pera Chorio,0
2026-07-23T13:43:08Z,2026-07-23T16:47:44.528448+03:00,_1,a3c474f6082b,Pera Chorio,Nisou,4
2026-07-23T13:43:08Z,2026-07-23T16:47:44.528448+03:00,_2,c88cc663a6af,Nisou,Archiepiskopou Makariou III Ave,0
2026-07-23T13:43:08Z,2026-07-23T16:47:44.528448+03:00,_3,660d388bb733,Lemesou Ave,Archiepiskopou Makariou III Ave,2
2026-07-23T13:43:08Z,2026-07-23T16:47:44.528448+03:00,_4,f7f1e6fbecb6,Lemesou Ave,Evagorou Ave,0
2026-07-23T13:43:08Z,2026-07-23T16:47:44.528448+03:00,_0,2459eb632a9a,Exit 24 >E127 Germasogeia / E113 Lemesos-Centre,Lemesos,0
2026-07-23T13:43:08Z,2026-07-23T16:47:44.528448+03:00,_1,e1dac3423766,Lemesos,Lemesos,1
2026-07-23T13:43:08Z,2026-07-23T16:47:44.528448+03:00,_2,ef93f4872b51,Lemesos,"to A6 > Pafos, Pafos Airport",0
2026-07-23T13:53:12Z,2026-07-23T16:57:49.439676+03:00,_0,807a263ccec7,E147 - Archiepiskopou Makariou III Ave,Agias Filaxeos,0
2026-07-23T13:53:12Z,2026-07-23T16:57:49.439676+03:00,_1,a4260c51b19c,Steliou Kyriakidi,,3
2026-07-23T13:53:12Z,2026-07-23T16:57:49.439676+03:00,_2,f780373a5188,Agias Filaxeos,E110 - Agias Fylaxeos,0
2026-07-23T13:53:12Z,2026-07-23T16:57:49.439676+03:00,_3,6841a02a1258,,E110 - 1 Apriliou,2
2026-07-23T13:53:12Z,2026-07-23T16:57:49.439676+03:00,_4,18da4895abec,E110 - Agias Fylaxeos,E110 - Eleftherias,0
2026-07-23T13:53:12Z,2026-07-23T16:57:49.439676+03:00,_5,db98c9d0a2e0,E110 - 1 Apriliou,E110 - 1 Apriliou,3
2026-07-23T13:53:12Z,2026-07-23T16:57:49.439676+03:00,_6,c97b954fcb12,E110 - 1 Apriliou,E110,0
2026-07-23T13:53:12Z,2026-07-23T16:57:49.439676+03:00,_0,5c308ae9824f,,Germasogeia,0
2026-07-23T13:53:12Z,2026-07-23T16:57:49.439676+03:00,_1,79d35067812b,> A1 Lefkosia / (A5) Larnaka / (A5)(A3) Larnaka Airport,Mouttagiaka,2
2026-07-23T13:53:12Z,2026-07-23T16:57:49.439676+03:00,_2,41d5da3f1142,Mouttagiaka,Pera Chorio,0
2026-07-23T13:53:12Z,2026-07-23T16:57:49.439676+03:00,_3,a3c474f6082b,Pera Chorio,Nisou,4
2026-07-23T13:53:12Z,2026-07-23T16:57:49.439676+03:00,_4,c88cc663a6af,Nisou,Archiepiskopou Makariou III Ave,0
2026-07-23T13:53:12Z,2026-07-23T16:57:49.439676+03:00,_5,660d388bb733,Lemesou Ave,Archiepiskopou Makariou III Ave,3
2026-07-23T13:53:12Z,2026-07-23T16:57:49.439676+03:00,_6,f7f1e6fbecb6,Lemesou Ave,Evagorou Ave,0
2026-07-23T14:03:18Z,2026-07-23T17:07:54.499259+03:00,_0,fe72ea2b224f,Strovolos,Lemesou Ave,0
2026-07-23T14:03:18Z,2026-07-23T17:07:54.499259+03:00,_1,16a08779ce14,Strovolos,Lemesou Ave,4
2026-07-23T14:03:18Z,2026-07-23T17:07:54.499259+03:00,_2,f0561fa3d582,A1,Archiepiskopou Makariou III Ave,0
2026-07-23T14:03:18Z,2026-07-23T17:07:54.499259+03:00,_3,394713f228bd,Lemesou Ave,Lemesou Ave,3
2026-07-23T14:03:18Z,2026-07-23T17:07:54.499259+03:00,_0,807a263ccec7,E147 - Archiepiskopou Makariou III Ave,Agias Filaxeos,0
2026-07-23T14:03:18Z,2026-07-23T17:07:54.499259+03:00,_1,a4260c51b19c,Steliou Kyriakidi,,3
2026-07-23T14:03:18Z,2026-07-23T17:07:54.499259+03:00,_2,f780373a5188,Agias Filaxeos,E110 - Agias Fylaxeos,0
2026-07-23T14:03:18Z,2026-07-23T17:07:54.499259+03:00,_3,6841a02a1258,,E110 - 1 Apriliou,2
2026-07-23T14:03:18Z,2026-07-23T17:07:54.499259+03:00,_4,f99b72a378a5,E110 - Agias Fylaxeos,E110,0
2026-07-23T14:03:18Z,2026-07-23T17:07:54.499259+03:00,_0,5c308ae9824f,,Germasogeia,0
2026-07-23T14:03:18Z,2026-07-23T17:07:54.499259+03:00,_1,79d35067812b,> A1 Lefkosia / (A5) Larnaka / (A5)(A3) Larnaka Airport,Mouttagiaka,1
2026-07-23T14:03:18Z,2026-07-23T17:07:54.499259+03:00,_2,5c806b0f196e,Mouttagiaka,Pera Chorio,0
2026-07-23T14:03:18Z,2026-07-23T17:07:54.499259+03:00,_3,f06f8b3cbc64,Nisou,Nisou,4
2026-07-23T14:03:18Z,2026-07-23T17:07:54.499259+03:00,_4,be9d4880883e,Nisou,Lemesou Ave,0
2026-07-23T14:03:18Z,2026-07-23T17:07:54.499259+03:00,_5,16a08779ce14,Strovolos,Lemesou Ave,4
2026-07-23T14:03:18Z,2026-07-23T17:07:54.499259+03:00,_6,f0561fa3d582,A1,Archiepiskopou Makariou III Ave,0
2026-07-23T14:03:18Z,2026-07-23T17:07:54.499259+03:00,_7,6efde239cabf,Lemesou Ave,Archiepiskopou Makariou III Ave,3
2026-07-23T14:03:18Z,2026-07-23T17:07:54.499259+03:00,_8,f7f1e6fbecb6,Lemesou Ave,Evagorou Ave,0
2026-07-23T14:13:24Z,2026-07-23T17:18:00.631188+03:00,_0,fe72ea2b224f,Strovolos,Lemesou Ave,0
2026-07-23T14:13:24Z,2026-07-23T17:18:00.631188+03:00,_1,1c3025f6d361,Strovolos,Lemesou Ave,3
2026-07-23T14:13:24Z,2026-07-23T17:18:00.631188+03:00,_2,c6e235d3222a,Aglantzia,Archiepiskopou Makariou III Ave,0
2026-07-23T14:13:24Z,2026-07-23T17:18:00.631188+03:00,_3,394713f228bd,Lemesou Ave,Lemesou Ave,3
2026-07-23T14:13:24Z,2026-07-23T17:18:00.631188+03:00,_0,a1d8d306605f,E147 - Archiepiskopou Makariou III Ave,Steliou Kyriakidi,0
2026-07-23T14:13:24Z,2026-07-23T17:18:00.631188+03:00,_1,fbdd0e351f56,Ivykou,,4
2026-07-23T14:13:24Z,2026-07-23T17:18:00.631188+03:00,_2,f5f94ff22484,Agias Filaxeos,E110,0
2026-07-23T14:13:24Z,2026-07-23T17:18:00.631188+03:00,_0,a6e1a380c9ca,,Pera Chorio,0
2026-07-23T14:13:24Z,2026-07-23T17:18:00.631188+03:00,_1,f06f8b3cbc64,Nisou,Nisou,4
2026-07-23T14:13:24Z,2026-07-23T17:18:00.631188+03:00,_2,be9d4880883e,Nisou,Lemesou Ave,0
2026-07-23T14:13:24Z,2026-07-23T17:18:00.631188+03:00,_3,1c3025f6d361,Strovolos,Lemesou Ave,3
2026-07-23T14:13:24Z,2026-07-23T17:18:00.631188+03:00,_4,c6e235d3222a,Aglantzia,Archiepiskopou Makariou III Ave,0
2026-07-23T14:13:24Z,2026-07-23T17:18:00.631188+03:00,_5,6efde239cabf,Lemesou Ave,Archiepiskopou Makariou III Ave,3
2026-07-23T14:13:24Z,2026-07-23T17:18:00.631188+03:00,_6,f7f1e6fbecb6,Lemesou Ave,Evagorou Ave,0
2026-07-23T14:23:29Z,2026-07-23T17:28:05.531001+03:00,_0,fe72ea2b224f,Strovolos,Lemesou Ave,0
2026-07-23T14:23:29Z,2026-07-23T17:28:05.531001+03:00,_1,16a08779ce14,Strovolos,Lemesou Ave,3
2026-07-23T14:23:29Z,2026-07-23T17:28:05.531001+03:00,_2,002a54c51467,A1,Archiepiskopou Makariou III Ave,0
2026-07-23T14:23:29Z,2026-07-23T17:28:05.531001+03:00,_0,db379abb1dc7,Georgiou Neofytou,Spyrou Kyprianou Ave,0
2026-07-23T14:23:29Z,2026-07-23T17:28:05.531001+03:00,_1,d485409681ec,Spyrou Kyprianou Ave,Spyrou Kyprianou Ave,3
2026-07-23T14:23:29Z,2026-07-23T17:28:05.531001+03:00,_2,b16f06e86626,Spyrou Kyprianou Ave,Angelou Vlachou,0
2026-07-23T14:23:29Z,2026-07-23T17:28:05.531001+03:00,_0,9e81f5db7a01,E147 - Archiepiskopou Makariou III Ave,Agias Filaxeos,3
2026-07-23T14:23:29Z,2026-07-23T17:28:05.531001+03:00,_1,466776237f30,E147 - Archiepiskopou Makariou III Ave,Agias Filaxeos,0
2026-07-23T14:23:29Z,2026-07-23T17:28:05.531001+03:00,_2,a4260c51b19c,Steliou Kyriakidi,,4
2026-07-23T14:23:29Z,2026-07-23T17:28:05.531001+03:00,_3,f5f94ff22484,Agias Filaxeos,E110,0
2026-07-23T14:23:29Z,2026-07-23T17:28:05.531001+03:00,_0,5605f34ad0da,E110,E147 - Archiepiskopou Makariou III Ave,0
2026-07-23T14:23:29Z,2026-07-23T17:28:05.531001+03:00,_1,676c339d8b55,Agias Filaxeos,E147 - Archiepiskopou Makariou III Ave,3
2026-07-23T14:23:29Z,2026-07-23T17:28:05.531001+03:00,_0,5c3d1eb2232b,,Nisou,0
2026-07-23T14:23:29Z,2026-07-23T17:28:05.531001+03:00,_1,3c46754bddbe,Nisou,Nisou,4
2026-07-23T14:23:29Z,2026-07-23T17:28:05.531001+03:00,_2,be9d4880883e,Nisou,Lemesou Ave,0
2026-07-23T14:23:29Z,2026-07-23T17:28:05.531001+03:00,_3,16a08779ce14,Strovolos,Lemesou Ave,3
2026-07-23T14:23:29Z,2026-07-23T17:28:05.531001+03:00,_4,726abfd22a60,A1,Evagorou Ave,0
2026-07-23T14:33:34Z,2026-07-23T17:38:10.537115+03:00,_0,a89f632a8881,Strovolos,Lemesou Ave,0
2026-07-23T14:33:34Z,2026-07-23T17:38:10.537115+03:00,_1,ff2249fa74b9,Strovolos,Lemesou Ave,3
2026-07-23T14:33:34Z,2026-07-23T17:38:10.537115+03:00,_2,002a54c51467,A1,Archiepiskopou Makariou III Ave,0
2026-07-23T14:33:34Z,2026-07-23T17:38:10.537115+03:00,_0,dd4be8784553,E147 - Archiepiskopou Makariou III Ave,Agias Filaxeos,0
2026-07-23T14:33:34Z,2026-07-23T17:38:10.537115+03:00,_1,1d598628b2d2,E147 - Archiepiskopou Makariou III Ave,Vasileos Georgiou II,2
2026-07-23T14:33:34Z,2026-07-23T17:38:10.537115+03:00,_2,3c822276d5cc,Agias Filaxeos,Agias Filaxeos,0
2026-07-23T14:33:34Z,2026-07-23T17:38:10.537115+03:00,_3,a4260c51b19c,Steliou Kyriakidi,,3
2026-07-23T14:33:34Z,2026-07-23T17:38:10.537115+03:00,_4,f780373a5188,Agias Filaxeos,E110 - Agias Fylaxeos,0
2026-07-23T14:33:34Z,2026-07-23T17:38:10.537115+03:00,_5,6841a02a1258,,E110 - 1 Apriliou,2
2026-07-23T14:33:34Z,2026-07-23T17:38:10.537115+03:00,_6,f99b72a378a5,E110 - Agias Fylaxeos,E110,0
2026-07-23T14:33:34Z,2026-07-23T17:38:10.537115+03:00,_0,5605f34ad0da,E110,E147 - Archiepiskopou Makariou III Ave,0
2026-07-23T14:33:34Z,2026-07-23T17:38:10.537115+03:00,_1,676c339d8b55,Agias Filaxeos,E147 - Archiepiskopou Makariou III Ave,3
2026-07-23T14:33:34Z,2026-07-23T17:38:10.537115+03:00,_0,5c3d1eb2232b,,Nisou,0
2026-07-23T14:33:34Z,2026-07-23T17:38:10.537115+03:00,_1,3c46754bddbe,Nisou,Nisou,4
2026-07-23T14:33:34Z,2026-07-23T17:38:10.537115+03:00,_2,d338a7a6bee5,Nisou,Lemesou Ave,0
2026-07-23T14:33:34Z,2026-07-23T17:38:10.537115+03:00,_3,ff2249fa74b9,Strovolos,Lemesou Ave,3
2026-07-23T14:33:34Z,2026-07-23T17:38:10.537115+03:00,_4,726abfd22a60,A1,Evagorou Ave,0
2026-07-23T14:33:34Z,2026-07-23T17:38:10.537115+03:00,_0,f318db9e6dda,Leoforos Strovolou,E902 - Proedrikou Megarou Ave,0
2026-07-23T14:33:34Z,2026-07-23T17:38:10.537115+03:00,_1,886b339bc694,Strovolou Ave,E902 - Proedrikou Megarou Ave,3
2026-07-23T14:33:34Z,2026-07-23T17:38:10.537115+03:00,_2,c6ac6530f2b9,Strovolou Ave,E902 - Proedrikou Megarou Ave,0
2026-07-23T14:39:54Z,2026-07-23T17:44:31.294868+03:00,_0,a89f632a8881,Strovolos,Lemesou Ave,0
2026-07-23T14:39:54Z,2026-07-23T17:44:31.294868+03:00,_1,ff2249fa74b9,Strovolos,Lemesou Ave,3
2026-07-23T14:39:54Z,2026-07-23T17:44:31.294868+03:00,_2,002a54c51467,A1,Archiepiskopou Makariou III Ave,0
2026-07-23T14:39:54Z,2026-07-23T17:44:31.294868+03:00,_0,dd4be8784553,E147 - Archiepiskopou Makariou III Ave,Agias Filaxeos,0
2026-07-23T14:39:54Z,2026-07-23T17:44:31.294868+03:00,_1,1d598628b2d2,E147 - Archiepiskopou Makariou III Ave,Vasileos Georgiou II,2
2026-07-23T14:39:54Z,2026-07-23T17:44:31.294868+03:00,_2,3c822276d5cc,Agias Filaxeos,Agias Filaxeos,0
2026-07-23T14:39:54Z,2026-07-23T17:44:31.294868+03:00,_3,a4260c51b19c,Steliou Kyriakidi,,3
2026-07-23T14:39:54Z,2026-07-23T17:44:31.294868+03:00,_4,f780373a5188,Agias Filaxeos,E110 - Agias Fylaxeos,0
2026-07-23T14:39:54Z,2026-07-23T17:44:31.294868+03:00,_5,6841a02a1258,,E110 - 1 Apriliou,2
2026-07-23T14:39:54Z,2026-07-23T17:44:31.294868+03:00,_6,f99b72a378a5,E110 - Agias Fylaxeos,E110,0
2026-07-23T14:39:54Z,2026-07-23T17:44:31.294868+03:00,_0,9d9c5ba3be2a,E110,E147 - Archiepiskopou Makariou III Ave,0
2026-07-23T14:39:54Z,2026-07-23T17:44:31.294868+03:00,_1,535964c57235,Agias Filaxeos,E147 - Archiepiskopou Makariou III Ave,4
2026-07-23T14:39:54Z,2026-07-23T17:44:31.294868+03:00,_0,5c3d1eb2232b,,Nisou,0
2026-07-23T14:39:54Z,2026-07-23T17:44:31.294868+03:00,_1,3c46754bddbe,Nisou,Nisou,4
2026-07-23T14:39:54Z,2026-07-23T17:44:31.294868+03:00,_2,d338a7a6bee5,Nisou,Lemesou Ave,0
2026-07-23T14:39:54Z,2026-07-23T17:44:31.294868+03:00,_3,ff2249fa74b9,Strovolos,Lemesou Ave,3
2026-07-23T14:39:54Z,2026-07-23T17:44:31.294868+03:00,_4,726abfd22a60,A1,Evagorou Ave,0
2026-07-23T14:57:47Z,2026-07-23T18:02:23.275995+03:00,_0,807a263ccec7,E147 - Archiepiskopou Makariou III Ave,Agias Filaxeos,0
2026-07-23T14:57:47Z,2026-07-23T18:02:23.275995+03:00,_1,a4260c51b19c,Steliou Kyriakidi,,4
2026-07-23T14:57:47Z,2026-07-23T18:02:23.275995+03:00,_2,f780373a5188,Agias Filaxeos,E110 - Agias Fylaxeos,0
2026-07-23T14:57:47Z,2026-07-23T18:02:23.275995+03:00,_3,6ae63264e88b,,E110 - 1 Apriliou,2
2026-07-23T14:57:47Z,2026-07-23T18:02:23.275995+03:00,_4,3f7ac877007c,E110 - Agias Fylaxeos,E110,0
2026-07-23T14:57:47Z,2026-07-23T18:02:23.275995+03:00,_0,6eb3033e950e,E110,E147 - Archiepiskopou Makariou III Ave,0
2026-07-23T14:57:47Z,2026-07-23T18:02:23.275995+03:00,_1,88697bca4b53,Agias Filaxeos,E147 - Archiepiskopou Makariou III Ave,4
2026-07-23T14:57:47Z,2026-07-23T18:02:23.275995+03:00,_0,2e51d966c5a2,,Agios Athanasios,0
2026-07-23T14:57:47Z,2026-07-23T18:02:23.275995+03:00,_1,69e2abb27a41,Agios Athanasios,Agios Athanasios,1
2026-07-23T14:57:47Z,2026-07-23T18:02:23.275995+03:00,_2,1a3cedc2a5f8,Germasogeia,Nisou,0
2026-07-23T14:57:47Z,2026-07-23T18:02:23.275995+03:00,_3,3c46754bddbe,Nisou,Nisou,4
2026-07-23T14:57:47Z,2026-07-23T18:02:23.275995+03:00,_4,5fc94a2a95f0,Nisou,E1302 - Nikis Ave,0
2026-07-23T14:57:47Z,2026-07-23T18:02:23.275995+03:00,_5,910016111853,B18 - Georgiou Griva Digeni Ave,B18 - Georgiou Griva Digeni Ave,3
2026-07-23T14:57:47Z,2026-07-23T18:02:23.275995+03:00,_6,bbf67e32aa17,B18 - Georgiou Griva Digeni Ave,Evagorou Ave,0
2026-07-23T14:57:47Z,2026-07-23T18:02:23.275995+03:00,_0,12364e237b9f,Episkopi,Agios Athanasios,0
2026-07-23T14:57:47Z,2026-07-23T18:02:23.275995+03:00,_1,69e2abb27a41,Agios Athanasios,Agios Athanasios,1
2026-07-23T14:57:47Z,2026-07-23T18:02:23.275995+03:00,_2,cafc026927d2,Germasogeia,Germasogeia,0
2026-07-23T15:15:39Z,2026-07-23T18:20:15.508589+03:00,_0,9e81f5db7a01,E147 - Archiepiskopou Makariou III Ave,Agias Filaxeos,3
2026-07-23T15:15:39Z,2026-07-23T18:20:15.508589+03:00,_1,e5045a381c31,E147 - Archiepiskopou Makariou III Ave,Agias Filaxeos,0
2026-07-23T15:15:39Z,2026-07-23T18:20:15.508589+03:00,_2,12a40599afd2,Agias Filaxeos,Agias Filaxeos,3
2026-07-23T15:15:39Z,2026-07-23T18:20:15.508589+03:00,_3,bbd3d4041441,Agias Filaxeos,Agias Filaxeos,0
2026-07-23T15:15:39Z,2026-07-23T18:20:15.508589+03:00,_4,a4260c51b19c,Steliou Kyriakidi,,4
2026-07-23T15:15:39Z,2026-07-23T18:20:15.508589+03:00,_5,c0517c09c155,Agias Filaxeos,E110 - 1 Apriliou,0
2026-07-23T15:15:39Z,2026-07-23T18:20:15.508589+03:00,_6,4bd1567dac8f,E110 - Agias Fylaxeos,E110 - 1 Apriliou,3
2026-07-23T15:15:39Z,2026-07-23T18:20:15.508589+03:00,_7,581c590ec00c,E110 - Agias Fylaxeos,E110,0
2026-07-23T15:15:39Z,2026-07-23T18:20:15.508589+03:00,_0,5c3d1eb2232b,,Nisou,0
2026-07-23T15:15:39Z,2026-07-23T18:20:15.508589+03:00,_1,3c46754bddbe,Nisou,Nisou,4
2026-07-23T15:15:39Z,2026-07-23T18:20:15.508589+03:00,_2,a53678aec47a,Nisou,Evagorou Ave,0
2026-07-23T15:44:27Z,2026-07-23T18:49:04.258251+03:00,_0,a1d8d306605f,E147 - Archiepiskopou Makariou III Ave,Steliou Kyriakidi,0
2026-07-23T15:44:27Z,2026-07-23T18:49:04.258251+03:00,_1,a80760be4702,Ivykou,Agias Filaxeos,3
2026-07-23T15:44:27Z,2026-07-23T18:49:04.258251+03:00,_2,a4260c51b19c,Steliou Kyriakidi,,4
2026-07-23T15:44:27Z,2026-07-23T18:49:04.258251+03:00,_3,f780373a5188,Agias Filaxeos,E110 - Agias Fylaxeos,0
2026-07-23T15:44:27Z,2026-07-23T18:49:04.258251+03:00,_4,6841a02a1258,,E110 - 1 Apriliou,3
2026-07-23T15:44:27Z,2026-07-23T18:49:04.258251+03:00,_5,ea9f82118c36,E110 - Agias Fylaxeos,E110 - 1 Apriliou,4
2026-07-23T15:44:27Z,2026-07-23T18:49:04.258251+03:00,_6,83ed367abdbb,E110 - Agias Fylaxeos,E110,0
2026-07-23T15:44:27Z,2026-07-23T18:49:04.258251+03:00,_0,a89f632a8881,Strovolos,Lemesou Ave,0
2026-07-23T15:44:27Z,2026-07-23T18:49:04.258251+03:00,_1,ff2249fa74b9,Strovolos,Lemesou Ave,4
2026-07-23T15:44:27Z,2026-07-23T18:49:04.258251+03:00,_2,002a54c51467,A1,Archiepiskopou Makariou III Ave,0
2026-07-23T15:44:27Z,2026-07-23T18:49:04.258251+03:00,_0,43286710d8e6,E110,E110 - 1 Apriliou,0
2026-07-23T15:44:27Z,2026-07-23T18:49:04.258251+03:00,_1,e81616084b2f,E110 - 1 Apriliou,E110 - Agias Fylaxeos,2
2026-07-23T15:44:27Z,2026-07-23T18:49:04.258251+03:00,_2,af3e33fd449b,E110 - 1 Apriliou,E147 - Archiepiskopou Makariou III Ave,0
2026-07-23T15:44:27Z,2026-07-23T18:49:04.258251+03:00,_3,afcda84a293b,Agias Filaxeos,E147 - Archiepiskopou Makariou III Ave,3
2026-07-23T15:44:27Z,2026-07-23T18:49:04.258251+03:00,_0,5c3d1eb2232b,,Nisou,0
2026-07-23T15:44:27Z,2026-07-23T18:49:04.258251+03:00,_1,3c46754bddbe,Nisou,Nisou,4
2026-07-23T15:44:27Z,2026-07-23T18:49:04.258251+03:00,_2,d338a7a6bee5,Nisou,Lemesou Ave,0
2026-07-23T15:44:27Z,2026-07-23T18:49:04.258251+03:00,_3,ff2249fa74b9,Strovolos,Lemesou Ave,4
2026-07-23T15:44:27Z,2026-07-23T18:49:04.258251+03:00,_4,726abfd22a60,A1,Evagorou Ave,0
2026-07-23T15:54:53Z,2026-07-23T18:59:29.385978+03:00,_0,9e81f5db7a01,E147 - Archiepiskopou Makariou III Ave,Agias Filaxeos,3
2026-07-23T15:54:53Z,2026-07-23T18:59:29.385978+03:00,_1,64924a11eafd,Agias Filaxeos,Agias Filaxeos,0
2026-07-23T15:54:53Z,2026-07-23T18:59:29.385978+03:00,_2,673e68439f67,E147 - Archiepiskopou Makariou III Ave,Vasileos Georgiou II,2
2026-07-23T15:54:53Z,2026-07-23T18:59:29.385978+03:00,_3,ec5eee792e7a,Agias Filaxeos,Steliou Kyriakidi,0
2026-07-23T15:54:53Z,2026-07-23T18:59:29.385978+03:00,_4,fbdd0e351f56,Ivykou,,4
2026-07-23T15:54:53Z,2026-07-23T18:59:29.385978+03:00,_5,f780373a5188,Agias Filaxeos,E110 - Agias Fylaxeos,0
2026-07-23T15:54:53Z,2026-07-23T18:59:29.385978+03:00,_6,6841a02a1258,,E110 - 1 Apriliou,3
2026-07-23T15:54:53Z,2026-07-23T18:59:29.385978+03:00,_7,9fa3ba27c775,E110 - Agias Fylaxeos,E110 - 1 Apriliou,2
2026-07-23T15:54:53Z,2026-07-23T18:59:29.385978+03:00,_8,4acaef97cfb7,E110 - 1 Apriliou,E110,0
2026-07-23T15:54:53Z,2026-07-23T18:59:29.385978+03:00,_0,acb430b8e822,Strovolos,Archiepiskopou Makariou III Ave,0
2026-07-23T15:54:53Z,2026-07-23T18:59:29.385978+03:00,_1,394713f228bd,Lemesou Ave,Lemesou Ave,2
2026-07-23T15:54:53Z,2026-07-23T18:59:29.385978+03:00,_0,5c3d1eb2232b,,Nisou,0
2026-07-23T15:54:53Z,2026-07-23T18:59:29.385978+03:00,_1,3c46754bddbe,Nisou,Nisou,4
2026-07-23T15:54:53Z,2026-07-23T18:59:29.385978+03:00,_2,687b3bc647ee,Nisou,Archiepiskopou Makariou III Ave,0
2026-07-23T15:54:53Z,2026-07-23T18:59:29.385978+03:00,_3,6efde239cabf,Lemesou Ave,Archiepiskopou Makariou III Ave,2
2026-07-23T15:54:53Z,2026-07-23T18:59:29.385978+03:00,_4,f7f1e6fbecb6,Lemesou Ave,Evagorou Ave,0
2026-07-23T16:05:18Z,2026-07-23T19:09:54.463810+03:00,_0,21112a4dd623,E147 - Archiepiskopou Makariou III Ave,Agias Filaxeos,3
2026-07-23T16:05:18Z,2026-07-23T19:09:54.463810+03:00,_1,7aace9d453f4,E147 - Archiepiskopou Makariou III Ave,Agias Filaxeos,0
2026-07-23T16:05:18Z,2026-07-23T19:09:54.463810+03:00,_2,a4260c51b19c,Steliou Kyriakidi,,4
2026-07-23T16:05:18Z,2026-07-23T19:09:54.463810+03:00,_3,e863e9cd4881,Agias Filaxeos,E110 - Agias Fylaxeos,0
2026-07-23T16:05:18Z,2026-07-23T19:09:54.463810+03:00,_4,b12402f32100,E110 - Agias Fylaxeos,E110 - 1 Apriliou,1
2026-07-23T16:05:18Z,2026-07-23T19:09:54.463810+03:00,_5,9fa3ba27c775,E110 - Agias Fylaxeos,E110 - 1 Apriliou,2
2026-07-23T16:05:18Z,2026-07-23T19:09:54.463810+03:00,_6,4acaef97cfb7,E110 - 1 Apriliou,E110,0
2026-07-23T16:05:18Z,2026-07-23T19:09:54.463810+03:00,_0,acb430b8e822,Strovolos,Archiepiskopou Makariou III Ave,0
2026-07-23T16:05:18Z,2026-07-23T19:09:54.463810+03:00,_1,394713f228bd,Lemesou Ave,Lemesou Ave,3
2026-07-23T16:05:18Z,2026-07-23T19:09:54.463810+03:00,_0,5c3d1eb2232b,,Nisou,0
2026-07-23T16:05:18Z,2026-07-23T19:09:54.463810+03:00,_1,3c46754bddbe,Nisou,Nisou,4
2026-07-23T16:05:18Z,2026-07-23T19:09:54.463810+03:00,_2,687b3bc647ee,Nisou,Archiepiskopou Makariou III Ave,0
2026-07-23T16:05:18Z,2026-07-23T19:09:54.463810+03:00,_3,6efde239cabf,Lemesou Ave,Archiepiskopou Makariou III Ave,3
2026-07-23T16:05:18Z,2026-07-23T19:09:54.463810+03:00,_4,f7f1e6fbecb6,Lemesou Ave,Evagorou Ave,0
2026-07-23T16:15:44Z,2026-07-23T19:20:21.004604+03:00,_0,807a263ccec7,E147 - Archiepiskopou Makariou III Ave,Agias Filaxeos,0
2026-07-23T16:15:44Z,2026-07-23T19:20:21.004604+03:00,_1,a4260c51b19c,Steliou Kyriakidi,,4
2026-07-23T16:15:44Z,2026-07-23T19:20:21.004604+03:00,_2,f5f94ff22484,Agias Filaxeos,E110,0
2026-07-23T16:15:44Z,2026-07-23T19:20:21.004604+03:00,_0,5c3d1eb2232b,,Nisou,0
2026-07-23T16:15:44Z,2026-07-23T19:20:21.004604+03:00,_1,3c46754bddbe,Nisou,Nisou,4
2026-07-23T16:15:44Z,2026-07-23T19:20:21.004604+03:00,_2,a53678aec47a,Nisou,Evagorou Ave,0
2026-07-23T16:25:48Z,2026-07-23T19:30:25.112505+03:00,_0,807a263ccec7,E147 - Archiepiskopou Makariou III Ave,Agias Filaxeos,0
2026-07-23T16:25:48Z,2026-07-23T19:30:25.112505+03:00,_1,a4260c51b19c,Steliou Kyriakidi,,3
2026-07-23T16:25:48Z,2026-07-23T19:30:25.112505+03:00,_2,f5f94ff22484,Agias Filaxeos,E110,0
2026-07-23T16:25:48Z,2026-07-23T19:30:25.112505+03:00,_0,5c3d1eb2232b,,Nisou,0
2026-07-23T16:25:48Z,2026-07-23T19:30:25.112505+03:00,_1,3c46754bddbe,Nisou,Nisou,4
2026-07-23T16:25:48Z,2026-07-23T19:30:25.112505+03:00,_2,a53678aec47a,Nisou,Evagorou Ave,0
2026-07-23T16:35:52Z,2026-07-23T19:40:29.248265+03:00,_0,a89f632a8881,Strovolos,Lemesou Ave,0
2026-07-23T16:35:52Z,2026-07-23T19:40:29.248265+03:00,_1,64039a076bda,Strovolos,Lemesou Ave,3
2026-07-23T16:35:52Z,2026-07-23T19:40:29.248265+03:00,_2,7792802c8552,Aglantzia,Archiepiskopou Makariou III Ave,0
2026-07-23T16:35:52Z,2026-07-23T19:40:29.248265+03:00,_0,5c3d1eb2232b,,Nisou,0
2026-07-23T16:35:52Z,2026-07-23T19:40:29.248265+03:00,_1,3c46754bddbe,Nisou,Nisou,4
2026-07-23T16:35:52Z,2026-07-23T19:40:29.248265+03:00,_2,d338a7a6bee5,Nisou,Lemesou Ave,0
2026-07-23T16:35:52Z,2026-07-23T19:40:29.248265+03:00,_3,64039a076bda,Strovolos,Lemesou Ave,3
2026-07-23T16:35:52Z,2026-07-23T19:40:29.248265+03:00,_4,aea2144af660,Aglantzia,Evagorou Ave,0
2026-07-23T16:45:59Z,2026-07-23T19:50:35.615959+03:00,_0,fe72ea2b224f,Strovolos,Lemesou Ave,0
2026-07-23T16:45:59Z,2026-07-23T19:50:35.615959+03:00,_1,1c3025f6d361,Strovolos,Lemesou Ave,3
2026-07-23T16:45:59Z,2026-07-23T19:50:35.615959+03:00,_2,7792802c8552,Aglantzia,Archiepiskopou Makariou III Ave,0
2026-07-23T16:45:59Z,2026-07-23T19:50:35.615959+03:00,_0,5c3d1eb2232b,,Nisou,0
2026-07-23T16:45:59Z,2026-07-23T19:50:35.615959+03:00,_1,3c46754bddbe,Nisou,Nisou,4
2026-07-23T16:45:59Z,2026-07-23T19:50:35.615959+03:00,_2,be9d4880883e,Nisou,Lemesou Ave,0
2026-07-23T16:45:59Z,2026-07-23T19:50:35.615959+03:00,_3,1c3025f6d361,Strovolos,Lemesou Ave,3
2026-07-23T16:45:59Z,2026-07-23T19:50:35.615959+03:00,_4,aea2144af660,Aglantzia,Evagorou Ave,0
2026-07-23T16:56:03Z,2026-07-23T20:00:39.936585+03:00,_0,fe72ea2b224f,Strovolos,Lemesou Ave,0
2026-07-23T16:56:03Z,2026-07-23T20:00:39.936585+03:00,_1,1c3025f6d361,Strovolos,Lemesou Ave,3
2026-07-23T16:56:03Z,2026-07-23T20:00:39.936585+03:00,_2,7792802c8552,Aglantzia,Archiepiskopou Makariou III Ave,0
2026-07-23T16:56:03Z,2026-07-23T20:00:39.936585+03:00,_0,5c3d1eb2232b,,Nisou,0
2026-07-23T16:56:03Z,2026-07-23T20:00:39.936585+03:00,_1,3c46754bddbe,Nisou,Nisou,3
2026-07-23T16:56:03Z,2026-07-23T20:00:39.936585+03:00,_2,be9d4880883e,Nisou,Lemesou Ave,0
2026-07-23T16:56:03Z,2026-07-23T20:00:39.936585+03:00,_3,1c3025f6d361,Strovolos,Lemesou Ave,3
2026-07-23T16:56:03Z,2026-07-23T20:00:39.936585+03:00,_4,aea2144af660,Aglantzia,Evagorou Ave,0
