first_seen_utc,alert_id,type,subtype,street,report_time,wkt
2026-07-17T10:51:59Z,2b06f02e-5b25-4a66-8ec6-179c1d5c9689,ROAD_CLOSED,,Pavlou Mela,2026-05-22 01:15:04,POINT(33.045635 34.678840)
2026-07-17T10:51:59Z,11b6bd15-2dfc-448a-823e-22f67781b547,ROAD_CLOSED,,,2026-05-11 19:01:20,POINT(32.409569 34.787656)
2026-07-17T10:51:59Z,fe33ffb5-a3c8-4365-b62b-250fb6d296aa,ROAD_CLOSED,,,2026-05-11 19:01:20,POINT(32.410497 34.787762)
2026-07-17T10:51:59Z,cc9526a6-871c-40cc-b1c1-17edc14906f1,HAZARD,HAZARD_ON_ROAD_POT_HOLE,,2026-07-08 20:09:49,POINT(32.944204 34.731811)
2026-07-17T10:51:59Z,6a670ce0-5255-4771-bf34-27627058df93,HAZARD,HAZARD_ON_ROAD_POT_HOLE,Kalavryton,2026-07-17 10:22:49,POINT(33.004294 34.677585)
2026-07-17T10:51:59Z,1ca73c89-b223-4bcd-8b8e-3271aa04a81b,ROAD_CLOSED,,,2026-07-17 13:13:42,POINT(32.448753 34.785753)
2026-07-17T10:51:59Z,f17434f7-44ec-4057-9486-cf3fab72091e,HAZARD,HAZARD_ON_ROAD_POT_HOLE,Panikou Papaioannou,2026-07-15 12:44:33,POINT(32.928106 34.689118)
2026-07-17T10:51:59Z,43890d07-83c5-4cd7-b9ac-c949af39e0b0,JAM,,Vasileiou Alexandrou,2026-07-17 13:27:22,POINT(33.044849 34.701056)
2026-07-17T10:51:59Z,dad0073b-3989-4ffc-959a-ed09fbdd5db1,HAZARD,HAZARD_ON_ROAD_POT_HOLE,,2026-07-17 10:13:04,POINT(32.998477 34.603619)
2026-07-17T10:51:59Z,d0acba0d-7f3e-4f1e-ac59-0d29eb65bffb,HAZARD,HAZARD_ON_ROAD_POT_HOLE,,2026-07-11 14:09:08,POINT(32.953670 34.602182)
2026-07-17T10:51:59Z,300197ba-59ea-4024-96d6-0e33f08975d4,HAZARD,HAZARD_ON_ROAD_POT_HOLE,,2026-07-08 18:17:52,POINT(32.442647 34.838747)
2026-07-17T10:51:59Z,b83eb6e1-2bad-4641-ae88-70ec901382e0,ROAD_CLOSED,,Pindou,2026-05-31 17:39:37,POINT(33.069567 34.701862)
2026-07-17T10:51:59Z,6f5b3e62-ee0f-41dd-956d-c8ece037a05a,HAZARD,HAZARD_ON_ROAD_POT_HOLE,,2026-07-11 07:59:05,POINT(33.303668 34.736511)
2026-07-17T10:51:59Z,90d25cd9-49bb-4f8c-bd40-e3ca9a5995ad,HAZARD,HAZARD_ON_ROAD_POT_HOLE,,2026-06-30 12:18:27,POINT(33.302981 34.736895)
2026-07-17T10:51:59Z,486783dc-34ac-4dc5-ad57-91399013a0ac,ROAD_CLOSED,,Pindou,2026-05-31 17:39:37,POINT(33.069502 34.702689)
2026-07-17T10:51:59Z,1a394153-04f3-463d-b691-7e604abe2d69,HAZARD,HAZARD_ON_ROAD_POT_HOLE,,2026-07-16 10:48:43,POINT(33.107366 34.726586)
2026-07-17T10:51:59Z,f5c9b74e-3d8f-4221-bdba-2b103ef9acab,HAZARD,HAZARD_ON_ROAD_POT_HOLE,,2026-07-13 06:33:49,POINT(33.337593 34.897046)
2026-07-17T10:51:59Z,81a3fd96-db22-45db-b0ca-1283e0804b5e,HAZARD,HAZARD_ON_ROAD_POT_HOLE,,2026-07-13 06:34:21,POINT(33.337034 34.899602)
2026-07-17T10:51:59Z,a194726d-3007-43de-bb65-4441b46afaf4,HAZARD,HAZARD_ON_ROAD_POT_HOLE,,2026-07-12 12:42:45,POINT(33.121831 35.083040)
2026-07-17T10:51:59Z,e7891ec4-8f94-4107-a623-3a68432d00b8,HAZARD,HAZARD_ON_ROAD_POT_HOLE,Anexartisias Ave,2026-07-15 01:58:49,POINT(33.390869 35.014753)
2026-07-17T10:51:59Z,6a655219-472a-4381-a7f8-44a3c24b83f2,ROAD_CLOSED,,,2026-05-28 16:04:19,POINT(33.241227 35.079207)
2026-07-17T10:51:59Z,ebaeb451-36a6-45af-bcf0-2eb18a8d1845,ROAD_CLOSED,,,2026-05-28 16:04:19,POINT(33.238921 35.079653)
2026-07-17T10:51:59Z,df62ab1e-b40c-4cc7-bf6b-f7cb4824bccf,HAZARD,HAZARD_ON_ROAD_POT_HOLE,Kosta Kallika,2026-07-16 09:24:36,POINT(33.393932 35.110793)
2026-07-17T10:51:59Z,fd4b7ccc-6201-4d86-92f7-8ddc8c27caa0,HAZARD,HAZARD_ON_ROAD_POT_HOLE,Kosta Kallika,2026-07-16 09:24:47,POINT(33.393915 35.111136)
2026-07-17T10:51:59Z,7bd62418-a360-43f8-87cc-748d61b650fa,HAZARD,HAZARD_ON_ROAD_POT_HOLE,Kosta Kallika,2026-07-16 09:24:12,POINT(33.393583 35.110209)
2026-07-17T10:51:59Z,329b08f7-c009-489b-8b47-4efa003d7bf3,ROAD_CLOSED,,Loui Loizou,2026-05-05 00:25:18,POINT(33.397974 35.120325)
2026-07-17T10:51:59Z,eb2bd679-1aae-4bbd-90f8-cf0e04452201,ROAD_CLOSED,,Loui Loizou,2026-05-05 00:25:18,POINT(33.397956 35.120709)
2026-07-17T10:51:59Z,657918b0-739f-4c91-9ef2-a699f6acadf6,ROAD_CLOSED,,Charalampou Pettemeridi,2026-04-24 21:04:03,POINT(33.341800 35.139725)
2026-07-17T10:51:59Z,01dfd3e2-d21f-4a1a-b2ed-08898b908507,ROAD_CLOSED,,Viantos,2026-07-09 16:29:59,POINT(33.341131 35.139386)
2026-07-17T10:51:59Z,5b01f728-8948-48a0-b791-13caf0556d0f,ROAD_CLOSED,,Charalampou Pettemeridi,2026-04-24 21:04:03,POINT(33.340767 35.140047)
2026-07-17T10:51:59Z,c6a847b7-14f2-49fd-893c-2141c58ed5bb,HAZARD,HAZARD_ON_ROAD_POT_HOLE,Christoforou Kai,2026-07-17 07:45:17,POINT(33.392350 35.113178)
2026-07-17T10:51:59Z,591ac8e4-8c8d-4410-bb5b-f431860b2bea,ROAD_CLOSED,,Agias Marinas,2026-05-14 17:18:11,POINT(33.341420 35.147789)
2026-07-17T10:51:59Z,c703ae2e-e5e7-476a-b54d-eff60a0986cb,ROAD_CLOSED,,Nikis,2026-06-07 00:49:56,POINT(33.339312 35.129306)
2026-07-17T10:51:59Z,33713f34-9a67-47ea-bda7-8fe0b1efeb12,ROAD_CLOSED,,Rodopis,2026-04-24 21:03:41,POINT(33.341390 35.141007)
2026-07-17T10:51:59Z,611be575-064a-4fb3-a5b3-219b00de7d44,HAZARD,HAZARD_ON_ROAD_POT_HOLE,Dimitri Aiginiti,2026-07-16 10:43:35,POINT(33.377421 35.122873)
2026-07-17T10:51:59Z,67ca0f0c-dd26-40eb-97f4-02abe0e9409b,ROAD_CLOSED,,Agias Marinas,2026-05-14 17:18:11,POINT(33.345497 35.147272)
2026-07-17T10:51:59Z,e2b44ce7-cd1c-4b57-991b-a41052bc4dbc,ROAD_CLOSED,,Nikis,2026-06-07 00:49:56,POINT(33.338427 35.129514)
2026-07-17T10:51:59Z,d6922bb2-524d-459b-b039-48587ff71cd3,HAZARD,HAZARD_ON_ROAD_POT_HOLE,Charalampou Mouskou,2026-07-17 13:21:26,POINT(33.379638 35.108691)
2026-07-17T10:51:59Z,c028c1fd-4be3-4fcb-9fa8-fa5a3031ce77,HAZARD,HAZARD_ON_SHOULDER_CAR_STOPPED,Ikarou,2026-07-17 13:22:38,POINT(33.379922 35.105011)
2026-07-17T10:51:59Z,bebb125c-f6e3-4631-9e2d-466d43e87322,HAZARD,HAZARD_ON_ROAD_POT_HOLE,Themistokleous,2026-07-16 16:58:08,POINT(33.325245 35.108370)
2026-07-17T10:51:59Z,c3d91b2a-00c1-4c2a-a404-ffc3ae84a064,HAZARD,HAZARD_ON_ROAD_POT_HOLE,Diogenous,2026-07-16 17:17:15,POINT(33.277909 35.076481)
2026-07-17T10:51:59Z,21754a7c-7428-436e-9956-3d05fa7994cc,ROAD_CLOSED,,Stadiou,2026-06-18 12:00:18,POINT(33.588458 34.875333)
2026-07-17T10:51:59Z,f136e88c-3463-4856-ba48-f874b5cf044b,ROAD_CLOSED,,,2026-06-08 14:27:59,POINT(33.598931 34.864550)
2026-07-17T10:51:59Z,9c1e40a8-84b1-40fc-b1ff-db0323049b31,ROAD_CLOSED,,Nikolaou Skoufa,2026-06-11 12:00:19,POINT(33.582833 34.868883)
2026-07-17T10:51:59Z,9514cfda-75fa-4759-8a1f-8a9eecfd15fa,ROAD_CLOSED,,Georgiou Seferi Ave,2026-06-08 13:34:46,POINT(33.568987 34.824003)
2026-07-17T10:51:59Z,36a9db3c-0f82-4856-8e42-cfd0b5d0cedb,ROAD_CLOSED,,,2026-06-16 08:59:46,POINT(33.574766 34.822551)
2026-07-17T10:51:59Z,00c5af13-87c7-454b-9fa9-65328fa13c63,HAZARD,HAZARD_ON_ROAD_POT_HOLE,Archangelou Michail,2026-06-27 13:23:48,POINT(33.480066 34.942837)
2026-07-17T10:51:59Z,f3a57440-1f25-40bc-ab8c-b4374218ae26,ROAD_CLOSED,,Georgiou Seferi Ave,2026-06-08 13:34:46,POINT(33.568494 34.823717)
2026-07-17T10:51:59Z,afe031f6-a86e-41e1-a5b6-da7d46e13b94,ROAD_CLOSED,,Eleousis,2026-06-11 12:00:20,POINT(33.582464 34.869058)
2026-07-17T10:51:59Z,e6a34380-2fc8-4c9d-b278-d013df4e790c,ROAD_CLOSED,,,2026-06-16 08:59:46,POINT(33.573900 34.823727)
2026-07-17T10:51:59Z,f69134ff-4290-4e55-be36-842f8d87926a,ROAD_CLOSED,,,2026-06-30 07:30:25,POINT(33.565938 34.823788)
2026-07-17T10:51:59Z,8ff940af-5026-4a8b-b2e5-6b338ccfa22c,ROAD_CLOSED,,,2026-06-30 07:30:25,POINT(33.567115 34.823800)
2026-07-17T10:51:59Z,d3b60fdd-551d-4cf0-b411-2b760a06b263,ROAD_CLOSED,,Nikolaou Skoufa,2026-06-11 12:00:16,POINT(33.582512 34.868460)
2026-07-17T10:51:59Z,6ded5377-ee00-464d-ad3e-42fa7e26099b,ROAD_CLOSED,,,2026-06-08 14:27:59,POINT(33.599845 34.863707)
2026-07-17T10:51:59Z,ac6f0055-dcc6-4a07-88f2-801162bd95cc,ROAD_CLOSED,,,2026-06-30 07:30:25,POINT(33.566673 34.824232)
2026-07-17T10:51:59Z,1f8c8c4a-f04a-4bac-adc2-149f8d2956db,ROAD_CLOSED,,Eleousis,2026-06-11 12:00:14,POINT(33.584025 34.868291)
2026-07-17T10:51:59Z,8743761b-f429-48c7-a4f9-3a5563e0f7ad,ROAD_CLOSED,,Eleousis,2026-06-11 12:00:18,POINT(33.582833 34.868883)
2026-07-17T10:51:59Z,09ee82be-1687-4e54-b5e1-d018587649ca,ROAD_CLOSED,,Georgiou Seferi Ave,2026-06-08 13:34:46,POINT(33.567754 34.823197)
2026-07-17T10:51:59Z,61c0dfaa-8654-4f9b-82bf-791d3f456443,ROAD_CLOSED,,Galaxia,2026-07-17 13:21:13,POINT(33.666821 34.967595)
2026-07-17T10:51:59Z,20579405-6abd-4517-8ae5-6b23856019a4,HAZARD,HAZARD_ON_ROAD_LANE_CLOSED,,2026-07-17 13:37:14,POINT(33.610869 34.928336)
2026-07-17T10:51:59Z,3ad31f84-055b-4383-8015-31179704b3da,ROAD_CLOSED,,,2026-06-08 14:27:59,POINT(33.598931 34.864550)
2026-07-17T10:51:59Z,36fa9c06-c46b-4794-ac75-46977f01bae7,ROAD_CLOSED,,Georgiou Seferi Ave,2026-06-08 13:34:46,POINT(33.567754 34.823197)
2026-07-17T10:51:59Z,7ac7d73c-7814-4259-8196-7655f1280786,ROAD_CLOSED,,Georgiou Seferi Ave,2026-06-08 13:34:46,POINT(33.568494 34.823717)
2026-07-17T10:51:59Z,e9786677-5e2e-40aa-847e-4fde24cf3d07,ROAD_CLOSED,,Georgiou Seferi Ave,2026-06-08 13:34:46,POINT(33.562934 34.822270)
2026-07-17T10:51:59Z,e99ce5fe-1dff-49fe-a0b9-44a85ba785cb,ROAD_CLOSED,,,2026-06-30 07:30:25,POINT(33.567019 34.824582)
2026-07-17T10:51:59Z,cb2e43a2-e1fe-4b3b-8928-adfcdd2cb367,ROAD_CLOSED,,Eleousis,2026-06-11 12:00:19,POINT(33.582833 34.868883)
2026-07-17T10:51:59Z,b2474348-eae2-4374-9095-ddcf6e698433,ROAD_CLOSED,,Stadiou,2026-06-18 12:00:19,POINT(33.588763 34.876576)
2026-07-17T10:51:59Z,d66c90c0-c3da-4e22-bac8-0a4bc4d35e83,ROAD_CLOSED,,,2026-06-16 09:08:40,POINT(33.583370 34.822181)
2026-07-17T10:51:59Z,86024a5e-5f65-4032-ba40-f65952939141,ROAD_CLOSED,,Evanthias Pieridou,2026-02-18 13:19:12,POINT(33.637957 34.913999)
2026-07-17T10:51:59Z,d1be3a0f-062e-49b4-91ed-5e37ff567994,ROAD_CLOSED,,,2026-06-16 09:08:40,POINT(33.583086 34.822524)
2026-07-17T10:51:59Z,b61a2a97-9327-4791-979c-a8d3dc5f165e,ROAD_CLOSED,,,2026-06-30 07:30:25,POINT(33.566673 34.824232)
2026-07-17T10:51:59Z,83022502-5783-4431-ab91-8bc63490cfa6,ROAD_CLOSED,,,2026-06-30 07:30:25,POINT(33.566673 34.824232)
2026-07-17T10:51:59Z,9cac646f-bdeb-4ac3-8e8e-9be0335d2874,ROAD_CLOSED,,,2026-06-08 14:27:59,POINT(33.598318 34.865115)
2026-07-17T10:51:59Z,65f1ed09-0ae8-4466-bfd7-d266506d07b5,HAZARD,HAZARD_ON_ROAD_POT_HOLE,Kato Varosion,2026-07-17 11:32:18,POINT(33.609628 34.933815)
2026-07-17T10:51:59Z,5966257f-3dfd-4fb2-958f-064488826cf6,HAZARD,HAZARD_ON_ROAD_POT_HOLE,,2026-07-11 15:54:28,POINT(33.401963 35.103768)
2026-07-17T10:51:59Z,b4351a68-6c19-4b7d-aa7f-3b5dae18ed2d,ROAD_CLOSED,,Kalavryton,2026-04-23 01:56:21,POINT(33.366130 35.163306)
2026-07-17T10:51:59Z,1ee8ef7f-76f0-42b1-a85f-ccfa5ea9fd12,ROAD_CLOSED,,Naxou,2026-05-26 20:00:19,POINT(33.366755 35.163174)
2026-07-17T10:51:59Z,6d67dcb1-db9c-494d-91ad-3a45c0c3191b,ROAD_CLOSED,,Orfeos,2026-05-20 22:57:28,POINT(33.366875 35.162235)
2026-07-17T10:51:59Z,8ecdd53e-5e9e-4d3c-98ac-94b3d0d004a3,ROAD_CLOSED,,Kalavryton,2026-04-23 13:22:34,POINT(33.365973 35.163010)
2026-07-17T10:51:59Z,5156a8cd-4a8f-474a-8d9d-a90fe18105f0,ROAD_CLOSED,,Georgiou Dimitrof,2026-05-14 18:35:39,POINT(33.397938 35.165138)
2026-07-17T10:51:59Z,38c8b3e2-ede8-49a5-bc86-4449dd4c33b5,HAZARD,HAZARD_ON_ROAD_POT_HOLE,,2026-07-07 12:18:24,POINT(33.371494 35.184987)
2026-07-17T10:51:59Z,13ab6a4a-7fbd-4337-a8ee-41695043df73,ROAD_CLOSED,,Naxou,2026-04-23 01:56:21,POINT(33.367747 35.165195)
2026-07-17T10:51:59Z,35c3527c-584d-473e-89f9-db85e0cdd79e,ROAD_CLOSED,,Orfeos,2026-04-23 01:56:22,POINT(33.367669 35.163665)
2026-07-17T10:51:59Z,08a90b48-871c-4d4f-a2e9-be5632d1f877,ROAD_CLOSED,,Vasileos Tefkrou,2026-07-02 13:15:51,POINT(33.340932 35.168980)
2026-07-17T10:51:59Z,586fcce5-87f3-4679-900b-c0c88608a37a,HAZARD,HAZARD_ON_ROAD_POT_HOLE,,2026-07-10 20:53:49,POINT(33.374533 35.211127)
2026-07-17T10:51:59Z,451afb58-3d9e-468c-a50a-50d1b442fec8,ROAD_CLOSED,,Naxou,2026-05-26 20:00:17,POINT(33.366573 35.162843)
2026-07-17T10:51:59Z,666bfdee-574c-4ed3-9382-ffa22f6444af,ROAD_CLOSED,,Voulgari,2026-04-23 01:56:22,POINT(33.366130 35.163306)
2026-07-17T10:51:59Z,b80b55ac-34f4-4f52-9317-8b126bf26dec,ROAD_CLOSED,,Vasileos Tefkrou,2026-07-02 13:15:51,POINT(33.341250 35.169902)
2026-07-17T10:51:59Z,bba29513-e356-4759-b013-4ce79e0273a4,HAZARD,HAZARD_ON_ROAD_POT_HOLE,,2026-07-07 12:57:56,POINT(33.723963 35.260932)
2026-07-17T10:51:59Z,e0f55316-30cc-49e4-aefa-28c1910d7e45,ROAD_CLOSED,,Georgiou Dimitrof,2026-05-14 18:35:39,POINT(33.398789 35.165236)
2026-07-17T10:51:59Z,5d69d1b7-bacb-4bc9-bea2-9b4898edcb94,ROAD_CLOSED,,Kritis,2026-06-29 16:31:06,POINT(33.364675 35.165825)
2026-07-17T10:51:59Z,9df5221f-8506-4213-84dd-ebb6d3424706,HAZARD,HAZARD_ON_ROAD_POT_HOLE,Hüseyin Ali Arabacı Sk,2026-07-03 11:41:23,POINT(33.351644 35.197026)
2026-07-17T10:51:59Z,9f267fce-d090-4db2-9163-17b7738ebb73,HAZARD,HAZARD_ON_ROAD,Vasileos Pavlou,2026-07-17 13:51:57,POINT(33.382750 35.171428)
2026-07-17T10:51:59Z,2d711119-0c4c-432c-b264-63e428ec3d46,ROAD_CLOSED,,Kritis,2026-06-29 16:31:06,POINT(33.364196 35.164572)
2026-07-17T10:51:59Z,c865895b-490f-4643-9f26-3656af81a122,ROAD_CLOSED,,Kalavryton,2026-05-26 15:04:40,POINT(33.366130 35.163306)
2026-07-17T10:51:59Z,4725e867-ff51-41d7-b696-a3c7ee8544f5,ROAD_CLOSED,,Kalavryton,2026-04-23 01:56:21,POINT(33.365973 35.163010)
2026-07-17T10:51:59Z,3720f829-4886-4a44-a005-30fd8c70f677,ROAD_CLOSED,,Kalavryton,2026-04-23 13:22:34,POINT(33.365756 35.162657)
2026-07-17T10:51:59Z,66dfe11c-f020-49a4-b458-7a13c726d8af,ROAD_CLOSED,,Naxou,2026-05-26 20:00:12,POINT(33.366247 35.162329)
2026-07-17T10:51:59Z,1d7ae057-9403-400d-ab6a-85d793be2f78,ROAD_CLOSED,,Orfeos,2026-05-20 22:59:31,POINT(33.367669 35.163665)
2026-07-17T10:51:59Z,a6c9e2e2-89f6-410f-90a3-28b2386dea08,ROAD_CLOSED,,Kalavryton,2026-05-26 15:04:40,POINT(33.366585 35.164162)
2026-07-17T10:51:59Z,45715749-3d7e-4115-8936-cbcf7e7a5dc4,ROAD_CLOSED,,Thermopylon,2026-06-09 23:48:16,POINT(33.363828 35.170225)
2026-07-17T10:51:59Z,02a588a8-8354-4197-a9cb-2f3000837667,HAZARD,HAZARD_ON_ROAD_POT_HOLE,Tanzimat Sk,2026-06-29 14:50:15,POINT(33.358058 35.179454)
2026-07-17T10:51:59Z,1a9a1012-8231-462c-b5b0-328ad38b9b59,HAZARD,HAZARD_ON_ROAD_POT_HOLE,,2026-07-12 15:11:49,POINT(33.127772 35.357705)
2026-07-17T10:51:59Z,dc154a48-44c9-40c1-b0d4-b7da4fe4e3ee,HAZARD,HAZARD_ON_ROAD_POT_HOLE,İdris Doğan Sk,2026-07-03 11:41:35,POINT(33.351790 35.196755)
2026-07-17T10:51:59Z,0fea6aa9-22b2-4bed-9d38-dd54df87f6aa,HAZARD,HAZARD_ON_ROAD_POT_HOLE,Karpaz Anayolu,2026-07-03 14:08:10,POINT(34.572502 35.660869)
2026-07-17T10:51:59Z,efb1febc-4317-4783-a442-decc0f8c7735,HAZARD,HAZARD_ON_ROAD_POT_HOLE,Profiti Ilia,2026-06-29 20:51:59,POINT(34.040591 35.019482)
2026-07-17T10:51:59Z,aaa5a6c4-1dd4-49be-957a-072b823f7b4a,JAM,JAM_STAND_STILL_TRAFFIC,Misaouli & Kavazoglou,2026-07-17 13:47:34,POINT(33.031453 34.674036)
2026-07-17T10:51:59Z,ca10bb32-9a3a-4115-8e09-c54996297b0b,JAM,JAM_HEAVY_TRAFFIC,> A6  Pafos / Pafos Airport,2026-07-17 13:48:48,POINT(33.007060 34.688619)
2026-07-17T10:51:59Z,eafe9446-9043-440f-8fd1-4dffbdaaee6e,HAZARD,HAZARD_ON_SHOULDER_CAR_STOPPED,Exit 28 >B8 (A8) Troodos / Lemesos Centre / E142 Polemidia,2026-07-17 13:42:15,POINT(33.015383 34.695618)
2026-07-17T10:51:59Z,e6a089c5-4351-4701-89b6-e964e14d743d,HAZARD,HAZARD_ON_ROAD_POT_HOLE,Dimitraki Savva,2026-07-15 07:55:16,POINT(32.459248 34.784833)
2026-07-17T10:51:59Z,6ae41ff2-8d00-452a-ad94-8c471ebee60d,JAM,JAM_HEAVY_TRAFFIC,Exit 29 > E807 Port / General Hospital / Industrial Area,2026-07-17 13:36:24,POINT(32.992668 34.687025)
2026-07-17T10:51:59Z,fd7bc31d-1379-4114-8e94-c5ef63e871c5,JAM,JAM_HEAVY_TRAFFIC,> A6  Pafos / Pafos Airport,2026-07-17 13:39:49,POINT(33.002944 34.687888)
2026-07-17T10:51:59Z,629ff717-1b46-4309-af38-b6e3ef1f15b5,ROAD_CLOSED,,Achepans,2026-06-22 01:07:08,POINT(32.445588 34.787102)
2026-07-17T10:51:59Z,092ceabf-b843-40e0-85db-244339ec7bef,HAZARD,HAZARD_ON_ROAD_LANE_CLOSED,Agias Zonis,2026-07-17 13:42:50,POINT(33.044192 34.686221)
2026-07-17T10:51:59Z,0a9d6cf5-cf8a-420f-9ba1-9faad42b1d99,HAZARD,HAZARD_ON_ROAD_POT_HOLE,Isaak & Solomou,2026-07-14 07:12:54,POINT(32.370230 34.873346)
2026-07-17T10:51:59Z,60ceb196-fc80-445a-8796-0916f031d69d,HAZARD,HAZARD_ON_ROAD_POT_HOLE,Pervolion,2026-07-12 21:01:36,POINT(32.369385 34.874200)
2026-07-17T10:51:59Z,7e57d14c-790d-4c7a-b08b-6bb1e8810859,HAZARD,HAZARD_ON_ROAD_POT_HOLE,Pervolion,2026-07-12 21:01:30,POINT(32.369194 34.874638)
2026-07-17T10:51:59Z,791bca1d-f096-46c5-aff9-103e5331c629,ROAD_CLOSED,,,2026-03-01 21:03:02,POINT(33.338601 34.728862)
2026-07-17T10:51:59Z,7da18301-945a-4819-b592-ff49f9a199b0,ROAD_CLOSED,,,2026-03-01 21:03:02,POINT(33.338912 34.728409)
2026-07-17T10:51:59Z,6813b06c-e3fc-4fff-820b-899101397e2c,JAM,JAM_STAND_STILL_TRAFFIC,Dimokratias,2026-07-17 13:34:35,POINT(33.109462 34.709526)
2026-07-17T10:51:59Z,eb64fa35-1f6a-4c3e-8c16-f327b1c7ee78,ACCIDENT,,Exit 22 >F125 Agios Tychonas / F126 Armenochori,2026-07-17 13:03:41,POINT(33.127359 34.712993)
2026-07-17T10:51:59Z,54a8b739-dd06-46b4-9875-64e0e6e61426,JAM,JAM_HEAVY_TRAFFIC,F125 - Georgiou Griva Digeni,2026-07-17 13:49:09,POINT(33.127946 34.711557)
2026-07-17T10:51:59Z,4c0f6b05-47fc-4818-acaf-2b3f05cfd0da,JAM,JAM_STAND_STILL_TRAFFIC,"Exit 23, F127 > Mouttagiaka",2026-07-17 13:32:55,POINT(33.107653 34.707692)
2026-07-17T10:51:59Z,d62a5ef5-4021-4431-ab4c-59991ef3453a,JAM,JAM_STAND_STILL_TRAFFIC,,2026-07-17 13:34:11,POINT(33.109232 34.708946)
2026-07-17T10:51:59Z,0d2b7fcd-09e3-41b9-ba5e-42b09e974dbe,JAM,JAM_STAND_STILL_TRAFFIC,F126 - Aisopou,2026-07-17 13:38:36,POINT(33.127181 34.712991)
2026-07-17T10:51:59Z,f92d54ad-4bc6-4b97-9565-279a6550661c,JAM,JAM_STAND_STILL_TRAFFIC,F126 - Aisopou,2026-07-17 13:39:17,POINT(33.127288 34.713351)
2026-07-17T10:51:59Z,85023706-0031-479d-ab56-1dcce32f9ae0,ROAD_CLOSED,,Ariadnis,2026-07-14 12:11:53,POINT(33.340248 35.133910)
2026-07-17T10:51:59Z,a152b2ab-5636-41ab-a38a-0b7eb54a3b4c,ROAD_CLOSED,,Eleftherias Ave,2026-04-24 12:30:57,POINT(33.288033 35.102031)
2026-07-17T10:51:59Z,e933ac22-5653-4a78-b55d-bcc94d0cf6be,ROAD_CLOSED,,Eleftherias Ave,2026-04-24 12:30:57,POINT(33.288017 35.102583)
2026-07-17T10:51:59Z,867dff79-b3ca-4b8b-8574-0d56905fee01,ROAD_CLOSED,,Ariadnis,2026-07-14 12:11:53,POINT(33.339671 35.134097)
2026-07-17T10:51:59Z,ca6c72ca-6ec0-41e5-9906-a9c540881475,HAZARD,HAZARD_ON_ROAD_POT_HOLE,Kyriakou Matsi Ave,2026-07-17 07:15:10,POINT(33.199637 35.146446)
2026-07-17T10:51:59Z,17b56958-1a91-4a87-9e20-121ff2c1d01e,HAZARD,HAZARD_ON_SHOULDER_CAR_STOPPED,Elaionon,2026-07-17 13:39:51,POINT(33.334387 35.148776)
2026-07-17T10:51:59Z,08f20126-6968-4543-bcef-634f986a37f3,JAM,JAM_HEAVY_TRAFFIC,,2026-07-17 13:50:20,POINT(33.362938 35.129251)
2026-07-17T10:51:59Z,ec0981ed-192f-4ec6-b209-03ca673f4ba7,HAZARD,HAZARD_ON_ROAD_POT_HOLE,Filopappou,2026-07-17 11:51:50,POINT(33.354773 35.102795)
2026-07-17T10:51:59Z,ccdb091c-8bdc-407e-bd14-3e522ac529f0,HAZARD,HAZARD_ON_ROAD_POT_HOLE,Kallistratous,2026-07-17 11:52:30,POINT(33.351714 35.102960)
2026-07-17T10:51:59Z,37be29a9-f012-4d6f-a1cf-ed224743ad4b,HAZARD,HAZARD_ON_ROAD_POT_HOLE,Kallistratous,2026-07-17 11:52:40,POINT(33.350239 35.103066)
2026-07-17T10:51:59Z,96b1505f-0484-40b9-b1cb-f3bd88066ea0,HAZARD,HAZARD_ON_ROAD_CONSTRUCTION,F101 - Archiepiskopou Makariou ΙΙΙ Ave,2026-07-17 13:41:07,POINT(33.384242 35.109168)
2026-07-17T10:51:59Z,248b680a-e830-43b0-98ad-3013028b38e3,ROAD_CLOSED,,Meneou,2026-07-03 10:44:52,POINT(33.572969 34.850467)
2026-07-17T10:51:59Z,e095f27a-072c-4351-88a2-c9c0469ca228,ROAD_CLOSED,,E336 - Farou Ave,2026-06-03 18:27:34,POINT(33.601945 34.819190)
2026-07-17T10:51:59Z,a6ea7a4a-38c0-4c25-b132-ddfe6e6010ce,ROAD_CLOSED,,E336 - Farou Ave,2026-06-03 18:27:34,POINT(33.601933 34.819364)
2026-07-17T10:51:59Z,27a83a78-7fa8-4263-949a-9e6db00bd688,ROAD_CLOSED,,F401 - Agias Marinas,2026-06-23 00:31:42,POINT(33.616296 34.845498)
2026-07-17T10:51:59Z,a80fb222-7641-4adc-969f-d1d8f3b40a92,ROAD_CLOSED,,E336 - Farou Ave,2026-06-03 18:27:34,POINT(33.601945 34.819190)
2026-07-17T10:51:59Z,b6fd324a-0d1e-4072-8e65-fa189a83919f,ROAD_CLOSED,,E336 - Farou Ave,2026-06-03 18:27:34,POINT(33.601949 34.818741)
2026-07-17T10:51:59Z,9b9c85cf-c4bb-490f-ac4e-da6a7cc8f919,ROAD_CLOSED,,Meneou,2026-07-03 10:44:52,POINT(33.574292 34.851116)
2026-07-17T10:51:59Z,6742c25c-7bbd-4e22-8ec6-25a5017b3678,ROAD_CLOSED,,F401 - Timiou Prodromou,2026-06-18 12:00:15,POINT(33.587871 34.876685)
2026-07-17T10:51:59Z,b0d76553-65be-41d4-9798-a1ae1fe3912e,ROAD_CLOSED,,F401 - Agias Marinas,2026-06-23 00:31:42,POINT(33.598364 34.857862)
2026-07-17T10:51:59Z,e9a30bf9-28ff-4c40-91b4-fdd8e51ca875,ROAD_CLOSED,,F401 - Agias Marinas,2026-06-23 00:31:42,POINT(33.603102 34.854792)
2026-07-17T10:51:59Z,b606ebb2-6601-4ab6-bf75-3ff62ac4baf0,ROAD_CLOSED,,F401 - Timiou Prodromou,2026-06-24 22:37:01,POINT(33.588763 34.876576)
2026-07-17T10:51:59Z,2f019aa4-cfae-45db-980b-cd64d37d1d97,ROAD_CLOSED,,F401 - Agias Marinas,2026-06-23 00:31:42,POINT(33.600744 34.855989)
2026-07-17T10:51:59Z,6596d726-71a3-4310-959a-a7e2c7c674d1,ROAD_CLOSED,,F401 - Agias Marinas,2026-06-23 00:31:42,POINT(33.603102 34.854792)
2026-07-17T10:51:59Z,7bae19f0-ac71-4b2a-972d-38ccb6581311,ROAD_CLOSED,,Meneou,2026-07-03 10:44:52,POINT(33.574592 34.851269)
2026-07-17T10:51:59Z,e632a6fd-af5e-492d-a087-5ec39326a372,ROAD_CLOSED,,F401 - Timiou Prodromou,2026-06-18 12:00:16,POINT(33.587080 34.876540)
2026-07-17T10:51:59Z,bdbcac3c-e94a-49dd-a22e-0d3d35ba6e8b,ROAD_CLOSED,,F401 - Timiou Prodromou,2026-06-18 12:00:16,POINT(33.587871 34.876685)
2026-07-17T10:51:59Z,6226040d-7d4f-4690-a2a0-7d302d7eb923,ROAD_CLOSED,,F401 - Agias Marinas,2026-06-23 00:31:42,POINT(33.600744 34.855989)
2026-07-17T10:51:59Z,b0c6a758-afcf-4c04-89b6-4b09795d060c,ROAD_CLOSED,,Meneou,2026-07-03 10:44:52,POINT(33.574292 34.851116)
2026-07-17T10:51:59Z,d0bc71d3-5eec-4005-97ef-daf7318642e9,ROAD_CLOSED,,F401 - Agias Marinas,2026-06-23 00:31:42,POINT(33.598364 34.857862)
2026-07-17T10:51:59Z,c888fcde-48e6-4bbd-bfec-c22cf2d464a8,ROAD_CLOSED,,Stadiou,2026-07-03 10:44:52,POINT(33.574380 34.850821)
2026-07-17T10:51:59Z,4525ac38-66f1-4a98-ac23-ba84b287b8f2,ROAD_CLOSED,,F401 - Timiou Prodromou,2026-06-18 12:00:18,POINT(33.588763 34.876576)
2026-07-17T10:51:59Z,a6a113e7-548f-49ae-a711-e0f92e95f1d5,ROAD_CLOSED,,F401 - Agias Marinas,2026-06-23 00:31:42,POINT(33.606220 34.853176)
2026-07-17T10:51:59Z,51a50975-bd86-4c49-8ff6-5c2764317b53,ROAD_CLOSED,,F401 - Agias Marinas,2026-06-23 00:31:42,POINT(33.606220 34.853176)
2026-07-17T10:51:59Z,10c75404-d74a-4fa8-ae6f-2b620a843176,ROAD_CLOSED,,F401 - Agias Marinas,2026-06-23 00:31:42,POINT(33.596467 34.859896)
2026-07-17T10:51:59Z,c5df502d-a248-4883-b318-097c7172f13a,ROAD_CLOSED,,Stadiou,2026-07-03 10:44:52,POINT(33.574292 34.851116)
2026-07-17T10:51:59Z,68ad32f0-b059-4601-93e0-e6aa365687c8,ROAD_CLOSED,,F401 - Timiou Prodromou,2026-06-24 22:37:01,POINT(33.591994 34.876531)
2026-07-17T10:51:59Z,11c9a7a8-bdb5-4e0d-888c-4d6c5bf21570,ROAD_CLOSED,,Ifaistou,2026-01-25 19:00:10,POINT(33.635810 34.912365)
2026-07-17T10:51:59Z,4730c0fc-279c-48a8-9048-06c6c7cb03d9,HAZARD,HAZARD_ON_ROAD_POT_HOLE,Faneromenis Ave,2026-07-14 19:36:09,POINT(33.632329 34.911035)
2026-07-17T10:51:59Z,ec07f1d1-9887-4071-8090-48bf597dcbc8,ROAD_CLOSED,,Zinonos Kitieos,2026-02-18 13:19:12,POINT(33.636456 34.914811)
2026-07-17T10:51:59Z,1ab874d7-d670-4188-bf3a-368232b10ec1,ROAD_CLOSED,,Kosma Lysioti,2026-01-25 19:00:11,POINT(33.636231 34.912704)
2026-07-17T10:51:59Z,6e62b0e8-2fca-4625-ab9f-4793500ead6a,ROAD_CLOSED,,Kosma Lysioti,2026-02-18 13:24:06,POINT(33.636231 34.912704)
2026-07-17T10:51:59Z,11cdbc0e-252a-4187-b8d1-bfa2eaf277c8,ROAD_CLOSED,,Ermou,2026-05-11 23:41:06,POINT(33.632132 34.917533)
2026-07-17T10:51:59Z,69af53cd-584e-434a-bfd9-a6823628ec3f,ROAD_CLOSED,,Filiou Zannetou,2026-02-18 13:19:12,POINT(33.637176 34.914947)
2026-07-17T10:51:59Z,2c3ab9d1-37bc-4eec-a3b3-b88afb0cfc79,ROAD_CLOSED,,Zinonos Kitieos,2026-02-18 13:19:12,POINT(33.636435 34.914097)
2026-07-17T10:51:59Z,9ec6d19b-eed1-443a-ab2c-1b77ca5e2148,ROAD_CLOSED,,Konstantinou Kalogera,2026-05-11 23:41:07,POINT(33.632325 34.917155)
2026-07-17T10:51:59Z,379e7d93-0339-4370-b200-f4bb9df8f739,ROAD_CLOSED,,Filiou Zannetou,2026-02-18 13:19:12,POINT(33.636721 34.914955)
2026-07-17T10:51:59Z,aa6b4c43-2f28-43a0-93cd-b3c1b5a34006,ROAD_CLOSED,,Nikolaou Rossou,2026-01-25 19:00:11,POINT(33.635883 34.912040)
2026-07-17T10:51:59Z,9996b755-ae69-44ee-a38d-d502846da19d,ROAD_CLOSED,,Zinonos Kitieos,2026-02-18 13:19:12,POINT(33.636458 34.914961)
2026-07-17T10:51:59Z,06431a92-ef5b-4481-a6d0-ed10d2dd5904,HAZARD,HAZARD_ON_ROAD_POT_HOLE,Tasou Mitsopoulou,2026-07-01 10:34:11,POINT(33.639183 34.895446)
2026-07-17T10:51:59Z,7cbc8eed-dd62-42b9-8172-0689b5b6fb28,ROAD_CLOSED,,Zinonos Kitieos,2026-02-18 13:19:12,POINT(33.636383 34.913685)
2026-07-17T10:51:59Z,966bb83e-37ef-4d5a-a593-e9d391314469,ROAD_CLOSED,,Ermou,2026-05-11 23:41:08,POINT(33.632035 34.917643)
2026-07-17T10:51:59Z,a864d540-c323-45d8-ba00-c23488827c51,ROAD_CLOSED,,Ermou,2026-05-11 23:41:07,POINT(33.632035 34.917643)
2026-07-17T10:51:59Z,e4011dda-d191-4270-b1a2-43bae81542aa,ROAD_CLOSED,,Ermou,2026-05-11 23:41:08,POINT(33.631929 34.917712)
2026-07-17T10:51:59Z,5f73a31b-dab8-4acf-a2ed-182a6cb7e0b2,HAZARD,HAZARD_ON_ROAD_POT_HOLE,Faneromenis Ave,2026-07-14 19:36:47,POINT(33.629671 34.911143)
2026-07-17T10:51:59Z,461ae8b1-4aaa-47d1-983e-47df249e1834,HAZARD,HAZARD_ON_ROAD_POT_HOLE,Kyriakou Matsi Ave,2026-07-17 11:35:45,POINT(33.618258 34.943079)
2026-07-17T10:51:59Z,ecfe9b3f-c61f-4784-a7ae-d252d556b58d,HAZARD,HAZARD_ON_ROAD_POT_HOLE,Kaymaklı Yolu,2026-07-07 10:40:25,POINT(33.369960 35.184810)
2026-07-17T10:51:59Z,fdcee465-2cab-4dc9-b5aa-79bcb2ed4910,HAZARD,HAZARD_ON_ROAD_POT_HOLE,Dikmen Yolu,2026-07-06 20:17:48,POINT(33.381360 35.267580)
2026-07-17T10:51:59Z,aab166e1-bc18-4f18-8812-512379d08425,ROAD_CLOSED,,Prigkipos Karolou,2026-07-03 22:05:05,POINT(33.337967 35.168924)
2026-07-17T10:51:59Z,889cf9c5-156f-4ddb-9705-c274daae9d64,ROAD_CLOSED,,Prigkipos Karolou,2026-07-03 22:05:05,POINT(33.340486 35.169011)
2026-07-17T10:51:59Z,f43de2cf-f56e-479c-99ba-9b89ba06bffc,ROAD_CLOSED,,Prigkipos Karolou,2026-07-03 22:05:05,POINT(33.337172 35.168861)
2026-07-17T10:51:59Z,4f5cbc18-f431-428e-bace-e90e3410dd9f,HAZARD,HAZARD_ON_ROAD_POT_HOLE,Dikmen Yolu,2026-07-08 11:24:56,POINT(33.385360 35.262925)
2026-07-17T10:51:59Z,db928083-a4c9-4a8b-8dc5-436a261ec616,ROAD_CLOSED,,Prigkipos Karolou,2026-07-03 22:05:05,POINT(33.338823 35.168984)
2026-07-17T10:51:59Z,a54952c3-f712-456a-8893-db605ec54b22,ROAD_CLOSED,,Prigkipos Karolou,2026-07-03 22:05:05,POINT(33.339728 35.169038)
2026-07-17T10:51:59Z,b97fc1cc-6aad-41a2-92f0-2e65f496a221,ROAD_CLOSED,,Prigkipos Karolou,2026-07-03 22:05:05,POINT(33.340932 35.168980)
2026-07-17T10:51:59Z,8ce905ce-c2bf-4501-a448-f02ac1f80440,ROAD_CLOSED,,Achaion,2026-06-24 22:19:11,POINT(33.342726 35.168886)
2026-07-17T10:51:59Z,d14e7466-de54-43fd-bebe-8c9bea8f1591,ROAD_CLOSED,,Prigkipos Karolou,2026-07-03 22:05:05,POINT(33.340162 35.169031)
2026-07-17T10:51:59Z,e4d8935e-ebb7-42ed-802e-92a25a77b533,ROAD_CLOSED,,Prigkipos Karolou,2026-07-03 22:05:05,POINT(33.342067 35.168884)
2026-07-17T10:51:59Z,28026ce9-54a8-450c-873f-ba94ed7788a7,HAZARD,HAZARD_ON_ROAD_POT_HOLE,Dikmen Yolu,2026-07-08 11:25:02,POINT(33.393068 35.254184)
2026-07-17T10:51:59Z,ebb7eeda-c17a-41e5-82e9-b44256c32230,HAZARD,HAZARD_ON_ROAD_POT_HOLE,Dikmen Yolu,2026-06-30 20:32:33,POINT(33.403982 35.234071)
2026-07-17T10:51:59Z,e530ccbd-244b-4dee-b0e3-74d464a842db,ROAD_CLOSED,,E1005 - Delfon,2026-06-24 22:20:00,POINT(33.343080 35.169599)
2026-07-17T10:51:59Z,90b2fb00-04af-42d5-8956-2f75b04dd4de,HAZARD,HAZARD_ON_ROAD_POT_HOLE,Dikmen Yolu,2026-07-07 09:07:27,POINT(33.410024 35.228319)
2026-07-17T10:51:59Z,ecfa583e-4534-4502-8366-12b04f8eaed2,HAZARD,HAZARD_ON_ROAD_POT_HOLE,,2026-07-15 15:50:26,POINT(33.377192 35.122963)
2026-07-17T10:51:59Z,189e0724-98b3-46f6-aab7-d2f04a8912a2,ROAD_CLOSED,,Egnatias,2026-06-29 16:33:05,POINT(32.439482 34.760132)
2026-07-17T10:51:59Z,78022ba5-1d93-46fa-a4d6-0fb5eed3466c,ROAD_CLOSED,,,2026-06-29 16:33:05,POINT(32.440778 34.761851)
2026-07-17T10:51:59Z,c6dd4d54-a1f4-437d-9eb9-39d7e089f4bd,ROAD_CLOSED,,Egnatias,2026-06-29 16:33:05,POINT(32.438121 34.761139)
2026-07-17T10:51:59Z,9183e35a-cca3-4d6a-bbc9-300f3b243588,HAZARD,HAZARD_ON_ROAD,,2026-07-17 13:40:52,POINT(32.807817 34.847533)
2026-07-17T10:51:59Z,15070541-0395-48c1-ae95-8718d54e22f6,ROAD_CLOSED,,Agiou Georgiou,2026-07-02 13:16:50,POINT(33.341094 35.147296)
2026-07-17T10:51:59Z,f758b64d-89df-44fe-9ad3-8382db8807f7,JAM,,,2026-07-17 13:44:38,POINT(32.419794 34.772955)
2026-07-17T10:51:59Z,56bf011a-3d6f-4554-be92-11a4d29511fa,ROAD_CLOSED,,,2026-06-29 16:33:05,POINT(32.439709 34.760122)
2026-07-17T10:51:59Z,8735aa89-a20d-49de-b65c-540249ef84bc,HAZARD,HAZARD_ON_ROAD,,2026-07-17 13:27:39,POINT(33.059314 34.684489)
2026-07-17T10:51:59Z,c0aae377-1c74-4bca-97a7-2729a72531ab,HAZARD,HAZARD_ON_SHOULDER_CAR_STOPPED,E602,2026-07-17 13:30:26,POINT(32.995825 34.656062)
2026-07-17T10:51:59Z,4ac5c8d6-cc89-4ea0-9425-314c6c2b6b05,ROAD_CLOSED,,E710 - Archiepiskopou Makariou III Ave,2026-06-22 01:06:47,POINT(32.446426 34.785585)
2026-07-17T10:51:59Z,02ffffba-d7fb-4aeb-bc81-14a1130f8609,ROAD_CLOSED,,Gregori Afxentiou,2026-03-01 21:03:02,POINT(33.338912 34.728409)
2026-07-17T10:51:59Z,49425ac1-892d-4272-8ee0-6d9970669b05,ROAD_CLOSED,,Gregori Afxentiou,2026-03-01 21:03:02,POINT(33.337420 34.727402)
2026-07-17T10:51:59Z,14263422-3913-4a1a-b533-d6443a1cff11,ROAD_CLOSED,,Gregori Afxentiou,2026-03-01 21:03:02,POINT(33.338912 34.728409)
2026-07-17T10:51:59Z,af9717ff-4029-4f1e-957c-8d78a25bdd84,ROAD_CLOSED,,Gregori Afxentiou,2026-03-01 21:03:02,POINT(33.339407 34.728604)
2026-07-17T10:51:59Z,8ccb3739-1af7-44e6-ba23-343a6cf816e8,HAZARD,HAZARD_ON_ROAD_POT_HOLE,E106 - Grigori Afxentiou,2026-07-16 18:04:33,POINT(33.298312 34.769289)
2026-07-17T10:51:59Z,7e447c11-5dc7-4f68-808d-e19e5b22a43e,JAM,JAM_STAND_STILL_TRAFFIC,E113 - Kolonakiou,2026-07-17 13:37:29,POINT(33.069178 34.696592)
2026-07-17T10:51:59Z,5182e5ef-df8b-44ff-b23f-21f3bb835cc2,JAM,JAM_HEAVY_TRAFFIC,Agiou Athanasiou Ave,2026-07-17 13:44:46,POINT(33.060657 34.707968)
2026-07-17T10:51:59Z,1a1fe2bb-209c-49dc-b23c-83c5e741a1f5,ROAD_CLOSED,,E301 - Archiepiskopou Makariou III Ave,2026-05-14 18:10:40,POINT(33.625819 34.955152)
2026-07-17T10:51:59Z,086e9b8a-d96a-485a-9d44-48dcc1e2be83,HAZARD,HAZARD_ON_ROAD_POT_HOLE,Faneromenis Ave,2026-07-12 13:43:37,POINT(33.617684 34.911097)
2026-07-17T10:51:59Z,f3dacd32-2a8b-4597-8761-8d8a4d798aaa,ROAD_CLOSED,,Faneromenis Ave,2026-06-24 22:40:29,POINT(33.606330 34.912058)
2026-07-17T10:51:59Z,b527b85c-3ad7-41a6-b090-0355be86cf6e,ROAD_CLOSED,,Griva Digeni,2026-06-01 23:02:24,POINT(33.213268 35.066809)
2026-07-17T10:51:59Z,c90e6592-c885-4f66-bb94-5afaa72445c0,ROAD_CLOSED,,Leoforos Tseriou,2026-07-02 13:10:59,POINT(33.341851 35.140076)
2026-07-17T10:51:59Z,07184066-b1e8-48c5-8263-09d573e37443,ROAD_CLOSED,,E301 - Archiepiskopou Makariou III Ave,2026-05-14 18:10:40,POINT(33.625835 34.955212)
2026-07-17T10:51:59Z,f0d21673-2766-4b03-9cf7-b91e78961bb0,ROAD_CLOSED,,Faneromenis Ave,2026-06-24 22:40:29,POINT(33.601832 34.914862)
2026-07-17T10:51:59Z,a20901e8-78d2-498f-9757-e00ce8326ec7,HAZARD,HAZARD_ON_ROAD_POT_HOLE,Strovolou Ave,2026-07-15 07:41:41,POINT(33.341166 35.142632)
2026-07-17T10:51:59Z,f3b6ca3a-c1f0-454d-b1bc-bfbf6893a0f3,ROAD_CLOSED,,E301 - Archiepiskopou Makariou III Ave,2026-05-14 18:10:40,POINT(33.625735 34.954604)
2026-07-17T10:51:59Z,193db5e0-937c-4868-bff0-2a6e82220986,HAZARD,HAZARD_ON_ROAD,E1302 - Iosif Chatziosif Ave,2026-07-17 13:36:56,POINT(33.358536 35.141044)
2026-07-17T10:51:59Z,a94fda21-f0da-449a-9257-10765c8f1e25,ROAD_CLOSED,,E301 - Archiepiskopou Makariou III Ave,2026-05-14 18:10:40,POINT(33.625932 34.955559)
2026-07-17T10:51:59Z,67d4e720-4c41-4df8-9561-2a29f9e50214,ROAD_CLOSED,,Faneromenis Ave,2026-06-24 22:40:29,POINT(33.602577 34.913258)
2026-07-17T10:51:59Z,63faa60d-2247-4a7a-94c8-40b8166ad02f,ROAD_CLOSED,,E301 - Archiepiskopou Makariou III Ave,2026-05-14 18:10:40,POINT(33.625735 34.954604)
2026-07-17T10:51:59Z,b6fd24a7-a72e-45c0-a964-dc96717314c4,ROAD_CLOSED,,Faneromenis Ave,2026-06-24 22:40:29,POINT(33.603149 34.912466)
2026-07-17T10:51:59Z,725e1065-845f-4a18-8ef6-81c85ddc3664,HAZARD,HAZARD_ON_ROAD_POT_HOLE,Faneromenis Ave,2026-07-01 17:33:07,POINT(33.619768 34.911111)
2026-07-17T10:51:59Z,bee70eed-a0df-4268-8bd2-02d2b028f1e7,ROAD_CLOSED,,E301 - Archiepiskopou Makariou III Ave,2026-05-14 18:10:40,POINT(33.625835 34.955212)
2026-07-17T10:51:59Z,82196a79-7dbe-4f8d-ae2d-9b64edfea730,ROAD_CLOSED,,E301 - Archiepiskopou Makariou III Ave,2026-05-14 18:10:40,POINT(33.626100 34.956257)
2026-07-17T10:51:59Z,de4922ff-cf7c-47fa-9d47-0603d9c6c026,ROAD_CLOSED,,E926 - Archiepiskopou Kyprianou Ave,2026-07-02 13:16:50,POINT(33.341094 35.147296)
2026-07-17T10:51:59Z,1fcdec9a-525b-4d90-acbd-0b9ebacecb22,ROAD_CLOSED,,E301 - Archiepiskopou Makariou III Ave,2026-05-14 18:10:40,POINT(33.625807 34.954193)
2026-07-17T10:51:59Z,fad8c04a-d503-44d8-bb8a-ed2b8e60e742,ROAD_CLOSED,,Griva Digeni,2026-06-01 23:02:24,POINT(33.220076 35.068993)
2026-07-17T10:51:59Z,b9dc1345-1f83-4948-9fc3-4afbec5cede4,ROAD_CLOSED,,Faneromenis Ave,2026-06-24 22:40:29,POINT(33.607552 34.912000)
2026-07-17T10:51:59Z,55fa4e52-81b2-4f57-8182-9c54ac3dde9e,ROAD_CLOSED,,Faneromenis Ave,2026-06-24 22:40:29,POINT(33.609772 34.911855)
2026-07-17T10:51:59Z,ac682200-65b5-4677-ae74-9340c1c2403b,ROAD_CLOSED,,Faneromenis Ave,2026-06-24 22:40:29,POINT(33.604506 34.912091)
2026-07-17T10:51:59Z,ace85aa8-d9e5-4f6d-9265-19f5db1cc638,ROAD_CLOSED,,E301 - Archiepiskopou Makariou III Ave,2026-05-14 18:10:40,POINT(33.625734 34.954689)
2026-07-17T10:51:59Z,21f4cac0-01bd-48f9-8d56-f7a8a4b4d015,ROAD_CLOSED,,Faneromenis Ave,2026-06-24 22:40:29,POINT(33.605694 34.912068)
2026-07-17T10:51:59Z,bcf9bd43-f1d2-4fcc-8e75-cf6ef07b8975,ROAD_CLOSED,,E926 - Archiepiskopou Kyprianou Ave,2026-07-02 13:16:50,POINT(33.340621 35.146546)
2026-07-17T10:51:59Z,af70487d-ea9a-4f7c-8dcd-4457e9a0afb0,ROAD_CLOSED,,E301 - Archiepiskopou Makariou III Ave,2026-05-14 18:10:40,POINT(33.625932 34.955559)
2026-07-17T10:51:59Z,e3ce57b1-9a73-438d-af22-2919cda3037a,HAZARD,HAZARD_ON_SHOULDER_CAR_STOPPED,E1302 - Iosif Chatziosif Ave,2026-07-17 13:39:46,POINT(33.358617 35.141469)
2026-07-17T10:51:59Z,169df8db-d545-4167-8e43-7f5b79f385e3,ROAD_CLOSED,,Faneromenis Ave,2026-06-24 22:40:29,POINT(33.606937 34.912036)
2026-07-17T10:51:59Z,638d8f2b-b90b-470a-944e-15ebefb7824a,ROAD_CLOSED,,E301 - Archiepiskopou Makariou III Ave,2026-05-14 18:10:40,POINT(33.625819 34.955152)
2026-07-17T10:51:59Z,a2a2be54-b5f6-458e-95e8-3e26ce5a46dc,ROAD_CLOSED,,E301 - Archiepiskopou Makariou III Ave,2026-05-14 18:10:40,POINT(33.626082 34.956590)
2026-07-17T10:51:59Z,f5aa6528-3627-4bc3-b68b-c6d0c5412374,ROAD_CLOSED,,E301 - Archiepiskopou Makariou III Ave,2026-05-14 18:10:40,POINT(33.625734 34.954689)
2026-07-17T10:51:59Z,6e534b9c-8641-49ea-9aa9-ce3baca1fd42,ROAD_CLOSED,,E301 - Archiepiskopou Makariou III Ave,2026-05-14 18:10:40,POINT(33.626100 34.956257)
2026-07-17T10:51:59Z,a22403ad-c6a4-4891-aa56-f9dd45f54fc2,HAZARD,HAZARD_ON_ROAD_OBJECT,Geriou,2026-07-17 13:25:48,POINT(33.393107 35.105677)
2026-07-17T10:51:59Z,6504f021-85a8-4db2-b05d-cce6265634f4,HAZARD,HAZARD_ON_ROAD_POT_HOLE,Faneromenis Ave,2026-07-15 13:09:33,POINT(33.620164 34.911094)
2026-07-17T10:51:59Z,b1a5de45-6daa-4fd4-a34f-72159943426d,HAZARD,HAZARD_ON_ROAD_LANE_CLOSED,,2026-07-17 11:32:21,POINT(33.610634 34.911549)
2026-07-17T10:51:59Z,d5545794-8142-4d47-a6bf-349f0cfdc976,HAZARD,HAZARD_ON_ROAD_POT_HOLE,Dimitri Stavrou,2026-07-17 13:49:03,POINT(33.389881 35.095407)
2026-07-17T10:51:59Z,3fcb71ad-1c01-41ec-a9b4-a4b6c43385be,HAZARD,HAZARD_ON_SHOULDER_CAR_STOPPED,Dimitri Stavrou,2026-07-17 13:48:40,POINT(33.391921 35.091929)
2026-07-17T10:51:59Z,6d3c7f6b-d282-4841-a385-f4852dbecbb9,HAZARD,HAZARD_ON_SHOULDER_CAR_STOPPED,Dimitri Stavrou,2026-07-17 13:48:51,POINT(33.390887 35.093703)
2026-07-17T10:51:59Z,5810534a-4460-4a51-abce-95367f8b070a,HAZARD,HAZARD_ON_ROAD_POT_HOLE,D-750,2026-07-16 19:28:10,POINT(33.442296 35.293957)
2026-07-17T10:51:59Z,22b987dd-2538-413c-b209-16cc94fb3bf6,HAZARD,HAZARD_ON_ROAD_POT_HOLE,D-750,2026-07-14 08:07:17,POINT(33.462522 35.267700)
2026-07-17T10:51:59Z,087e3b90-2521-4dee-9194-e4d0d3600ce1,HAZARD,HAZARD_ON_ROAD,E115 - Aglantzias Ave,2026-07-17 13:32:09,POINT(33.391927 35.157118)
2026-07-17T10:51:59Z,6ad8d39a-e401-4951-8b60-3de0b2c50247,HAZARD,HAZARD_ON_ROAD_POT_HOLE,D-750,2026-07-14 08:14:56,POINT(33.463982 35.219911)
2026-07-17T10:51:59Z,8c184969-fd57-4d95-818f-b29b5c2c85f8,HAZARD,HAZARD_ON_ROAD_LANE_CLOSED,E115 - Aglantzias Ave,2026-07-17 13:31:50,POINT(33.393127 35.157135)
2026-07-17T10:51:59Z,bc887197-b027-40f4-ba27-e4c03621962e,HAZARD,HAZARD_ON_ROAD_POT_HOLE,D-750,2026-07-14 08:06:59,POINT(33.465316 35.268168)
2026-07-17T10:51:59Z,d348f0a8-3b06-4f88-bf14-0f9892741ca2,HAZARD,HAZARD_ON_ROAD_POT_HOLE,E303,2026-07-16 11:28:24,POINT(33.850697 35.064497)
2026-07-17T10:51:59Z,92a6ef73-73f7-4b3f-ad5f-6cccbe39ebe0,HAZARD,HAZARD_ON_ROAD_POT_HOLE,E334 - Georgiou Griva Digeni,2026-07-11 19:58:54,POINT(33.886849 35.010151)
2026-07-17T10:51:59Z,1c688cc6-97b9-4655-930b-1c82e2323de9,HAZARD,HAZARD_ON_ROAD_POT_HOLE,E334 - Georgiou Griva Digeni,2026-07-11 19:59:11,POINT(33.888299 35.009917)
2026-07-17T10:51:59Z,26820073-1986-48eb-99ea-0425c59c8b06,HAZARD,HAZARD_ON_ROAD_POT_HOLE,E334 - Georgiou Griva Digeni,2026-07-11 19:59:26,POINT(33.889211 35.009852)
2026-07-17T10:51:59Z,78b3fd7a-086d-4274-8301-81bffe0766fe,HAZARD,HAZARD_ON_ROAD_POT_HOLE,E333 - 1 Apriliou,2026-07-16 11:01:38,POINT(33.902750 35.014787)
2026-07-17T10:51:59Z,2de1a6b3-1cac-4d75-bc84-866824dc9430,HAZARD,HAZARD_ON_ROAD_POT_HOLE,E333 - 1 Apriliou,2026-07-17 07:58:00,POINT(33.900659 35.013622)
2026-07-17T10:51:59Z,3e63b4f8-3bf2-4d38-ab25-220a12596ae4,HAZARD,HAZARD_ON_ROAD_POT_HOLE,E334 - Georgiou Griva Digeni,2026-07-11 19:57:53,POINT(33.884007 35.010984)
2026-07-17T10:51:59Z,d97865d5-0b6a-4015-9f8c-561d214a132e,HAZARD,HAZARD_ON_SHOULDER_CAR_STOPPED,Giannou Kranidioti,2026-07-17 13:48:32,POINT(33.006846 34.700886)
2026-07-17T10:51:59Z,a1289061-d034-4cae-9076-49e031ade9fb,HAZARD,HAZARD_ON_ROAD_CONSTRUCTION,B7,2026-07-17 13:34:13,POINT(32.469437 34.899178)
2026-07-17T10:51:59Z,aa39fce0-7196-4d59-9a60-6bc925dd5e39,HAZARD,HAZARD_ON_SHOULDER_CAR_STOPPED,B8,2026-07-17 13:37:43,POINT(32.913429 34.844991)
2026-07-17T10:51:59Z,282c3c4d-4d8a-4891-86cb-cbf906d58e24,HAZARD,HAZARD_ON_SHOULDER_CAR_STOPPED,B8,2026-07-17 13:43:59,POINT(32.891285 34.875262)
2026-07-17T10:51:59Z,4a98e210-82d7-43dc-a397-b0c4013631e7,HAZARD,HAZARD_ON_SHOULDER_CAR_STOPPED,B8,2026-07-17 13:46:33,POINT(32.877027 34.882509)
2026-07-17T10:51:59Z,61309202-e3e4-4221-8030-b068ecf31c73,JAM,JAM_HEAVY_TRAFFIC,B1 - Vasileos Georgiou I,2026-07-17 13:28:59,POINT(33.084812 34.694169)
2026-07-17T10:51:59Z,df8e5f75-50e4-4e5e-bc2c-9aa12b6c75e2,JAM,JAM_HEAVY_TRAFFIC,B1 - Vasileos Georgiou I,2026-07-17 13:39:47,POINT(33.080751 34.692760)
2026-07-17T10:51:59Z,7619b341-a005-4216-bff2-dd13154ec3ed,ACCIDENT,,B1 - Vasileos Georgiou I,2026-07-17 12:59:14,POINT(33.091161 34.696758)
2026-07-17T10:51:59Z,c8b2a8a2-41c4-4c3b-9bba-9661106aba6b,HAZARD,HAZARD_ON_ROAD_LANE_CLOSED,B1 - Vasileos Georgiou I,2026-07-17 13:29:30,POINT(33.083888 34.693814)
2026-07-17T10:51:59Z,f276302c-8576-48a0-911e-55a14c82ac19,JAM,,B22 - Spyrou Kyprianou Ave,2026-07-17 13:43:22,POINT(33.363262 35.128852)
2026-07-17T10:51:59Z,22953289-b5dd-40d3-8069-e32fa780c37a,ROAD_CLOSED,,B3,2026-05-11 19:22:37,POINT(33.669528 34.969965)
2026-07-17T10:51:59Z,d3b6a456-0610-482a-9768-4374d0cb1422,ROAD_CLOSED,,B3,2026-05-20 00:40:25,POINT(33.672990 34.971979)
2026-07-17T10:51:59Z,e0134531-86f4-4881-ba81-cf172104a261,ROAD_CLOSED,,B3,2026-05-11 19:22:37,POINT(33.669642 34.970045)
2026-07-17T10:51:59Z,a3992b00-ff2c-4a13-befc-7a0b6eada983,ROAD_CLOSED,,B3,2026-05-20 00:40:25,POINT(33.674011 34.972676)
2026-07-17T10:51:59Z,934b6fb8-30a6-4407-80f8-09399fff88ca,ROAD_CLOSED,,B3,2026-05-20 00:40:25,POINT(33.670611 34.970735)
2026-07-17T10:51:59Z,deb63678-d00e-46e3-bfb2-e6a8d911a20d,ROAD_CLOSED,,B3,2026-05-20 00:40:25,POINT(33.670611 34.970735)
2026-07-17T10:51:59Z,33516bb1-87e3-40dd-8294-f74a33f7a35d,ROAD_CLOSED,,B3,2026-05-20 00:40:25,POINT(33.672745 34.971830)
2026-07-17T10:51:59Z,8449041c-2fdc-4c2a-a673-0a55c65e98b9,ROAD_CLOSED,,B3,2026-05-20 00:40:25,POINT(33.672990 34.971979)
2026-07-17T10:51:59Z,5e3b1cc2-5817-45a5-99c6-0fbc324bbbaf,ROAD_CLOSED,,B3,2026-05-20 00:40:25,POINT(33.673402 34.972260)
2026-07-17T10:51:59Z,b444742b-8211-482f-80b5-11e1c59b3be1,ROAD_CLOSED,,B3,2026-05-20 00:40:25,POINT(33.672745 34.971830)
2026-07-17T10:51:59Z,4827d612-4fa4-42de-8b4d-96bc82666aef,ROAD_CLOSED,,B3,2026-05-20 00:40:25,POINT(33.673402 34.972260)
2026-07-17T10:51:59Z,aa1c767f-bade-455d-b671-b9ea62e9e3da,ROAD_CLOSED,,B3,2026-05-20 00:40:25,POINT(33.670831 34.970877)
2026-07-17T10:51:59Z,b1952acc-c30f-4ab4-a9ff-f926a9875288,ROAD_CLOSED,,B3,2026-05-20 00:40:25,POINT(33.670831 34.970877)
2026-07-17T10:51:59Z,593e3381-2864-4664-8849-62917ea1b7ed,ROAD_CLOSED,,B3,2026-05-20 00:40:25,POINT(33.669642 34.970045)
2026-07-17T10:51:59Z,857615d6-4e47-4c82-b470-25cefa20b1ef,HAZARD,HAZARD_ON_ROAD_LANE_CLOSED,B4 - Artemidos Ave,2026-07-17 12:43:04,POINT(33.629617 34.907136)
2026-07-17T10:51:59Z,9d830426-652c-4f45-8945-85cd38c2a5c8,HAZARD,HAZARD_ON_ROAD_LANE_CLOSED,B4 - Artemidos Ave,2026-07-17 12:02:18,POINT(33.629822 34.905939)
2026-07-17T10:51:59Z,a0fa618d-124f-4f87-bee9-2b4d877c6f9f,HAZARD,HAZARD_ON_ROAD_CONSTRUCTION,B3,2026-07-17 13:49:16,POINT(33.717464 34.983509)
2026-07-17T10:51:59Z,0f370bc7-1756-412d-99bf-dcbabc9034ce,HAZARD,HAZARD_ON_ROAD_POT_HOLE,D-300 Dr. Fazıl Küçük Bulvarı,2026-07-16 17:16:41,POINT(33.325342 35.210809)
2026-07-17T10:51:59Z,220cb353-2295-4967-b16b-904cc1e65599,HAZARD,HAZARD_ON_ROAD_POT_HOLE,D-300 Dr. Fazıl Küçük Bulvarı,2026-07-07 13:37:00,POINT(33.363145 35.209983)
2026-07-17T10:51:59Z,46b4191b-28ae-401c-a96d-6d087f6036ac,HAZARD,HAZARD_ON_ROAD_POT_HOLE,D-300 Gazimağusa-Lefkoşa Anayolu,2026-07-07 13:23:49,POINT(33.481571 35.221807)
2026-07-17T10:51:59Z,1afc3d03-699c-4b39-9847-c31b983b3384,HAZARD,HAZARD_ON_ROAD_POT_HOLE,D-300 Gazimağusa-Lefkoşa Anayolu,2026-07-17 12:47:12,POINT(33.421788 35.216538)
2026-07-17T10:51:59Z,53164f9a-9ef6-4a2a-bee9-50fe4ffdfda6,HAZARD,HAZARD_ON_ROAD_POT_HOLE,D-200,2026-07-16 16:50:53,POINT(33.556074 35.230287)
2026-07-17T10:51:59Z,a88572ad-4134-4f9a-af37-1f9a388a571d,HAZARD,HAZARD_ON_ROAD_POT_HOLE,D-200,2026-07-16 16:41:04,POINT(33.682548 35.257243)
2026-07-17T10:51:59Z,49d1a716-db34-4029-862d-38b84c802169,HAZARD,HAZARD_ON_ROAD_POT_HOLE,D-200,2026-07-16 16:41:52,POINT(33.671681 35.259262)
2026-07-17T10:51:59Z,ab15541f-0d6f-4e92-b0a0-cbeb47086c2b,HAZARD,HAZARD_ON_ROAD_POT_HOLE,D-200,2026-07-16 16:34:13,POINT(33.766829 35.261238)
2026-07-17T10:51:59Z,f01006d4-bfea-42ce-9329-21b1879bd1df,HAZARD,HAZARD_ON_ROAD_POT_HOLE,D-200,2026-07-16 16:23:38,POINT(33.896290 35.278356)
2026-07-17T10:51:59Z,9a73badb-a404-4c2a-b245-ff03cb516102,HAZARD,HAZARD_ON_ROAD_POT_HOLE,D-200,2026-07-16 16:28:31,POINT(33.841374 35.278824)
2026-07-17T10:51:59Z,5d3f3258-22e6-48c9-a23a-51643220a056,HAZARD,HAZARD_ON_ROAD_POT_HOLE,D-950,2026-07-16 16:18:32,POINT(33.931933 35.291366)
2026-07-17T10:51:59Z,942a2e1c-a9f1-4cce-9f1f-1ad68af85c92,HAZARD,HAZARD_ON_SHOULDER_CAR_STOPPED,,2026-07-17 13:33:45,POINT(34.003168 35.029138)
2026-07-17T10:51:59Z,492e5a66-1d12-48a4-af4c-41241676f9e7,HAZARD,HAZARD_ON_ROAD_POT_HOLE,D-200,2026-07-16 16:27:06,POINT(33.854053 35.275867)
2026-07-17T10:51:59Z,49503ee7-3368-4e69-8b94-d94574474ba6,HAZARD,HAZARD_ON_ROAD_POT_HOLE,D-200,2026-07-16 16:27:29,POINT(33.850837 35.277192)
2026-07-17T10:51:59Z,4e5569e1-d677-43a1-a783-27aa8676a88a,HAZARD,HAZARD_ON_ROAD_POT_HOLE,D-950,2026-07-16 16:18:42,POINT(33.931394 35.290182)
2026-07-17T10:51:59Z,d8ef9604-7616-45a6-8eac-dc287b8b3d99,HAZARD,HAZARD_ON_ROAD_POT_HOLE,D-950,2026-07-11 21:08:36,POINT(33.936765 35.298512)
2026-07-17T10:51:59Z,d5afa82a-1eca-4a0d-8933-624d2f486e1e,HAZARD,HAZARD_ON_ROAD_POT_HOLE,D-200,2026-07-16 16:31:33,POINT(33.802956 35.266560)
2026-07-17T10:51:59Z,09f21e64-6748-4f15-9076-8e3ff701255a,HAZARD,HAZARD_ON_ROAD_POT_HOLE,D-200,2026-07-16 16:32:17,POINT(33.793800 35.263509)
2026-07-17T10:51:59Z,f27a663a-b0a6-449a-a87e-7c9b6f4c4698,HAZARD,HAZARD_ON_ROAD,A6,2026-07-17 13:25:33,POINT(32.547280 34.713222)
2026-07-17T10:51:59Z,145eba04-dcb6-4eab-aa90-11f5ec061799,HAZARD,HAZARD_ON_SHOULDER_CAR_STOPPED,A6,2026-07-17 13:46:38,POINT(32.523581 34.736366)
2026-07-17T10:51:59Z,e9e56f29-bc36-4cbe-a303-28ee413dfab6,JAM,,A6,2026-07-17 13:32:11,POINT(33.004838 34.688278)
2026-07-17T10:51:59Z,c5f50440-3274-4391-8c10-f02227f0b21e,HAZARD,HAZARD_ON_SHOULDER_CAR_STOPPED,A6,2026-07-17 13:30:42,POINT(32.787003 34.685563)
2026-07-17T10:51:59Z,967df552-bb33-4c9c-bcd5-3312cf0d9751,JAM,JAM_HEAVY_TRAFFIC,A6,2026-07-17 13:40:04,POINT(33.001497 34.687641)
2026-07-17T10:51:59Z,b88c785a-391a-44b3-9efa-5d956ffb750c,HAZARD,HAZARD_ON_SHOULDER_CAR_STOPPED,A1,2026-07-17 13:49:52,POINT(33.016126 34.696547)
2026-07-17T10:51:59Z,fbe76b99-831a-4b93-bace-4a0b53096cb6,HAZARD,HAZARD_ON_SHOULDER_CAR_STOPPED,A8,2026-07-17 12:28:12,POINT(32.988889 34.720769)
2026-07-17T10:51:59Z,b972b0dc-a2f7-448b-ae9d-7472dff77895,HAZARD,HAZARD_ON_SHOULDER_CAR_STOPPED,A6,2026-07-17 13:36:38,POINT(32.669027 34.675000)
2026-07-17T10:51:59Z,51e1e76c-99bf-43a6-b553-2d319327acc3,JAM,JAM_STAND_STILL_TRAFFIC,A1,2026-07-17 13:07:48,POINT(33.127662 34.712331)
2026-07-17T10:51:59Z,89a886f9-9efa-438e-98a8-04a14b73900d,JAM,JAM_HEAVY_TRAFFIC,A1,2026-07-17 13:41:23,POINT(33.087676 34.707887)
2026-07-17T10:51:59Z,21fb553a-5912-48b1-b76d-f9c9c3913458,JAM,,A1,2026-07-17 12:58:02,POINT(33.131562 34.713812)
2026-07-17T10:51:59Z,bdb50275-2fe4-4b21-8ed8-96660ee01bc7,HAZARD,HAZARD_ON_SHOULDER_CAR_STOPPED,A1,2026-07-17 13:29:06,POINT(33.343964 34.781574)
2026-07-17T10:51:59Z,265ff6fb-6e15-48c3-bdeb-abda44e10a9d,ACCIDENT,,A1,2026-07-17 13:43:25,POINT(33.133820 34.714629)
2026-07-17T10:51:59Z,bca3cb4e-7574-4a16-b7cc-7e6c14b62ffc,JAM,JAM_STAND_STILL_TRAFFIC,A1,2026-07-17 13:02:24,POINT(33.119265 34.709801)
2026-07-17T10:51:59Z,24052acb-81f5-42a3-9114-e1089fe225a9,HAZARD,HAZARD_ON_SHOULDER_CAR_STOPPED,A1,2026-07-17 13:40:43,POINT(33.211824 34.731745)
2026-07-17T10:51:59Z,01446ffc-6ff1-4c84-9259-5b2cb51415d7,HAZARD,HAZARD_ON_SHOULDER_CAR_STOPPED,A1,2026-07-17 13:49:16,POINT(33.126682 34.711949)
2026-07-17T10:51:59Z,db6bb383-6e0d-4d19-91f9-808d8e9a4265,HAZARD,HAZARD_ON_ROAD_LANE_CLOSED,A1,2026-07-17 13:38:11,POINT(33.132624 34.714196)
2026-07-17T10:51:59Z,442c9682-0817-4148-8700-71b66948e93b,JAM,JAM_HEAVY_TRAFFIC,A1,2026-07-17 13:25:15,POINT(33.098315 34.706262)
2026-07-17T10:51:59Z,a80576b0-03cb-4afd-ac5a-30ab135d2db8,HAZARD,HAZARD_ON_ROAD_POT_HOLE,A1,2026-07-08 08:59:17,POINT(33.369183 34.820723)
2026-07-17T10:51:59Z,53b192a5-77df-4888-8a66-aa7969f36b60,HAZARD,HAZARD_ON_SHOULDER_CAR_STOPPED,A1,2026-07-17 13:09:30,POINT(33.408597 34.956038)
2026-07-17T10:51:59Z,e6a6ff3a-0ae2-4d0f-882a-412847ee6397,HAZARD,HAZARD_ON_SHOULDER_CAR_STOPPED,A3,2026-07-17 13:39:00,POINT(33.700795 35.002396)
2026-07-17T10:51:59Z,e18d5b41-8445-4c80-b227-b650f63586de,HAZARD,HAZARD_ON_ROAD_CONSTRUCTION,A2,2026-07-17 13:49:22,POINT(33.549838 34.969338)
2026-07-17T10:51:59Z,8f1f4ee1-f3b9-4d11-b418-474ba15718db,HAZARD,HAZARD_ON_SHOULDER_CAR_STOPPED,A2,2026-07-17 13:48:17,POINT(33.569902 34.959754)
2026-07-17T10:51:59Z,6f74c43c-11f1-4670-bcbf-80b35e74e043,HAZARD,HAZARD_ON_SHOULDER_CAR_STOPPED,A3,2026-07-17 13:34:41,POINT(33.633329 34.964519)
2026-07-17T10:51:59Z,074103a5-11e6-4336-843d-445cbb55cb8e,HAZARD,HAZARD_ON_ROAD,A5,2026-07-17 13:45:56,POINT(33.563247 34.907174)
2026-07-17T10:51:59Z,2d6cfa26-6621-4d15-838a-430cfc764cc8,HAZARD,HAZARD_ON_SHOULDER_CAR_STOPPED,A1,2026-07-17 13:32:21,POINT(33.380706 34.830454)
2026-07-17T10:51:59Z,46a47897-5f0f-442a-a835-6b3af50fecc0,HAZARD,HAZARD_ON_SHOULDER_CAR_STOPPED,A1,2026-07-17 13:41:46,POINT(33.377153 35.076038)
2026-07-17T10:51:59Z,1e8a8cc2-33ac-4bbe-a71f-8fe911705621,HAZARD,HAZARD_ON_SHOULDER_CAR_STOPPED,A5,2026-07-17 13:45:25,POINT(33.553133 34.903727)
2026-07-17T10:51:59Z,c405b3e2-2f58-4359-a55c-7cd526e81469,HAZARD,HAZARD_ON_SHOULDER_CAR_STOPPED,A2,2026-07-17 13:32:33,POINT(33.408324 34.999556)
2026-07-17T10:51:59Z,fc719280-6cf5-4778-a65a-213c0f894aa1,HAZARD,HAZARD_ON_SHOULDER_CAR_STOPPED,A1,2026-07-17 13:47:45,POINT(33.384954 35.045261)
2026-07-17T10:51:59Z,43c8a5e3-f500-4b45-8313-97de47581c61,HAZARD,HAZARD_ON_SHOULDER_CAR_STOPPED,A3,2026-07-17 13:49:02,POINT(33.679085 34.980362)
2026-07-17T10:51:59Z,cccb73e0-a452-478d-80da-e1a0493b0a80,HAZARD,HAZARD_ON_SHOULDER_CAR_STOPPED,A1,2026-07-17 13:01:32,POINT(33.401573 34.849031)
2026-07-17T10:51:59Z,42f10e40-0420-4326-92ec-b09e07a8aae6,HAZARD,HAZARD_ON_ROAD,A2,2026-07-17 13:50:08,POINT(33.429553 34.997932)
2026-07-17T10:51:59Z,5b4c1de7-d849-4992-86d5-93fb83d21586,HAZARD,HAZARD_ON_ROAD_LANE_CLOSED,A3,2026-07-17 13:51:31,POINT(33.852703 34.967397)
2026-07-17T11:07:37Z,7d6c5685-265c-434b-b8b0-17ed2e4738cc,HAZARD,HAZARD_ON_ROAD_POT_HOLE,Dimitri Aiginiti,2026-07-17 13:52:48,POINT(33.377257 35.122838)
2026-07-17T11:07:37Z,570d0e4b-c2d4-41ae-97cd-33f347d8a5ac,JAM,JAM_STAND_STILL_TRAFFIC,Smyrnis,2026-07-17 14:03:46,POINT(33.127204 34.710407)
2026-07-17T11:07:37Z,fa972c03-94b2-4f81-adf8-98860afa057d,JAM,JAM_HEAVY_TRAFFIC,Exit 92 > Archangelos Rdbt >B22(A1) Lemesos,2026-07-17 13:56:06,POINT(33.306775 35.134880)
2026-07-17T11:07:37Z,2ab8c2e4-2661-40ca-8077-059ec990a9e1,HAZARD,HAZARD_ON_ROAD_POT_HOLE,Dimitriou Papanikoli Ave,2026-07-17 14:06:11,POINT(33.620609 34.935995)
2026-07-17T11:07:37Z,6df829ea-0a70-4fb9-9296-255319176db3,HAZARD,HAZARD_ON_SHOULDER_CAR_STOPPED,to A2 > Larnaka / Larnaka Airport,2026-07-17 13:57:00,POINT(33.458964 34.992367)
2026-07-17T11:07:37Z,36b73e20-5196-4221-b52f-634d908c7ff6,HAZARD,HAZARD_ON_SHOULDER_CAR_STOPPED,Kyriakou Matsi Ave,2026-07-17 13:52:39,POINT(33.355437 35.159779)
2026-07-17T11:07:37Z,55f20fad-0b4b-4e50-bb9d-6f52cccfc207,HAZARD,HAZARD_ON_ROAD_CONSTRUCTION,E804,2026-07-17 13:52:11,POINT(32.834243 34.922201)
2026-07-17T11:07:37Z,21ff5d6b-8ab5-4430-a014-78ad49200bfd,HAZARD,HAZARD_ON_SHOULDER_CAR_STOPPED,E804,2026-07-17 13:53:03,POINT(32.832531 34.919272)
2026-07-17T11:07:37Z,95b7ac50-bbb1-4a30-836f-a5a5512309fb,HAZARD,HAZARD_ON_ROAD_LANE_CLOSED,Georgiou Griva Digeni,2026-07-17 14:06:42,POINT(33.065703 34.693960)
2026-07-17T11:07:37Z,634eff46-9c7a-4141-a105-e72a814e9d9c,HAZARD,HAZARD_ON_ROAD_CONSTRUCTION,E333 - 1 Apriliou,2026-07-17 14:04:01,POINT(33.903674 35.015248)
2026-07-17T11:07:37Z,48051a31-351f-43e5-ac1e-8724448c4010,HAZARD,HAZARD_ON_SHOULDER_CAR_STOPPED,B1 - Amathountos Ave,2026-07-17 14:02:47,POINT(33.134852 34.709611)
2026-07-17T11:07:37Z,1cc061c9-6677-410a-8865-36eb66e51416,HAZARD,HAZARD_ON_SHOULDER_CAR_STOPPED,B1 - Amathountos Ave,2026-07-17 14:07:03,POINT(33.107878 34.702847)
2026-07-17T11:07:37Z,3417de3d-9cf6-421a-807b-ee2ae8fa77f3,JAM,,Lemesou Ave,2026-07-17 13:54:13,POINT(33.374384 35.142288)
2026-07-17T11:07:37Z,7bd49109-68a0-49f0-a95f-e4f7f34b3cd3,JAM,JAM_STAND_STILL_TRAFFIC,Lemesou Ave,2026-07-17 14:04:14,POINT(33.374271 35.142343)
2026-07-17T11:07:37Z,da5ab281-2bd1-4757-a4f2-c657786cb1c5,HAZARD,HAZARD_ON_SHOULDER_CAR_STOPPED,B5 - Lemesou Ave,2026-07-17 13:56:48,POINT(33.570579 34.908437)
2026-07-17T11:07:37Z,e1b18903-104c-47b4-b813-aea1f058ee38,HAZARD,HAZARD_ON_ROAD_OBJECT,B5 - Lemesou Ave,2026-07-17 13:57:30,POINT(33.574122 34.908502)
2026-07-17T11:07:37Z,2986d177-9cef-49a3-b2ac-4fbfa76684d6,HAZARD,HAZARD_ON_ROAD_OBJECT,E202 - Spyrou Kyprianou Ave,2026-07-17 13:58:21,POINT(33.615008 34.930303)
2026-07-17T11:07:37Z,38987e9f-92cd-4831-956a-076462ac46f5,HAZARD,HAZARD_ON_ROAD_POT_HOLE,B18 - Georgiou Griva Digeni Ave,2026-07-17 14:06:17,POINT(33.352825 35.163700)
2026-07-17T11:07:37Z,da8f84b0-cc7e-4aa0-b76e-649e2a8bf762,HAZARD,HAZARD_ON_ROAD,A6,2026-07-17 14:02:45,POINT(32.788666 34.684675)
2026-07-17T11:07:37Z,1f3cc883-31c1-42b1-8cea-b5c6ca326abe,HAZARD,HAZARD_ON_SHOULDER_CAR_STOPPED,A6,2026-07-17 14:05:45,POINT(32.818637 34.690409)
2026-07-17T11:07:37Z,595bb9a5-1b89-419b-b75b-a3c8e4f11118,HAZARD,HAZARD_ON_SHOULDER_CAR_STOPPED,A6,2026-07-17 13:55:33,POINT(32.669525 34.675247)
2026-07-17T11:07:37Z,54ef2cd0-1fd2-43ff-a51e-98d86919771d,JAM,JAM_STAND_STILL_TRAFFIC,A1,2026-07-17 14:07:25,POINT(33.094290 34.706406)
2026-07-17T11:07:37Z,69c93303-13f8-463c-94c6-69287a57eb18,ACCIDENT,ACCIDENT_MAJOR,A1,2026-07-17 13:52:54,POINT(33.127386 34.712223)
2026-07-17T11:07:37Z,6706c5e3-b80a-44f4-a739-12b6d33fe03f,HAZARD,HAZARD_ON_SHOULDER_CAR_STOPPED,A1,2026-07-17 14:05:46,POINT(33.197654 34.722033)
2026-07-17T11:07:37Z,7567779d-0ad4-4034-bb49-3f1e6b24e7b0,HAZARD,HAZARD_ON_SHOULDER_CAR_STOPPED,A1,2026-07-17 13:56:37,POINT(33.142513 34.717246)
2026-07-17T11:07:37Z,27cb354c-cdbf-4a5c-9ea6-fe84fa17e1f4,HAZARD,HAZARD_ON_SHOULDER_CAR_STOPPED,A1,2026-07-17 14:00:30,POINT(33.169347 34.716248)
2026-07-17T11:07:37Z,d3f4440c-cb8b-4e0c-b746-0194885d8975,HAZARD,HAZARD_ON_SHOULDER_CAR_STOPPED,A1,2026-07-17 14:03:37,POINT(33.226484 34.733065)
2026-07-17T11:07:37Z,1b78c851-1fe0-4a73-9e30-a31fe20debda,JAM,,A1,2026-07-17 14:04:59,POINT(33.109254 34.707977)
2026-07-17T11:07:37Z,dc75fbda-974e-4b55-8a8f-eb28b9126176,HAZARD,HAZARD_ON_ROAD,A1,2026-07-17 14:04:13,POINT(33.381512 34.830918)
2026-07-17T11:07:37Z,735972d8-b6c4-4ba4-a54e-881479b661ae,HAZARD,HAZARD_ON_ROAD,A1,2026-07-17 14:04:21,POINT(33.379849 34.829694)
2026-07-17T11:07:37Z,256fbc9a-0099-4687-8475-90b7f5d19f22,HAZARD,HAZARD_ON_SHOULDER_CAR_STOPPED,A1,2026-07-17 13:53:24,POINT(33.377164 35.080803)
2026-07-17T11:07:37Z,92ddd77e-c958-4d14-a85c-1d466bd1b537,HAZARD,HAZARD_ON_SHOULDER_CAR_STOPPED,A22,2026-07-17 14:03:32,POINT(33.347935 35.075632)
2026-07-17T11:07:37Z,5c6fc3db-2335-4580-845d-07a4909003cc,HAZARD,HAZARD_ON_SHOULDER_CAR_STOPPED,A1,2026-07-17 13:53:58,POINT(33.377201 35.078927)
2026-07-17T11:07:37Z,18e72e31-0a57-48ba-bf18-b03bd0a0e3c0,HAZARD,HAZARD_ON_SHOULDER_CAR_STOPPED,A1,2026-07-17 13:57:13,POINT(33.377960 35.067375)
2026-07-17T11:07:37Z,286bece6-7b9f-44ea-a8b7-89b0e9ad2e6e,HAZARD,HAZARD_ON_SHOULDER_CAR_STOPPED,A3,2026-07-17 14:03:21,POINT(33.584498 34.890052)
2026-07-17T11:07:37Z,d037adec-ebce-43ff-93c7-3cf277d140ae,HAZARD,HAZARD_ON_SHOULDER_CAR_STOPPED,A2,2026-07-17 13:55:24,POINT(33.545868 34.970996)
2026-07-17T11:07:37Z,a96d08b0-f8b5-4def-809e-d934a8c81f6b,HAZARD,HAZARD_ON_SHOULDER_CAR_STOPPED,A3,2026-07-17 14:06:42,POINT(33.643176 34.967086)
2026-07-17T11:07:37Z,e278cbc4-50e1-4557-8d50-57bf1209c574,HAZARD,HAZARD_ON_SHOULDER_CAR_STOPPED,A1,2026-07-17 13:57:42,POINT(33.402029 34.839946)
2026-07-17T11:07:37Z,dec555a4-056b-45f5-9cb0-d9552037e77c,HAZARD,HAZARD_ON_SHOULDER_CAR_STOPPED,A1,2026-07-17 14:04:25,POINT(33.400014 34.839102)
2026-07-17T11:07:37Z,9704f092-fc04-48f6-9713-db43df53590a,HAZARD,HAZARD_ON_ROAD_LANE_CLOSED,A3,2026-07-17 14:07:37,POINT(33.626808 34.964003)
2026-07-17T11:07:37Z,2d818eab-b3e6-414c-8b49-07db57a564f8,HAZARD,HAZARD_ON_ROAD,A3,2026-07-17 14:00:13,POINT(33.592990 34.882570)
2026-07-17T11:07:37Z,7d6e2b04-6b91-43c0-9b74-6b0b407fc85d,HAZARD,HAZARD_ON_SHOULDER_CAR_STOPPED,A2,2026-07-17 13:58:15,POINT(33.514324 34.982805)
2026-07-17T11:07:37Z,994e6816-34c0-41fd-adf4-daab233e4023,HAZARD,HAZARD_ON_SHOULDER_CAR_STOPPED,A3,2026-07-17 13:53:20,POINT(33.718867 35.007121)
2026-07-17T11:07:37Z,c97d3eef-f575-44e9-8aca-bebaa39ea5f6,HAZARD,HAZARD_ON_SHOULDER_CAR_STOPPED,A3,2026-07-17 13:52:48,POINT(33.850813 34.967482)
2026-07-17T12:20:38Z,0b0b4dd4-8cd9-40c2-8f64-13a7d615d4f9,HAZARD,HAZARD_ON_ROAD_LANE_CLOSED,,2026-07-17 15:15:10,POINT(32.408414 34.787654)
2026-07-17T12:20:38Z,50af8fc2-eb60-4ff4-b9e8-f58c6bec6f49,HAZARD,HAZARD_ON_SHOULDER_CAR_STOPPED,Matthaiou Matthaiou,2026-07-17 15:11:49,POINT(33.069294 34.707036)
2026-07-17T12:20:38Z,bc04a236-7c35-4f98-a2b2-5d29adbbf9e2,HAZARD,HAZARD_ON_ROAD_LANE_CLOSED,Iapetou,2026-07-17 15:12:18,POINT(33.069633 34.705067)
2026-07-17T12:20:38Z,6e056050-d81b-4821-9f26-ff0aa17bf823,JAM,JAM_HEAVY_TRAFFIC,Charalambou Michail,2026-07-17 15:07:54,POINT(33.373641 35.149257)
2026-07-17T12:20:38Z,50270fdb-6f0d-450d-9c4b-cf8296a3b05c,HAZARD,HAZARD_ON_ROAD_CONSTRUCTION,,2026-07-17 15:09:34,POINT(33.315821 35.112570)
2026-07-17T12:20:38Z,ca86f1e8-60a4-41b3-bb46-82f631b4793f,JAM,JAM_STAND_STILL_TRAFFIC,Kosti Palama,2026-07-17 15:10:19,POINT(33.374782 35.141715)
2026-07-17T12:20:38Z,83b57a42-44db-45f2-a7fd-576c6d9c1e65,HAZARD,HAZARD_WEATHER,Thermopylon,2026-07-17 15:06:07,POINT(33.362124 35.150594)
2026-07-17T12:20:38Z,237b32b4-848b-480c-887f-7ab5ecb2d0c9,JAM,JAM_STAND_STILL_TRAFFIC,Antistratigou Evangelou Floraki,2026-07-17 15:14:02,POINT(33.376357 35.144809)
2026-07-17T12:20:38Z,efd48665-1337-4508-9ca3-2f1dc77d2327,HAZARD,HAZARD_ON_ROAD,Karditsis,2026-07-17 15:06:16,POINT(33.607577 34.912227)
2026-07-17T12:20:38Z,96cd753f-bf4b-476c-a301-5707d8f0a828,JAM,JAM_HEAVY_TRAFFIC,Exit 27 >E110 Agia Fylaxi / Agros / Tsirio Stadium / Lemesos-Centre,2026-07-17 15:09:28,POINT(33.031274 34.704805)
2026-07-17T12:20:38Z,504956eb-4bbd-4eaa-b790-791936a3754d,JAM,JAM_HEAVY_TRAFFIC,Exit 27 >E110 Agia Fylaxi / Agros / Tsirio Stadium / Lemesos-Centre,2026-07-17 15:10:45,POINT(33.027867 34.704497)
2026-07-17T12:20:38Z,e1496b1f-d063-4c93-8ad4-4ed203f250eb,ACCIDENT,,Leonida Papakosta,2026-07-17 15:11:06,POINT(32.407632 34.800062)
2026-07-17T12:20:38Z,21c42a6e-4ab0-43a1-8777-fde9a1b9b7ca,HAZARD,HAZARD_ON_SHOULDER_CAR_STOPPED,Exit 28 >B8 (A8) Troodos / Lemesos Centre / E142 Polemidia,2026-07-17 14:29:14,POINT(33.015672 34.695913)
2026-07-17T12:20:38Z,87f300d2-df1b-466e-94a6-e201f5a72823,ACCIDENT,ACCIDENT_MAJOR,Agias Zonis,2026-07-17 15:19:23,POINT(33.044137 34.685289)
2026-07-17T12:20:38Z,ef5d2a5e-30c6-4057-bd9c-00dccbf6484d,HAZARD,HAZARD_ON_ROAD_CONSTRUCTION,F818 - Nikou Evagorou,2026-07-17 14:46:37,POINT(32.998519 34.745459)
2026-07-17T12:20:38Z,b17f6ddb-6439-4a98-9f20-2688d5f06955,JAM,JAM_STAND_STILL_TRAFFIC,> B8 (A8) Troodos / Lemesos Centre / E142 Polemidia,2026-07-17 15:07:48,POINT(33.010747 34.691397)
2026-07-17T12:20:38Z,25ffa52a-5371-4d1a-9c64-a6f883994bcd,JAM,JAM_HEAVY_TRAFFIC,Exit 24 > E127 Germasogeia / E113 Lemesos Centre,2026-07-17 14:49:52,POINT(33.084365 34.708973)
2026-07-17T12:20:38Z,c0169424-d69a-4abb-a2c7-cd2b45558ea3,HAZARD,HAZARD_ON_SHOULDER_CAR_STOPPED,Michali Zavou,2026-07-17 15:06:37,POINT(33.068105 34.708454)
2026-07-17T12:20:38Z,c6cfe841-1880-475c-abe2-3711c3776651,HAZARD,HAZARD_ON_SHOULDER_CAR_STOPPED,Archiepiskopou Kyprianou Ave,2026-07-17 14:53:45,POINT(33.343243 35.149866)
2026-07-17T12:20:38Z,0dc4dff3-9f76-4c5d-bb3c-737930e38b2e,JAM,JAM_STAND_STILL_TRAFFIC,Exit 92 > Archangelos Rdbt >B22(A1) Lemesos,2026-07-17 14:48:46,POINT(33.306733 35.134851)
2026-07-17T12:20:38Z,d62e0cfa-249f-4b3e-b653-ca1ba0f3f8ea,JAM,JAM_STAND_STILL_TRAFFIC,Adamantiou Korai,2026-07-17 14:48:52,POINT(33.352913 35.149005)
2026-07-17T12:20:38Z,35fd3695-0ba2-4e9a-9554-829d3136c3ea,HAZARD,HAZARD_ON_SHOULDER_CAR_STOPPED,,2026-07-17 14:23:03,POINT(33.414617 34.949627)
2026-07-17T12:20:38Z,3758b342-2ddb-4a14-96ee-ab7976be7c24,ACCIDENT,,E1003 - Agiou Pavlou Ave,2026-07-17 15:15:31,POINT(33.339719 35.176743)
2026-07-17T12:20:38Z,64a02c59-435f-4e03-a90c-837d805eb15d,JAM,JAM_HEAVY_TRAFFIC,,2026-07-17 15:15:48,POINT(33.373173 35.162770)
2026-07-17T12:20:38Z,071409cb-e9be-4e43-b4ae-505a37ba91bd,JAM,JAM_HEAVY_TRAFFIC,Agias Filaxeos,2026-07-17 15:17:12,POINT(33.029243 34.701409)
2026-07-17T12:20:38Z,889175b2-d0a9-49df-9791-975508566fe2,JAM,JAM_STAND_STILL_TRAFFIC,E114 - Archiepiskopou Makariou III Ave,2026-07-17 15:20:02,POINT(33.045873 34.700887)
2026-07-17T12:20:38Z,080ea7ba-2ee2-455c-a771-9f6b95872935,JAM,,E109,2026-07-17 15:15:26,POINT(33.163269 34.717246)
2026-07-17T12:20:38Z,5a240eaf-4cad-4e6d-a6cf-54bb506db43d,JAM,JAM_HEAVY_TRAFFIC,E102,2026-07-17 15:09:07,POINT(33.351858 35.014171)
2026-07-17T12:20:38Z,24792bb2-65a5-4c54-8a8e-dd2690b1c265,JAM,JAM_HEAVY_TRAFFIC,E102,2026-07-17 15:09:55,POINT(33.350966 35.013739)
2026-07-17T12:20:38Z,bd3b72d8-6376-4efe-988d-275a673b3d50,HAZARD,HAZARD_ON_SHOULDER_CAR_STOPPED,E120,2026-07-17 15:12:29,POINT(33.378163 35.052755)
2026-07-17T12:20:38Z,d2919e1e-92b8-4185-844e-b3888d9b88ff,JAM,,Lemesou Ave,2026-07-17 15:08:08,POINT(33.374198 35.144448)
2026-07-17T12:20:38Z,ec626e33-bed9-4066-aa18-775c9d7a5029,JAM,JAM_STAND_STILL_TRAFFIC,E116 - Athalassis Ave,2026-07-17 14:55:55,POINT(33.374318 35.140230)
2026-07-17T12:20:38Z,a965fea3-f0a7-4d67-9445-337c4a87a975,JAM,,Leoforos Tseriou,2026-07-17 14:47:42,POINT(33.332724 35.115581)
2026-07-17T12:20:38Z,4418ee2f-ce39-4c78-928d-abbab2b9782f,ACCIDENT,,E101 - Demetris Christophias Ave,2026-07-17 15:18:34,POINT(33.380439 35.137661)
2026-07-17T12:20:38Z,ea8291da-0311-425b-b445-ec13562c31d1,JAM,JAM_HEAVY_TRAFFIC,E951 - Agiou Georgiou Ave,2026-07-17 15:12:36,POINT(33.290076 35.113660)
2026-07-17T12:20:38Z,8293fa5b-3e68-46d8-9d3a-d878ad32b41b,ACCIDENT,,E951 - Agiou Georgiou Ave,2026-07-17 15:12:40,POINT(33.290081 35.113656)
2026-07-17T12:20:38Z,2c2c2d23-10fb-42a5-b177-57d9c697a81f,HAZARD,HAZARD_ON_SHOULDER_CAR_STOPPED,Leoforos Tseriou,2026-07-17 15:15:53,POINT(33.332481 35.113467)
2026-07-17T12:20:38Z,ab673cd1-06ac-4c3f-b6a2-98127be3f3d9,HAZARD,HAZARD_ON_ROAD_POT_HOLE,Dimitri Stavrou,2026-07-17 14:56:59,POINT(33.387890 35.098928)
2026-07-17T12:20:38Z,f89e1734-8b30-484f-9363-8cb8cd03da53,JAM,JAM_STAND_STILL_TRAFFIC,E116 - Athalassis Ave,2026-07-17 15:00:38,POINT(33.371018 35.141421)
2026-07-17T12:20:38Z,e0e2a568-2c50-46a9-864a-04b8cac99754,JAM,JAM_HEAVY_TRAFFIC,E903 - Anthoupoleos-Palaichoriou Ave,2026-07-17 15:04:04,POINT(33.297148 35.127522)
2026-07-17T12:20:38Z,78c7c728-532a-4abc-b265-5bd07bce0766,JAM,JAM_HEAVY_TRAFFIC,Leoforos Tseriou,2026-07-17 14:50:23,POINT(33.332605 35.114947)
2026-07-17T12:20:38Z,5036708a-a7a7-4f79-8b1e-8e980a2d9f11,JAM,JAM_HEAVY_TRAFFIC,E101 - Demetris Christophias Ave,2026-07-17 14:47:36,POINT(33.386774 35.139845)
2026-07-17T12:20:38Z,68366883-6a1b-42a3-9eff-44c18cd97829,JAM,JAM_HEAVY_TRAFFIC,E903 - Anthoupoleos-Palaichoriou Ave,2026-07-17 15:13:35,POINT(33.291243 35.124243)
2026-07-17T12:20:38Z,79ad45dc-7921-42d0-b336-6595d92e38da,JAM,JAM_HEAVY_TRAFFIC,E903 - Anthoupoleos-Palaichoriou Ave,2026-07-17 15:16:24,POINT(33.289671 35.120964)
2026-07-17T12:20:38Z,13ee4ca7-89af-4bc5-968c-1654fe005279,JAM,JAM_HEAVY_TRAFFIC,E1302 - Akropoleos Ave,2026-07-17 15:16:41,POINT(33.358826 35.153875)
2026-07-17T12:20:38Z,694f6f8a-2618-4bd3-8e1f-251b8f5ae0ab,HAZARD,HAZARD_ON_SHOULDER_CAR_STOPPED,E322,2026-07-17 15:07:54,POINT(33.542938 35.050170)
2026-07-17T12:20:38Z,79d76592-59ca-4412-bf95-1d1ed2c840b8,ACCIDENT,,Kallipoleos Ave,2026-07-17 15:12:39,POINT(33.373849 35.162936)
2026-07-17T12:20:38Z,77b28753-b062-49c2-895e-e8c0afa6ee9b,JAM,JAM_HEAVY_TRAFFIC,Kallipoleos Ave,2026-07-17 15:18:35,POINT(33.373728 35.163202)
2026-07-17T12:20:38Z,bd9b7b2e-426b-47d5-a5d4-26136cced6b2,ACCIDENT,,Kallipoleos Ave,2026-07-17 15:19:59,POINT(33.374150 35.162263)
2026-07-17T12:20:38Z,767ed313-38d8-4491-b932-b39c0c00d64a,HAZARD,HAZARD_ON_SHOULDER_CAR_STOPPED,E348,2026-07-17 15:14:56,POINT(33.928945 34.987503)
2026-07-17T12:20:38Z,585b9c02-6a63-4ade-8b65-f63e03baed9c,HAZARD,HAZARD_ON_SHOULDER_CAR_STOPPED,E330 - Agiou Panteleimonos,2026-07-17 15:00:25,POINT(34.010885 35.025112)
2026-07-17T12:20:38Z,43ae8c2b-6264-471a-8278-6ee952841757,HAZARD,HAZARD_ON_ROAD_CONSTRUCTION,Spyrou Kyprianou Ave,2026-07-17 15:18:31,POINT(33.041009 34.697932)
2026-07-17T12:20:38Z,e5fa03ea-c548-4142-baca-34e40c94e01e,HAZARD,HAZARD_ON_ROAD_OBJECT,B8,2026-07-17 15:17:25,POINT(32.954583 34.758324)
2026-07-17T12:20:38Z,961b5517-92b3-41d3-98e5-1c92298dfeb8,HAZARD,HAZARD_ON_ROAD_CONSTRUCTION,B7,2026-07-17 14:48:24,POINT(32.469699 34.840108)
2026-07-17T12:20:38Z,bc278365-cf61-47a1-859d-351a99e79881,JAM,JAM_STAND_STILL_TRAFFIC,B1 - Amathountos Ave,2026-07-17 14:56:05,POINT(33.129921 34.710123)
2026-07-17T12:20:38Z,3e45d636-94b0-4df8-b47e-55c05fffd640,JAM,JAM_HEAVY_TRAFFIC,B1 - Amathountos Ave,2026-07-17 15:00:43,POINT(33.154420 34.714240)
2026-07-17T12:20:38Z,dbc0a2e7-bfb5-4666-a275-7eb6d7e59fc9,HAZARD,HAZARD_ON_ROAD_LANE_CLOSED,28 Oktovriou,2026-07-17 15:05:12,POINT(33.064723 34.686761)
2026-07-17T12:20:38Z,d029fef1-c6a6-4adb-97c2-606f57d08d4a,HAZARD,HAZARD_ON_ROAD_OBJECT,Agiou Athanasiou Ave,2026-07-17 15:14:36,POINT(33.060456 34.700628)
2026-07-17T12:20:38Z,e9d396b2-4180-4002-bc55-7078d341522f,JAM,JAM_STAND_STILL_TRAFFIC,B1 - Amathountos Ave,2026-07-17 14:54:08,POINT(33.160753 34.714540)
2026-07-17T12:20:38Z,7497f03a-7fd1-4d5e-acf0-96f7a92e6dc1,HAZARD,HAZARD_ON_ROAD_CONSTRUCTION,Spyrou Kyprianou Ave,2026-07-17 15:15:48,POINT(33.054122 34.698526)
2026-07-17T12:20:38Z,d46ddc7d-59cc-487c-9190-add9c1f2ddca,JAM,JAM_HEAVY_TRAFFIC,Spyrou Kyprianou Ave,2026-07-17 15:16:32,POINT(33.047779 34.698298)
2026-07-17T12:20:38Z,3591f8da-db9e-4170-b736-6ffa4fe9f17b,HAZARD,HAZARD_ON_ROAD_CONSTRUCTION,Agiou Athanasiou Ave,2026-07-17 15:13:29,POINT(33.060512 34.705055)
2026-07-17T12:20:38Z,69cae48d-c84c-4b02-97a9-e6dffacd1c8e,HAZARD,HAZARD_ON_ROAD_LANE_CLOSED,Spyrou Kyprianou Ave,2026-07-17 15:15:01,POINT(33.059935 34.699837)
2026-07-17T12:20:38Z,03878558-333e-456f-844b-21824e0e84c4,JAM,JAM_HEAVY_TRAFFIC,B1 - Amathountos Ave,2026-07-17 14:53:35,POINT(33.127975 34.709948)
2026-07-17T12:20:38Z,5c8af33d-1ab4-4ee4-b871-ef2f973704c9,JAM,JAM_HEAVY_TRAFFIC,B1 - Amathountos Ave,2026-07-17 14:55:03,POINT(33.129137 34.710203)
2026-07-17T12:20:38Z,5b04128a-355a-4c00-88eb-8b9126429172,JAM,JAM_HEAVY_TRAFFIC,B22 - Spyrou Kyprianou Ave,2026-07-17 14:52:59,POINT(33.339241 35.121573)
2026-07-17T12:20:38Z,73da7541-eff2-4210-b669-e8833e81d23c,JAM,,B22 - Spyrou Kyprianou Ave,2026-07-17 14:53:22,POINT(33.340857 35.122147)
2026-07-17T12:20:38Z,3bbf6bfc-c601-424b-9384-6b288fa8ce2b,JAM,JAM_HEAVY_TRAFFIC,B9 - Archangelou Michail Ave,2026-07-17 14:53:46,POINT(33.325930 35.148465)
2026-07-17T12:20:38Z,fad7a392-0d19-4158-b40b-0c2eb47e1127,JAM,JAM_HEAVY_TRAFFIC,B22 - Spyrou Kyprianou Ave,2026-07-17 14:58:37,POINT(33.362704 35.128906)
2026-07-17T12:20:38Z,f73427af-b882-4988-bc47-26e21ca017dd,JAM,JAM_HEAVY_TRAFFIC,B22 - Spyrou Kyprianou Ave,2026-07-17 14:58:58,POINT(33.326318 35.124915)
2026-07-17T12:20:38Z,f20336ee-193f-4247-9b6f-f6f085a14ef7,HAZARD,HAZARD_ON_SHOULDER_CAR_STOPPED,Lemesou Ave,2026-07-17 15:09:08,POINT(33.374459 35.150430)
2026-07-17T12:20:38Z,6a28d2b3-0f10-4021-a3ef-91d91f8a68c8,JAM,JAM_STAND_STILL_TRAFFIC,B9 - Archangelou Michail Ave,2026-07-17 15:17:07,POINT(33.329056 35.152921)
2026-07-17T12:20:38Z,e7acff5a-6316-44c7-9f87-262487250d3d,HAZARD,HAZARD_ON_SHOULDER_CAR_STOPPED,B9 - Archangelou Michail Ave,2026-07-17 15:03:20,POINT(33.329507 35.153421)
2026-07-17T12:20:38Z,992f45ec-7a78-4824-a7b1-4e88a277af37,JAM,,Lemesou Ave,2026-07-17 15:09:50,POINT(33.374299 35.148048)
2026-07-17T12:20:38Z,046d4dc6-0757-4219-9567-8671b154a16f,JAM,JAM_HEAVY_TRAFFIC,B1 - Lemesou Ave,2026-07-17 15:12:17,POINT(33.388028 35.051964)
2026-07-17T12:20:38Z,208631a2-20ff-42d0-abe5-2d3466b85e63,JAM,,B22 - Spyrou Kyprianou Ave,2026-07-17 15:05:56,POINT(33.355415 35.127074)
2026-07-17T12:20:38Z,72073687-0e08-4444-9767-9c3361c73f7c,JAM,JAM_STAND_STILL_TRAFFIC,Lemesou Ave,2026-07-17 15:15:14,POINT(33.374595 35.141020)
2026-07-17T12:20:38Z,361642eb-7825-4777-9fff-f17f70bfcacd,JAM,JAM_HEAVY_TRAFFIC,E928 - Iroon Ave,2026-07-17 14:46:31,POINT(33.308479 35.153787)
2026-07-17T12:20:38Z,b56a914b-1938-4b75-96b6-187b9af6b657,JAM,JAM_HEAVY_TRAFFIC,B22 - Spyrou Kyprianou Ave,2026-07-17 14:51:01,POINT(33.364334 35.128705)
2026-07-17T12:20:38Z,159d967d-4a54-4966-810d-523883da7be1,JAM,,Lemesou Ave,2026-07-17 14:51:12,POINT(33.374764 35.152247)
2026-07-17T12:20:38Z,e250823d-3a51-466d-9349-359af7441136,HAZARD,HAZARD_ON_ROAD_LANE_CLOSED,B3 - Ammochostou,2026-07-17 15:15:40,POINT(33.642384 34.941151)
2026-07-17T12:20:38Z,c7dc0eca-ea75-4938-b54b-69af8369265d,HAZARD,HAZARD_ON_SHOULDER_CAR_STOPPED,,2026-07-17 15:16:22,POINT(33.573788 34.953053)
2026-07-17T12:20:38Z,3e0b1d08-ade2-4180-8bc1-ed1e6304eb38,HAZARD,HAZARD_ON_SHOULDER_CAR_STOPPED,Akropoleos Ave,2026-07-17 15:16:31,POINT(33.573721 34.952085)
2026-07-17T12:20:38Z,e970e732-b556-4db4-b224-5ed87f749395,HAZARD,HAZARD_ON_SHOULDER_CAR_STOPPED,,2026-07-17 15:19:22,POINT(33.573812 34.952624)
2026-07-17T12:20:38Z,95de22e8-fe3b-4ad7-87a9-cfb0e6d87d19,JAM,,Eleftherias Ave,2026-07-17 15:08:46,POINT(33.597756 34.931444)
2026-07-17T12:20:38Z,084b61f9-be55-46f5-964e-88ca3c787469,HAZARD,HAZARD_ON_ROAD_LANE_CLOSED,B3,2026-07-17 15:14:10,POINT(33.648514 34.950594)
2026-07-17T12:20:38Z,15bbb518-7e50-4314-8f93-3487be29a1b8,JAM,JAM_HEAVY_TRAFFIC,B18 - Georgiou Griva Digeni Ave,2026-07-17 15:09:31,POINT(33.351605 35.163946)
2026-07-17T12:20:38Z,d0388164-8ab9-4dd0-88b0-38eea68cc4b3,JAM,JAM_HEAVY_TRAFFIC,B18 - Georgiou Griva Digeni Ave,2026-07-17 15:16:31,POINT(33.361474 35.163786)
2026-07-17T12:20:38Z,013c4a3c-379e-4ad1-860f-5b843a3e7128,ACCIDENT,,E928 - Iroon Ave,2026-07-17 15:06:58,POINT(33.309722 35.156888)
2026-07-17T12:20:38Z,20c17bcd-7e55-471c-86b6-abda63dc94b1,JAM,JAM_HEAVY_TRAFFIC,B18 - Georgiou Griva Digeni Ave,2026-07-17 14:51:21,POINT(33.355624 35.163362)
2026-07-17T12:20:38Z,81b28cd9-610d-4112-a8e0-7fa1e8ccc6a3,JAM,,B18 - Georgiou Griva Digeni Ave,2026-07-17 14:52:50,POINT(33.339989 35.160811)
2026-07-17T12:20:38Z,2019504d-4b05-4a14-92d5-b81c79596239,JAM,JAM_STAND_STILL_TRAFFIC,E928 - Iroon Ave,2026-07-17 15:07:04,POINT(33.309500 35.156499)
2026-07-17T12:20:38Z,ee7233ba-0695-4546-b746-9c8a75197c98,HAZARD,HAZARD_ON_SHOULDER_CAR_STOPPED,E324 - Spyrou Kyprianou,2026-07-17 14:23:24,POINT(34.010777 35.031286)
2026-07-17T12:20:38Z,2472503a-08d4-424e-abdd-03c078de9dac,HAZARD,HAZARD_ON_SHOULDER_CAR_STOPPED,A6,2026-07-17 15:19:28,POINT(32.770184 34.682762)
2026-07-17T12:20:38Z,08318e3b-1f6e-4f38-a6b6-64adfb30ac75,HAZARD,HAZARD_ON_SHOULDER_CAR_STOPPED,A6,2026-07-17 15:16:55,POINT(32.844546 34.701104)
2026-07-17T12:20:38Z,1f121aff-2b58-4717-b351-86efdd1ad029,HAZARD,HAZARD_ON_SHOULDER_CAR_STOPPED,A8,2026-07-17 15:03:38,POINT(32.990164 34.719449)
2026-07-17T12:20:38Z,612382aa-ed07-4e78-850e-e5570433744e,JAM,JAM_STAND_STILL_TRAFFIC,A1,2026-07-17 14:55:58,POINT(33.018327 34.698789)
2026-07-17T12:20:38Z,5421ad52-f922-438a-9651-040fccafdb36,HAZARD,HAZARD_ON_SHOULDER_CAR_STOPPED,A1,2026-07-17 15:13:35,POINT(33.170256 34.716394)
2026-07-17T12:20:38Z,14c292f8-40a3-47f6-936a-92a8d9caa82b,HAZARD,HAZARD_ON_SHOULDER_CAR_STOPPED,A1,2026-07-17 15:07:31,POINT(33.093638 34.706469)
2026-07-17T12:20:38Z,cd6fce7a-d135-4fe5-9902-22dad79a0ba4,HAZARD,HAZARD_ON_SHOULDER_CAR_STOPPED,A1,2026-07-17 15:06:22,POINT(33.309682 34.752424)
2026-07-17T12:20:38Z,d11d2d0b-5f91-4890-b17f-314eab16069a,JAM,JAM_HEAVY_TRAFFIC,A1,2026-07-17 15:16:52,POINT(33.082963 34.709199)
2026-07-17T12:20:38Z,973c29ac-6966-41df-b8e7-11a0debde3c2,JAM,JAM_STAND_STILL_TRAFFIC,A1,2026-07-17 15:16:54,POINT(33.311970 34.753334)
2026-07-17T12:20:38Z,48cfcf20-814b-43fa-a1fa-ac65ab6eea99,JAM,JAM_STAND_STILL_TRAFFIC,A1,2026-07-17 14:58:40,POINT(33.095003 34.706338)
2026-07-17T12:20:38Z,bc33e9d4-4edf-4ca2-b85b-40c7dada8658,JAM,JAM_HEAVY_TRAFFIC,A1,2026-07-17 15:14:44,POINT(33.292482 34.745655)
2026-07-17T12:20:38Z,00913163-fd89-44d6-9938-7bbe9c97c091,JAM,JAM_STAND_STILL_TRAFFIC,A1,2026-07-17 14:58:01,POINT(33.087834 34.707840)
2026-07-17T12:20:38Z,bfe10efd-5842-4c24-bcc2-7e8b9ead5f43,JAM,JAM_HEAVY_TRAFFIC,A1,2026-07-17 15:06:26,POINT(33.070101 34.708489)
2026-07-17T12:20:38Z,ddfc7628-d676-4c7e-a67a-1a8935032183,JAM,JAM_STAND_STILL_TRAFFIC,A1,2026-07-17 15:18:08,POINT(33.326220 34.760838)
2026-07-17T12:20:38Z,7ba3b8a6-f477-4ae2-bd0c-807aea6daabd,HAZARD,HAZARD_ON_ROAD_LANE_CLOSED,A1,2026-07-17 15:06:58,POINT(33.309178 34.752225)
2026-07-17T12:20:38Z,259a185d-df05-48be-b727-9b928a2b6fdf,HAZARD,HAZARD_ON_SHOULDER_CAR_STOPPED,A1,2026-07-17 15:19:35,POINT(33.203180 34.722326)
2026-07-17T12:20:38Z,91857130-8d85-4538-95ac-49fd4f904d0a,HAZARD,HAZARD_ON_SHOULDER_CAR_STOPPED,A1,2026-07-17 15:19:40,POINT(33.286353 34.740686)
2026-07-17T12:20:38Z,8c85e160-a587-4cf0-bf87-1ec9ae57397f,HAZARD,HAZARD_ON_SHOULDER_CAR_STOPPED,A3,2026-07-17 15:05:58,POINT(33.700870 34.999511)
2026-07-17T12:20:38Z,e5215d62-a5d5-44bc-955a-1fe9e87274bd,JAM,,A1,2026-07-17 15:13:02,POINT(33.382503 34.831860)
2026-07-17T12:20:38Z,d9f8b6ee-5352-48f3-960f-8742d0010afb,HAZARD,HAZARD_ON_SHOULDER_CAR_STOPPED,A1,2026-07-17 15:13:39,POINT(33.384571 35.010879)
2026-07-17T12:20:38Z,dee3f3bf-73fc-482b-acdf-bd65d4652ff9,HAZARD,HAZARD_ON_SHOULDER_CAR_STOPPED,A5,2026-07-17 15:17:07,POINT(33.564982 34.907308)
2026-07-17T12:20:38Z,bbcf12a7-7f64-47b0-a263-290d97be2420,HAZARD,HAZARD_ON_SHOULDER_CAR_STOPPED,A1,2026-07-17 15:19:32,POINT(33.402777 34.840507)
2026-07-17T12:20:38Z,c58a099d-ecd6-489b-bfd9-3d3475ce954d,HAZARD,HAZARD_ON_SHOULDER_CAR_STOPPED,A2,2026-07-17 15:10:56,POINT(33.541902 34.972668)
2026-07-17T12:20:38Z,db4285a9-ac5d-4ce0-91c3-6a2a39b502c0,HAZARD,HAZARD_ON_SHOULDER_CAR_STOPPED,A3,2026-07-17 15:20:05,POINT(33.688680 34.984663)
2026-07-17T12:20:38Z,e8333ab8-a097-4c4c-bac9-960f556b27df,HAZARD,HAZARD_ON_SHOULDER_CAR_STOPPED,A3,2026-07-17 15:00:13,POINT(33.591200 34.884217)
2026-07-17T12:20:38Z,182540e8-52a4-4fb4-8074-e9ba64cb26db,HAZARD,HAZARD_ON_ROAD,A2,2026-07-17 15:20:05,POINT(33.550766 34.969059)
2026-07-17T12:20:38Z,d557b0ab-b653-4736-a736-327c9966ed72,HAZARD,HAZARD_ON_SHOULDER_CAR_STOPPED,A22,2026-07-17 15:17:12,POINT(33.377637 35.058780)
2026-07-17T12:20:38Z,5133c6eb-78e2-4e77-a117-75bff5f80fb0,HAZARD,HAZARD_ON_SHOULDER_CAR_STOPPED,A3,2026-07-17 15:16:33,POINT(33.737308 35.006547)
2026-07-17T12:20:38Z,5415b624-a4e9-47e7-8488-60b9de75b664,ACCIDENT,,A3,2026-07-17 15:16:50,POINT(33.590413 34.885029)
2026-07-17T12:20:38Z,d040adf9-83db-498f-8ee9-d12f602a6be4,HAZARD,HAZARD_ON_SHOULDER_CAR_STOPPED,A2,2026-07-17 14:58:55,POINT(33.512476 34.983805)
2026-07-17T12:20:38Z,9fad1cd2-11f5-43ba-9dfa-bc13c42ab961,HAZARD,HAZARD_ON_SHOULDER_CAR_STOPPED,A1,2026-07-17 15:07:31,POINT(33.381376 35.029088)
2026-07-17T12:20:38Z,ec3db4bc-6080-4470-a206-bbe79f488e0e,HAZARD,HAZARD_ON_SHOULDER_CAR_STOPPED,A2,2026-07-17 15:13:08,POINT(33.463118 34.990461)
2026-07-17T12:20:38Z,179ad742-5419-457f-9bd0-bd0f432f2d7f,HAZARD,HAZARD_ON_SHOULDER_CAR_STOPPED,A1,2026-07-17 15:08:39,POINT(33.399185 34.894376)
2026-07-17T12:20:38Z,716fa2ec-443b-4019-9d83-99824dd3463f,HAZARD,HAZARD_ON_ROAD_OBJECT,A9,2026-07-17 15:02:30,POINT(33.312437 35.137990)
2026-07-17T12:20:38Z,e7810690-a7ae-4a05-81de-d902870887f5,HAZARD,HAZARD_ON_SHOULDER_CAR_STOPPED,A3,2026-07-17 15:19:18,POINT(33.874369 34.974159)
2026-07-17T12:20:38Z,b61932c7-eabc-402c-9c16-acdf45c4227d,HAZARD,HAZARD_ON_SHOULDER_CAR_STOPPED,A3,2026-07-17 15:01:14,POINT(33.885412 34.976602)
2026-07-17T12:20:38Z,76d23b15-fa87-4ad4-afba-8ce5ba9bdaca,HAZARD,HAZARD_ON_SHOULDER_CAR_STOPPED,A3,2026-07-17 15:16:16,POINT(33.995338 35.002483)
